seller_gstin,buyer_gstin,amount,date,goods_description,has_eway_bill
32CMSLO2200R6Z5,36HIWMV4627A6ZF,146476.95,2016-03-29,Raw cotton bales,true
19WSEJA6123K9ZZ,19FQVDH2460H4ZO,1796300.79,2016-06-09,Raw rubber sheets,true
29GOJDW2619G6ZM,07IHIOC8713E8ZN,284684.78,2016-07-09,Assembled pump units,true
24SORHP9066Z2ZO,33GUQQC4750Y8Z5,24251.60,2016-08-05,Cotton yarn,true
32CMSLO2200R6Z5,36HIWMV4627A6ZF,127029.61,2016-09-04,Crude polymer granules,true
36GDMFJ3180O4ZC,06FDZJZ1871X1ZP,360341.29,2016-09-25,Cotton yarn,true
27TZILH6929G4ZN,07IHIOC8713E8ZN,315818.24,2016-09-27,Cotton yarn,true
19RQFMU3728T6Z2,33GUQQC4750Y8Z5,14762.05,2016-10-10,Moulded plastic parts,true
24TSKYG0110D8ZX,19RQFMU3728T6Z2,84625.65,2017-01-06,Bauxite,true
36GDMFJ3180O4ZC,06FDZJZ1871X1ZP,383784.36,2017-01-09,Aluminium sheets,true
24SORHP9066Z2ZO,33GUQQC4750Y8Z5,25307.49,2017-02-23,Moulded plastic parts,true
06OUYEO4807S2ZY,07IHIOC8713E8ZN,131672.40,2017-03-23,Steel coils,true
19FQVDH2460H4ZO,27HXKTQ5235G4ZA,1177611.62,2017-03-23,Aluminium sheets,true
24SORHP9066Z2ZO,33YFHAE9497P9ZG,18422.68,2017-05-07,Moulded plastic parts,true
19QAOYF9022E9Z3,27SKWQX1255L5ZB,3072817.79,2017-06-06,Unprocessed timber,true
36RVGEN3898U2ZW,06OUYEO4807S2ZY,11092.72,2017-06-19,Bauxite,true
32AQGJY0057D6ZV,24DANYR9176S8Z7,204520.84,2017-07-21,Iron ore,true
24SORHP9066Z2ZO,33YFHAE9497P9ZG,18744.74,2017-08-03,Plywood panels,true
36GDMFJ3180O4ZC,33FOOWY4932K5ZW,412644.47,2017-08-12,Aluminium sheets,true
19WSEJA6123K9ZZ,36GDMFJ3180O4ZC,1345089.83,2017-11-03,Raw cotton bales,true
07LYWHO7356O2Z6,07IHIOC8713E8ZN,822183.07,2017-11-12,Assembled pump units,true
32ZOIZY9544B1ZL,06QCBYQ6201T5Z8,223194.60,2017-11-20,Rubber gaskets,true
32YKCYT1305Z3ZM,07IHIOC8713E8ZN,246669.13,2017-11-21,Furniture sets,true
24TQBMB5563K9ZK,07OWSPV4756N1ZN,497057.38,2017-11-22,Assembled pump units,true
29GOJDW2619G6ZM,07IHIOC8713E8ZN,287616.02,2017-12-07,Garment lots,true
27TZILH6929G4ZN,07IHIOC8713E8ZN,378407.03,2018-01-03,Rubber gaskets,true
19WSEJA6123K9ZZ,36GDMFJ3180O4ZC,1495456.85,2018-01-13,Crude polymer granules,true
33FOOWY4932K5ZW,19YNUSU1543Z9ZL,320280.48,2018-01-29,Auto spare kits,true
27HXKTQ5235G4ZA,19XTXAC5360U3ZZ,1038651.80,2018-02-12,Furniture sets,true
07XFBLY2148W1ZG,09MACAR1889T5Z3,101637.35,2018-03-13,Aluminium sheets,true
36GDMFJ3180O4ZC,24CPKFI4802U8Z3,419074.54,2018-03-13,Aluminium sheets,true
27HXKTQ5235G4ZA,29USNIB2707Y3Z6,487323.26,2018-03-18,Auto spare kits,true
24LEGQZ0248F6ZJ,07OWSPV4756N1ZN,1271276.42,2018-04-30,Packaged fittings,true
24TQBMB5563K9ZK,06XLLCH1373K6Z0,355669.07,2018-05-09,Furniture sets,true
06TORUY4649H3ZW,32YKCYT1305Z3ZM,365359.72,2018-06-19,Bauxite,true
19WSEJA6123K9ZZ,27IPCHV6936J3ZF,2015887.07,2018-06-30,Bauxite,true
32YKCYT1305Z3ZM,29USNIB2707Y3Z6,133031.45,2018-07-19,Packaged fittings,true
33FOOWY4932K5ZW,19YNUSU1543Z9ZL,319545.41,2018-07-23,Garment lots,true
36HIWMV4627A6ZF,27HXKTQ5235G4ZA,1415034.87,2018-08-06,Moulded plastic parts,true
24CPKFI4802U8Z3,06ZYUMR8310X1ZI,168340.59,2018-09-27,Furniture sets,true
36GDMFJ3180O4ZC,24CPKFI4802U8Z3,514204.42,2018-09-28,Moulded plastic parts,true
24TSKYG0110D8ZX,27SKWQX1255L5ZB,88864.07,2018-10-17,Raw cotton bales,true
36AMNXO1723D1ZL,07IHIOC8713E8ZN,249924.13,2018-10-17,Assembled pump units,true
27LPMFO3207W6ZE,06ZYUMR8310X1ZI,118993.00,2018-10-21,Aluminium sheets,true
33YFHAE9497P9ZG,07OWSPV4756N1ZN,242882.63,2018-10-30,Packaged fittings,true
32CMSLO2200R6Z5,24SORHP9066Z2ZO,160130.38,2018-11-01,Bauxite,true
32YKCYT1305Z3ZM,24ADBPZ9331Y7Z1,202454.64,2018-11-05,Assembled pump units,true
24SORHP9066Z2ZO,24XCOGB4723J1Z4,17903.92,2018-11-08,Moulded plastic parts,false
29DSORG7805Q7ZD,07OWSPV4756N1ZN,1596600.92,2018-11-08,Furniture sets,true
33YFHAE9497P9ZG,07OWSPV4756N1ZN,242932.91,2018-11-13,Auto spare kits,false
24CPKFI4802U8Z3,09ZBWBM8578V6ZU,108721.03,2018-11-15,Assembled pump units,true
36HIWMV4627A6ZF,19YNUSU1543Z9ZL,1654403.85,2018-11-16,Aluminium sheets,true
33FOOWY4932K5ZW,19YNUSU1543Z9ZL,309741.62,2018-11-19,Auto spare kits,true
33YFHAE9497P9ZG,07OWSPV4756N1ZN,246435.05,2018-11-23,Furniture sets,false
36ZZRVY7581R1ZE,07IHIOC8713E8ZN,59207.89,2018-11-25,Plywood panels,true
36ZZRVY7581R1ZE,07IHIOC8713E8ZN,64282.99,2018-11-26,Aluminium sheets,true
32YKCYT1305Z3ZM,07IHIOC8713E8ZN,253487.38,2018-11-26,Assembled pump units,true
36ZZRVY7581R1ZE,07IHIOC8713E8ZN,77270.17,2018-12-01,Cotton yarn,false
36ZZRVY7581R1ZE,07IHIOC8713E8ZN,78310.94,2018-12-06,Rubber gaskets,true
33YFHAE9497P9ZG,07OWSPV4756N1ZN,239782.64,2018-12-07,Garment lots,true
06QWIYO2144M6Z6,19YNUSU1543Z9ZL,544499.30,2018-12-23,Kitchenware cartons,true
24TQBMB5563K9ZK,07OWSPV4756N1ZN,503208.61,2018-12-28,Kitchenware cartons,false
33XJXTK6255H1ZG,36AMNXO1723D1ZL,679577.30,2018-12-29,Raw cotton bales,true
36ZZRVY7581R1ZE,07IHIOC8713E8ZN,77771.79,2018-12-30,Rubber gaskets,true
33YFHAE9497P9ZG,07OWSPV4756N1ZN,237618.38,2018-12-30,Assembled pump units,false
06QWIYO2144M6Z6,19YNUSU1543Z9ZL,588297.54,2019-01-05,Packaged fittings,true
33YFHAE9497P9ZG,07OWSPV4756N1ZN,254573.67,2019-01-10,Garment lots,true
33XJXTK6255H1ZG,36AMNXO1723D1ZL,679984.75,2019-01-13,Raw cotton bales,true
29TPVLE8820A7ZX,09ZBWBM8578V6ZU,521803.02,2019-01-26,Assembled pump units,true
24DANYR9176S8Z7,29GBWZR4282Y6Z3,3375736.41,2019-02-11,Aluminium sheets,false
24XCOGB4723J1Z4,07OWSPV4756N1ZN,479990.89,2019-02-19,Garment lots,true
29KEPQP0012T8ZU,27CDMPY3420P3ZO,3629043.92,2019-02-24,Unprocessed timber,true
09GDUDI3670A5ZE,29GBWZR4282Y6Z3,391271.26,2019-02-27,Steel coils,true
32AQGJY0057D6ZV,24XCOGB4723J1Z4,126376.81,2019-03-01,Raw rubber sheets,true
32CMSLO2200R6Z5,24SORHP9066Z2ZO,171892.93,2019-03-06,Bauxite,true
24TSKYG0110D8ZX,36ZZRVY7581R1ZE,151665.29,2019-03-08,Iron ore,true
29GBWZR4282Y6Z3,19YNUSU1543Z9ZL,1311113.83,2019-03-10,Auto spare kits,true
07WWTVC3072D6Z6,07KYWMS0417O4Z8,209150.03,2019-03-20,Kitchenware cartons,true
09MACAR1889T5Z3,09ZBWBM8578V6ZU,554720.03,2019-03-28,Assembled pump units,true
24TQBMB5563K9ZK,07OWSPV4756N1ZN,500712.24,2019-03-31,Furniture sets,true
32YKCYT1305Z3ZM,07IHIOC8713E8ZN,300304.23,2019-04-20,Furniture sets,true
36JMBCS5285U5Z4,27AADWX3409U6ZS,48502.55,2019-04-21,Iron ore,false
19WSEJA6123K9ZZ,36GDMFJ3180O4ZC,1260426.79,2019-05-07,Raw cotton bales,true
33ZCOYB3981K1ZV,27CDMPY3420P3ZO,18884.97,2019-05-29,Iron ore,true
33ZCOYB3981K1ZV,27CDMPY3420P3ZO,19791.42,2019-05-30,Unprocessed timber,true
29TIWPY0487R5ZH,07WWTVC3072D6Z6,151488.45,2019-05-30,Cotton yarn,false
33YFHAE9497P9ZG,06ZYUMR8310X1ZI,416301.07,2019-05-30,Auto spare kits,true
19YTTQI9334D1Z5,07OWSPV4756N1ZN,1051523.73,2019-05-31,Kitchenware cartons,true
24SORHP9066Z2ZO,33GUQQC4750Y8Z5,24459.47,2019-06-02,Moulded plastic parts,true
29GBWZR4282Y6Z3,27KNVLF9413B7ZQ,1709710.13,2019-06-07,Auto spare kits,true
29DSORG7805Q7ZD,07OWSPV4756N1ZN,1571075.59,2019-06-16,Furniture sets,true
29DSORG7805Q7ZD,19YNUSU1543Z9ZL,618659.09,2019-06-21,Garment lots,true
32YKCYT1305Z3ZM,29USNIB2707Y3Z6,112108.37,2019-06-23,Packaged fittings,true
29GOJDW2619G6ZM,19YNUSU1543Z9ZL,361145.41,2019-06-27,Garment lots,true
33XJXTK6255H1ZG,19FQVDH2460H4ZO,565107.87,2019-06-28,Iron ore,true
06VXENK5239T5Z6,07KYWMS0417O4Z8,2013725.00,2019-06-30,Kitchenware cartons,true
29TIWPY0487R5ZH,06VXENK5239T5Z6,157481.14,2019-07-06,Steel coils,false
19QAOYF9022E9Z3,24DANYR9176S8Z7,2036318.49,2019-07-11,Raw rubber sheets,true
32YKCYT1305Z3ZM,07IHIOC8713E8ZN,267873.85,2019-07-11,Auto spare kits,true
32AQGJY0057D6ZV,06NPUYZ0199O3ZQ,332140.58,2019-07-15,Bauxite,true
06BWKWN5630Z4ZD,19YNUSU1543Z9ZL,43318.47,2019-07-17,Plywood panels,true
32LTYIF5947E9ZG,29GOJDW2619G6ZM,584032.56,2019-07-19,Unprocessed timber,false
06TORUY4649H3ZW,29GBWZR4282Y6Z3,689712.40,2019-07-21,Unprocessed timber,true
32LTYIF5947E9ZG,29GOJDW2619G6ZM,600032.18,2019-07-23,Crude polymer granules,true
06BWKWN5630Z4ZD,19YNUSU1543Z9ZL,41699.28,2019-07-26,Rubber gaskets,true
06BWKWN5630Z4ZD,19YNUSU1543Z9ZL,46077.00,2019-07-27,Cotton yarn,true
24TSKYG0110D8ZX,19RQFMU3728T6Z2,85936.33,2019-08-05,Raw rubber sheets,true
33XJXTK6255H1ZG,09GDUDI3670A5ZE,555075.58,2019-08-13,Iron ore,true
36ZZRVY7581R1ZE,24CPKFI4802U8Z3,48475.07,2019-08-17,Cotton yarn,true
32YKCYT1305Z3ZM,24ADBPZ9331Y7Z1,200235.79,2019-08-18,Packaged fittings,true
19YTTQI9334D1Z5,07KYWMS0417O4Z8,631339.58,2019-08-18,Assembled pump units,true
32LTYIF5947E9ZG,29GOJDW2619G6ZM,630498.17,2019-08-19,Raw cotton bales,true
33ZCOYB3981K1ZV,36GDMFJ3180O4ZC,23757.04,2019-08-19,Raw cotton bales,true
32LTYIF5947E9ZG,29GOJDW2619G6ZM,689141.81,2019-08-21,Raw cotton bales,true
06VXENK5239T5Z6,06PACMQ7731H2Z6,2632284.26,2019-08-23,Packaged fittings,true
32LTYIF5947E9ZG,29GOJDW2619G6ZM,710102.93,2019-08-24,Raw cotton bales,true
29TIWPY0487R5ZH,27SKWQX1255L5ZB,142354.44,2019-09-02,Moulded plastic parts,false
36JMBCS5285U5Z4,06OUYEO4807S2ZY,60328.29,2019-09-13,Iron ore,true
36ZZRVY7581R1ZE,24CPKFI4802U8Z3,45197.85,2019-09-17,Aluminium sheets,true
07LYWHO7356O2Z6,06ZYUMR8310X1ZI,347182.47,2019-09-18,Kitchenware cartons,true
29NVUAL1821K7ZE,33YFHAE9497P9ZG,241829.47,2019-09-20,Plywood panels,true
06BWKWN5630Z4ZD,19YNUSU1543Z9ZL,45855.87,2019-09-23,Plywood panels,true
32LTYIF5947E9ZG,29GOJDW2619G6ZM,593679.98,2019-09-25,Unprocessed timber,true
06BWKWN5630Z4ZD,19YNUSU1543Z9ZL,38984.48,2019-09-28,Cotton yarn,true
33YFHAE9497P9ZG,09ZBWBM8578V6ZU,157427.84,2019-10-02,Kitchenware cartons,true
36ZZRVY7581R1ZE,24CPKFI4802U8Z3,49735.16,2019-10-03,Cotton yarn,true
19RQFMU3728T6Z2,33GUQQC4750Y8Z5,14990.76,2019-10-06,Rubber gaskets,true
24CPKFI4802U8Z3,06ZYUMR8310X1ZI,152897.15,2019-10-06,Garment lots,true
09MACAR1889T5Z3,09ZBWBM8578V6ZU,622346.89,2019-10-11,Garment lots,true
33YFHAE9497P9ZG,09ZBWBM8578V6ZU,158774.48,2019-10-12,Assembled pump units,true
36ZZRVY7581R1ZE,06QWIYO2144M6Z6,62810.88,2019-10-13,Aluminium sheets,true
29TIWPY0487R5ZH,06VXENK5239T5Z6,167604.99,2019-10-14,Cotton yarn,true
27OVEWI9795R9Z8,06QWIYO2144M6Z6,278845.08,2019-10-24,Aluminium sheets,true
33YFHAE9497P9ZG,09ZBWBM8578V6ZU,149298.10,2019-10-25,Packaged fittings,true
36ZZRVY7581R1ZE,06QWIYO2144M6Z6,48779.28,2019-10-28,Steel coils,true
06NPUYZ0199O3ZQ,09MACAR1889T5Z3,254124.80,2019-10-30,Steel coils,true
32BTVLO0183D3ZZ,27KNVLF9413B7ZQ,31117.86,2019-10-31,Steel coils,true
07LYWHO7356O2Z6,06ZYUMR8310X1ZI,415521.12,2019-11-01,Furniture sets,true
29GOJDW2619G6ZM,09ZBWBM8578V6ZU,409479.23,2019-11-10,Packaged fittings,true
29TIWPY0487R5ZH,27SKWQX1255L5ZB,161209.43,2019-11-13,Cotton yarn,false
36ZZRVY7581R1ZE,06QWIYO2144M6Z6,60958.01,2019-11-19,Aluminium sheets,true
24LEGQZ0248F6ZJ,27KNVLF9413B7ZQ,596579.57,2019-11-29,Packaged fittings,true
36IBYDQ7801O8ZC,33FOOWY4932K5ZW,50375.24,2019-12-06,Rubber gaskets,true
24SORHP9066Z2ZO,33GUQQC4750Y8Z5,28271.72,2019-12-08,Rubber gaskets,false
29GBWZR4282Y6Z3,19YNUSU1543Z9ZL,1391802.93,2019-12-08,Furniture sets,false
29KEPQP0012T8ZU,27CDMPY3420P3ZO,3076265.65,2019-12-17,Iron ore,true
24RGHCF5815H7Z1,07KYWMS0417O4Z8,325268.32,2019-12-22,Cotton yarn,true
29DSORG7805Q7ZD,27KNVLF9413B7ZQ,1828697.68,2019-12-22,Packaged fittings,true
33YFHAE9497P9ZG,09ZBWBM8578V6ZU,166872.96,2019-12-28,Auto spare kits,true
36AOZCX8818C4Z4,19XTXAC5360U3ZZ,233534.74,2019-12-29,Packaged fittings,true
36RVGEN3898U2ZW,06OUYEO4807S2ZY,10608.62,2020-01-02,Bauxite,true
24CPKFI4802U8Z3,06ZYUMR8310X1ZI,173086.04,2020-01-03,Assembled pump units,true
27OVEWI9795R9Z8,06QWIYO2144M6Z6,279548.29,2020-01-04,Steel coils,true
33YFHAE9497P9ZG,09ZBWBM8578V6ZU,152861.54,2020-01-06,Kitchenware cartons,true
29NVUAL1821K7ZE,33YFHAE9497P9ZG,252717.23,2020-01-09,Cotton yarn,true
24CPKFI4802U8Z3,19XTXAC5360U3ZZ,279638.30,2020-01-09,Auto spare kits,true
24DANYR9176S8Z7,19AFHVR2881Q4Z4,1625067.11,2020-01-12,Aluminium sheets,true
19WSEJA6123K9ZZ,29TPVLE8820A7ZX,1060783.11,2020-01-13,Raw cotton bales,true
29NVUAL1821K7ZE,36MFZZI1805O9Z6,257545.19,2020-01-18,Cotton yarn,true
29TIWPY0487R5ZH,07WWTVC3072D6Z6,170936.58,2020-01-20,Plywood panels,false
27OVEWI9795R9Z8,06QWIYO2144M6Z6,244709.89,2020-02-07,Aluminium sheets,false
19QAOYF9022E9Z3,29OZSVL9371R7ZY,1668770.91,2020-02-08,Bauxite,true
06VXENK5239T5Z6,06PACMQ7731H2Z6,2655168.21,2020-02-10,Furniture sets,true
06BWKWN5630Z4ZD,06ZYUMR8310X1ZI,28479.25,2020-02-12,Moulded plastic parts,true
36RVGEN3898U2ZW,29GOJDW2619G6ZM,19885.10,2020-02-15,Bauxite,true
07LYWHO7356O2Z6,06ZYUMR8310X1ZI,452196.01,2020-02-17,Garment lots,true
19YTTQI9334D1Z5,36AOZCX8818C4Z4,2670352.68,2020-02-19,Furniture sets,true
06QWIYO2144M6Z6,19YNUSU1543Z9ZL,664322.76,2020-02-22,Auto spare kits,true
19FWLNA7151E6Z5,27LABTZ8624C8ZL,694674.17,2020-02-26,Raw rubber sheets,true
36JMBCS5285U5Z4,06OUYEO4807S2ZY,58580.62,2020-03-02,Bauxite,true
19AFHVR2881Q4Z4,19XTXAC5360U3ZZ,637592.99,2020-03-03,Kitchenware cartons,true
19WSEJA6123K9ZZ,29TPVLE8820A7ZX,1175144.76,2020-03-06,Crude polymer granules,true
36JMBCS5285U5Z4,07VZKFB6019K1ZT,30935.47,2020-03-11,Raw cotton bales,true
06BWKWN5630Z4ZD,06ZYUMR8310X1ZI,27627.36,2020-03-19,Rubber gaskets,true
19FWLNA7151E6Z5,27LABTZ8624C8ZL,828701.48,2020-03-21,Raw rubber sheets,true
19AFHVR2881Q4Z4,19XTXAC5360U3ZZ,821881.55,2020-03-21,Assembled pump units,true
19FWLNA7151E6Z5,27LABTZ8624C8ZL,693571.10,2020-03-28,Unprocessed timber,true
07JUHCS8296Y9Z9,24DANYR9176S8Z7,168668.84,2020-03-29,Raw cotton bales,true
06BWKWN5630Z4ZD,06ZYUMR8310X1ZI,22977.25,2020-04-04,Aluminium sheets,true
32YKCYT1305Z3ZM,07IHIOC8713E8ZN,273322.09,2020-04-12,Kitchenware cartons,true
32BTVLO0183D3ZZ,29GOJDW2619G6ZM,11727.35,2020-04-14,Plywood panels,true
27AADWX3409U6ZS,09ZBWBM8578V6ZU,22955.46,2020-04-14,Garment lots,true
27AADWX3409U6ZS,07KYWMS0417O4Z8,41621.96,2020-04-22,Auto spare kits,true
27AADWX3409U6ZS,07KYWMS0417O4Z8,42832.78,2020-04-25,Assembled pump units,true
32CMSLO2200R6Z5,36IBYDQ7801O8ZC,188216.12,2020-04-28,Unprocessed timber,true
06OUYEO4807S2ZY,07IHIOC8713E8ZN,125600.98,2020-04-30,Steel coils,true
32YKCYT1305Z3ZM,07IHIOC8713E8ZN,255008.24,2020-05-01,Kitchenware cartons,true
19FWLNA7151E6Z5,27LABTZ8624C8ZL,892982.65,2020-05-05,Crude polymer granules,true
33FOOWY4932K5ZW,29DFJDI9306B7ZJ,377784.68,2020-05-05,Kitchenware cartons,true
19RQFMU3728T6Z2,33GUQQC4750Y8Z5,16081.38,2020-05-06,Moulded plastic parts,true
27AADWX3409U6ZS,06ZYUMR8310X1ZI,15900.95,2020-05-06,Kitchenware cartons,true
32YKCYT1305Z3ZM,06PACMQ7731H2Z6,230954.25,2020-05-11,Assembled pump units,true
27AADWX3409U6ZS,06ZYUMR8310X1ZI,12633.69,2020-05-21,Auto spare kits,true
27AADWX3409U6ZS,09ZBWBM8578V6ZU,22731.85,2020-05-23,Assembled pump units,true
36HIWMV4627A6ZF,27HXKTQ5235G4ZA,1165619.63,2020-05-24,Steel coils,true
07WWTVC3072D6Z6,19YNUSU1543Z9ZL,174789.98,2020-05-24,Kitchenware cartons,true
32BTVLO0183D3ZZ,29GOJDW2619G6ZM,11225.83,2020-05-29,Plywood panels,true
27AADWX3409U6ZS,07KYWMS0417O4Z8,41347.48,2020-05-31,Auto spare kits,true
24CPKFI4802U8Z3,19XTXAC5360U3ZZ,308142.03,2020-06-01,Assembled pump units,true
33FOOWY4932K5ZW,07KYWMS0417O4Z8,331486.88,2020-06-05,Garment lots,true
27AADWX3409U6ZS,06ZYUMR8310X1ZI,13991.55,2020-06-05,Assembled pump units,true
07VZKFB6019K1ZT,06ZYUMR8310X1ZI,831684.07,2020-06-09,Rubber gaskets,true
32AQGJY0057D6ZV,24XCOGB4723J1Z4,153407.64,2020-06-10,Iron ore,true
32BTVLO0183D3ZZ,27KNVLF9413B7ZQ,32563.67,2020-06-17,Steel coils,true
27AADWX3409U6ZS,07KYWMS0417O4Z8,42975.74,2020-06-19,Garment lots,true
32CMSLO2200R6Z5,36HIWMV4627A6ZF,132025.91,2020-06-20,Iron ore,true
27AADWX3409U6ZS,07KYWMS0417O4Z8,39214.21,2020-06-22,Assembled pump units,true
33ZCOYB3981K1ZV,27CDMPY3420P3ZO,22545.04,2020-07-10,Raw rubber sheets,true
19FQVDH2460H4ZO,27HXKTQ5235G4ZA,1034522.06,2020-07-10,Rubber gaskets,true
09GDUDI3670A5ZE,29GBWZR4282Y6Z3,298536.83,2020-07-18,Plywood panels,true
24TQBMB5563K9ZK,29DFJDI9306B7ZJ,174471.13,2020-07-22,Auto spare kits,true
29TIWPY0487R5ZH,07WWTVC3072D6Z6,183048.53,2020-07-24,Moulded plastic parts,false
19YTTQI9334D1Z5,07KYWMS0417O4Z8,784324.93,2020-07-30,Furniture sets,true
29OZSVL9371R7ZY,33YFHAE9497P9ZG,1115910.44,2020-08-07,Cotton yarn,true
29GOJDW2619G6ZM,19YNUSU1543Z9ZL,346452.35,2020-08-14,Auto spare kits,true
07JUHCS8296Y9Z9,29OZSVL9371R7ZY,245932.02,2020-08-23,Raw cotton bales,true
36AOZCX8818C4Z4,19YTTQI9334D1Z5,3116578.48,2020-08-25,Garment lots,true
36HIWMV4627A6ZF,27HXKTQ5235G4ZA,1407966.34,2020-08-26,Steel coils,true
33XJXTK6255H1ZG,36AMNXO1723D1ZL,693283.06,2020-08-27,Raw cotton bales,false
36RVGEN3898U2ZW,06OUYEO4807S2ZY,12171.30,2020-08-29,Raw cotton bales,true
29DSORG7805Q7ZD,19YNUSU1543Z9ZL,556118.25,2020-08-31,Kitchenware cartons,true
36AOZCX8818C4Z4,19YTTQI9334D1Z5,2774521.72,2020-09-02,Assembled pump units,true
36HIWMV4627A6ZF,27HXKTQ5235G4ZA,1457311.66,2020-09-04,Moulded plastic parts,false
32CMSLO2200R6Z5,36IBYDQ7801O8ZC,165647.49,2020-09-06,Raw rubber sheets,true
33ZCOYB3981K1ZV,29NVUAL1821K7ZE,26418.00,2020-09-14,Crude polymer granules,true
24TSKYG0110D8ZX,19RQFMU3728T6Z2,84322.52,2020-09-24,Crude polymer granules,true
36AOZCX8818C4Z4,19YTTQI9334D1Z5,2927743.83,2020-09-27,Auto spare kits,false
19QAOYF9022E9Z3,27SKWQX1255L5ZB,3386433.40,2020-10-02,Unprocessed timber,true
29TIWPY0487R5ZH,06VXENK5239T5Z6,155390.32,2020-10-04,Aluminium sheets,true
27TZILH6929G4ZN,07IHIOC8713E8ZN,316194.41,2020-10-04,Aluminium sheets,true
27AADWX3409U6ZS,19QLQGQ2532E7Z2,29362.47,2020-10-18,Garment lots,true
24TSKYG0110D8ZX,27SKWQX1255L5ZB,84224.60,2020-10-19,Iron ore,true
07JUHCS8296Y9Z9,27CDMPY3420P3ZO,248868.01,2020-10-21,Unprocessed timber,true
36MFZZI1805O9Z6,06XLLCH1373K6Z0,663958.86,2020-10-21,Packaged fittings,true
29GBWZR4282Y6Z3,19YNUSU1543Z9ZL,1424192.47,2020-10-21,Garment lots,true
29GOJDW2619G6ZM,19YNUSU1543Z9ZL,307235.57,2020-10-25,Furniture sets,true
36MYFHN1078R2Z4,07OWSPV4756N1ZN,138270.06,2020-10-31,Auto spare kits,true
36GDMFJ3180O4ZC,07BSHGZ0028T6Z1,381321.13,2020-11-08,Plywood panels,true
29TIWPY0487R5ZH,06VXENK5239T5Z6,190350.86,2020-11-10,Plywood panels,true
36AMNXO1723D1ZL,19YNUSU1543Z9ZL,374080.52,2020-11-13,Kitchenware cartons,true
32LTYIF5947E9ZG,29TPVLE8820A7ZX,469072.86,2020-11-18,Crude polymer granules,true
29GBWZR4282Y6Z3,27KNVLF9413B7ZQ,1444256.57,2020-11-22,Garment lots,true
06OUYEO4807S2ZY,29GLIVA3486Y3ZR,135868.34,2020-11-23,Moulded plastic parts,true
27SKWQX1255L5ZB,09ZBWBM8578V6ZU,7168262.79,2020-11-25,Packaged fittings,true
36AMNXO1723D1ZL,19YNUSU1543Z9ZL,379804.91,2020-11-26,Auto spare kits,true
36JMBCS5285U5Z4,29OZSVL9371R7ZY,35834.89,2020-11-29,Raw cotton bales,true
29TPVLE8820A7ZX,07IHIOC8713E8ZN,323213.54,2020-12-07,Kitchenware cartons,true
29TIWPY0487R5ZH,19DKRMK6116L4ZI,153298.04,2020-12-09,Steel coils,true
32CMSLO2200R6Z5,24SORHP9066Z2ZO,159806.22,2020-12-13,Iron ore,true
29DSORG7805Q7ZD,07OWSPV4756N1ZN,1492596.42,2020-12-21,Auto spare kits,true
36RVGEN3898U2ZW,29OZSVL9371R7ZY,10836.51,2020-12-22,Raw cotton bales,false
36IBYDQ7801O8ZC,27KNVLF9413B7ZQ,29524.36,2020-12-24,Aluminium sheets,true
32OSLJF8100O5ZL,29GOJDW2619G6ZM,28837.91,2020-12-27,Plywood panels,true
07RQSPW5140Z2ZH,07FSGBM8265D9ZC,318780.58,2020-12-30,Moulded plastic parts,true
27AADWX3409U6ZS,19QLQGQ2532E7Z2,29514.23,2020-12-30,Packaged fittings,true
27AADWX3409U6ZS,19QLQGQ2532E7Z2,38102.90,2021-01-01,Assembled pump units,true
24SORHP9066Z2ZO,24XCOGB4723J1Z4,17565.54,2021-01-02,Cotton yarn,true
33MDFOF7954Z9ZL,24LEGQZ0248F6ZJ,1257504.98,2021-01-05,Bauxite,true
07JUHCS8296Y9Z9,27CDMPY3420P3ZO,246639.82,2021-01-07,Raw rubber sheets,true
19RQFMU3728T6Z2,33GUQQC4750Y8Z5,16302.54,2021-01-11,Plywood panels,true
24PISLE8831I5ZS,07FSGBM8265D9ZC,607438.66,2021-01-14,Auto spare kits,true
07WWTVC3072D6Z6,19YNUSU1543Z9ZL,163615.08,2021-01-15,Kitchenware cartons,true
27AADWX3409U6ZS,19QLQGQ2532E7Z2,34859.90,2021-01-18,Furniture sets,true
29GOJDW2619G6ZM,19YNUSU1543Z9ZL,304773.01,2021-02-08,Furniture sets,true
06BWKWN5630Z4ZD,27AADWX3409U6ZS,21214.46,2021-02-09,Plywood panels,true
24RGHCF5815H7Z1,19YTTQI9334D1Z5,355205.93,2021-02-11,Moulded plastic parts,true
24PISLE8831I5ZS,07FSGBM8265D9ZC,508265.70,2021-02-11,Auto spare kits,true
07WWTVC3072D6Z6,07BSHGZ0028T6Z1,173876.68,2021-02-15,Furniture sets,true
09GDUDI3670A5ZE,29GBWZR4282Y6Z3,341578.12,2021-02-16,Steel coils,true
06NPUYZ0199O3ZQ,09MACAR1889T5Z3,273905.72,2021-02-26,Plywood panels,true
24PISLE8831I5ZS,07FSGBM8265D9ZC,545526.39,2021-02-26,Auto spare kits,true
29OZSVL9371R7ZY,29DSORG7805Q7ZD,1288095.49,2021-02-28,Plywood panels,true
33FOOWY4932K5ZW,09ZBWBM8578V6ZU,212274.41,2021-03-03,Packaged fittings,true
24PISLE8831I5ZS,07LYWHO7356O2Z6,2865327.00,2021-03-06,Furniture sets,true
06VXENK5239T5Z6,06PACMQ7731H2Z6,2449538.03,2021-03-18,Kitchenware cartons,true
24PISLE8831I5ZS,07FSGBM8265D9ZC,521150.10,2021-03-19,Assembled pump units,true
29GBWZR4282Y6Z3,06XLLCH1373K6Z0,1201441.82,2021-03-19,Kitchenware cartons,true
32CMSLO2200R6Z5,36IBYDQ7801O8ZC,172079.47,2021-03-24,Raw cotton bales,true
24PISLE8831I5ZS,07LYWHO7356O2Z6,2840781.78,2021-04-01,Kitchenware cartons,true
19FWLNA7151E6Z5,19BVGWK7086S6Z9,1256571.59,2021-04-03,Raw rubber sheets,true
07WWTVC3072D6Z6,07BSHGZ0028T6Z1,143255.86,2021-04-03,Assembled pump units,true
29GBWZR4282Y6Z3,29DFJDI9306B7ZJ,1105279.66,2021-04-07,Kitchenware cartons,true
24TSKYG0110D8ZX,27SKWQX1255L5ZB,73280.54,2021-04-10,Raw cotton bales,false
27MLHJA7771D8ZP,19FQVDH2460H4ZO,146254.45,2021-04-13,Bauxite,true
19QAOYF9022E9Z3,24DANYR9176S8Z7,2254904.82,2021-04-16,Raw rubber sheets,true
19YTTQI9334D1Z5,06PACMQ7731H2Z6,359494.40,2021-04-20,Furniture sets,true
29GBWZR4282Y6Z3,19YNUSU1543Z9ZL,1321890.09,2021-04-30,Assembled pump units,false
32CMSLO2200R6Z5,09TYOFZ7611E9ZS,55430.89,2021-05-01,Iron ore,true
29GBWZR4282Y6Z3,06XLLCH1373K6Z0,1171989.64,2021-05-04,Furniture sets,true
24RGHCF5815H7Z1,07KYWMS0417O4Z8,301196.31,2021-05-08,Aluminium sheets,true
29KEPQP0012T8ZU,06VXENK5239T5Z6,4545601.87,2021-05-10,Raw rubber sheets,true
29TIWPY0487R5ZH,24ADBPZ9331Y7Z1,174356.69,2021-05-13,Plywood panels,false
29TPVLE8820A7ZX,07FSGBM8265D9ZC,757928.11,2021-05-18,Garment lots,true
09GDUDI3670A5ZE,29GBWZR4282Y6Z3,304516.95,2021-05-20,Plywood panels,true
36IBYDQ7801O8ZC,27KNVLF9413B7ZQ,33517.06,2021-05-23,Moulded plastic parts,true
32YKCYT1305Z3ZM,27KNVLF9413B7ZQ,191786.77,2021-05-24,Kitchenware cartons,true
06CFKGF8704V3ZL,19YNUSU1543Z9ZL,115000.42,2021-05-30,Assembled pump units,true
24TQBMB5563K9ZK,29DFJDI9306B7ZJ,209566.12,2021-05-31,Packaged fittings,false
33XJXTK6255H1ZG,24DANYR9176S8Z7,1241020.72,2021-06-02,Bauxite,true
07JUHCS8296Y9Z9,09TYOFZ7611E9ZS,224829.13,2021-06-04,Iron ore,true
07JUHCS8296Y9Z9,09TYOFZ7611E9ZS,204399.74,2021-06-11,Bauxite,true
19QAOYF9022E9Z3,27SKWQX1255L5ZB,3583416.59,2021-06-12,Crude polymer granules,true
36AOZCX8818C4Z4,06PACMQ7731H2Z6,320609.47,2021-06-12,Kitchenware cartons,true
36MYFHN1078R2Z4,06XLLCH1373K6Z0,201321.66,2021-06-15,Packaged fittings,true
36QKUHT3363G8Z1,19XTXAC5360U3ZZ,892280.36,2021-06-17,Furniture sets,true
33XJXTK6255H1ZG,09GDUDI3670A5ZE,545779.02,2021-06-20,Crude polymer granules,true
07LYWHO7356O2Z6,07DHLQX8570T4Z7,1070212.98,2021-06-20,Auto spare kits,true
24TSKYG0110D8ZX,36ZZRVY7581R1ZE,153839.21,2021-06-29,Bauxite,true
19LQXPV3933P1ZE,33YGMLY4610W6ZS,626396.64,2021-06-29,Crude polymer granules,true
19WSEJA6123K9ZZ,19FQVDH2460H4ZO,1943264.55,2021-07-02,Crude polymer granules,true
24XCOGB4723J1Z4,07OWSPV4756N1ZN,428237.83,2021-07-06,Kitchenware cartons,true
36MFZZI1805O9Z6,09ZBWBM8578V6ZU,1011238.49,2021-07-07,Kitchenware cartons,true
07DHLQX8570T4Z7,24CPKFI4802U8Z3,105607.59,2021-07-09,Inter-branch stock transfer,true
24DANYR9176S8Z7,29GBWZR4282Y6Z3,2776043.06,2021-07-14,Cotton yarn,true
33ZCOYB3981K1ZV,36GDMFJ3180O4ZC,21668.02,2021-08-01,Raw cotton bales,true
36GDMFJ3180O4ZC,07BSHGZ0028T6Z1,335368.05,2021-08-02,Aluminium sheets,true
36VDRMO4829X3Z0,19GCSCE8452T4Z7,16833.26,2021-08-03,Raw cotton bales,true
19GCSCE8452T4Z7,19AFHVR2881Q4Z4,174154.42,2021-08-03,Moulded plastic parts,true
32CMSLO2200R6Z5,24DANYR9176S8Z7,63028.72,2021-08-05,Crude polymer granules,true
33IIMMB0166U5Z6,19YNUSU1543Z9ZL,987129.20,2021-08-06,Kitchenware cartons,true
07LYWHO7356O2Z6,06ZYUMR8310X1ZI,416448.09,2021-08-06,Garment lots,true
29USNIB2707Y3Z6,07BSHGZ0028T6Z1,526694.84,2021-08-06,Warranty replacement units,true
19QAOYF9022E9Z3,36QKUHT3363G8Z1,2623653.88,2021-08-07,Unprocessed timber,true
29GOJDW2619G6ZM,07IHIOC8713E8ZN,336290.70,2021-08-08,Packaged fittings,true
36RVGEN3898U2ZW,29OZSVL9371R7ZY,12867.38,2021-08-09,Bauxite,true
27MLHJA7771D8ZP,07XFBLY2148W1ZG,366422.80,2021-08-11,Unprocessed timber,true
29GBWZR4282Y6Z3,27KNVLF9413B7ZQ,1521576.98,2021-08-11,Assembled pump units,true
29GBWZR4282Y6Z3,07DHLQX8570T4Z7,730137.21,2021-08-11,Furniture sets,true
27MLHJA7771D8ZP,07XFBLY2148W1ZG,316968.25,2021-08-15,Raw rubber sheets,true
29TPVLE8820A7ZX,07IHIOC8713E8ZN,291530.36,2021-08-16,Kitchenware cartons,true
29GLIVA3486Y3ZR,24ADBPZ9331Y7Z1,146470.53,2021-08-16,Packaged fittings,true
29DSORG7805Q7ZD,07OWSPV4756N1ZN,1520448.13,2021-08-17,Furniture sets,true
19GCSCE8452T4Z7,33GUQQC4750Y8Z5,445654.48,2021-08-20,Aluminium sheets,true
33XJXTK6255H1ZG,36AMNXO1723D1ZL,530957.32,2021-08-21,Raw cotton bales,true
07LYWHO7356O2Z6,24PISLE8831I5ZS,3050007.24,2021-08-28,Kitchenware cartons,true
33QZOGD3619C2Z5,27CDMPY3420P3ZO,176565.91,2021-09-03,Iron ore,false
06CFKGF8704V3ZL,19XTXAC5360U3ZZ,70840.85,2021-09-03,Garment lots,true
32CMSLO2200R6Z5,24DANYR9176S8Z7,66194.18,2021-09-04,Unprocessed timber,true
29NVUAL1821K7ZE,36MFZZI1805O9Z6,202846.91,2021-09-05,Plywood panels,true
27MLHJA7771D8ZP,07XFBLY2148W1ZG,283852.52,2021-09-06,Iron ore,true
06CFKGF8704V3ZL,06XLLCH1373K6Z0,75665.90,2021-09-08,Assembled pump units,true
06CFKGF8704V3ZL,06XLLCH1373K6Z0,68202.07,2021-09-08,Garment lots,false
36VDRMO4829X3Z0,06FDZJZ1871X1ZP,18767.81,2021-09-10,Unprocessed timber,true
36VDRMO4829X3Z0,29DSORG7805Q7ZD,9877.42,2021-09-13,Raw cotton bales,true
06CFKGF8704V3ZL,06XLLCH1373K6Z0,77469.85,2021-09-15,Furniture sets,false
27MLHJA7771D8ZP,07XFBLY2148W1ZG,326104.34,2021-09-16,Unprocessed timber,true
27MLHJA7771D8ZP,07XFBLY2148W1ZG,291260.71,2021-09-16,Bauxite,true
33GUQQC4750Y8Z5,27KNVLF9413B7ZQ,1170863.01,2021-09-16,Furniture sets,true
06CFKGF8704V3ZL,06XLLCH1373K6Z0,74817.24,2021-09-17,Garment lots,true
27MLHJA7771D8ZP,07XFBLY2148W1ZG,280665.96,2021-09-20,Raw rubber sheets,true
06CFKGF8704V3ZL,19XTXAC5360U3ZZ,61052.14,2021-09-20,Assembled pump units,true
29GOJDW2619G6ZM,09ZBWBM8578V6ZU,350140.62,2021-09-24,Assembled pump units,true
06CFKGF8704V3ZL,19XTXAC5360U3ZZ,69274.98,2021-09-27,Furniture sets,true
29GBWZR4282Y6Z3,07DHLQX8570T4Z7,564230.75,2021-09-27,Auto spare kits,true
06CFKGF8704V3ZL,19XTXAC5360U3ZZ,59699.97,2021-09-29,Packaged fittings,false
19QAOYF9022E9Z3,27SKWQX1255L5ZB,3211729.20,2021-09-30,Raw rubber sheets,true
36AMNXO1723D1ZL,07DHLQX8570T4Z7,333560.38,2021-10-01,Assembled pump units,true
36VDRMO4829X3Z0,32OSLJF8100O5ZL,14194.01,2021-10-02,Raw rubber sheets,true
36QKUHT3363G8Z1,07IHIOC8713E8ZN,1344210.35,2021-10-04,Kitchenware cartons,true
06CFKGF8704V3ZL,19XTXAC5360U3ZZ,75768.75,2021-10-08,Furniture sets,false
33FOOWY4932K5ZW,19QLQGQ2532E7Z2,131876.84,2021-10-08,Auto spare kits,true
33ZCOYB3981K1ZV,36AOZCX8818C4Z4,10270.93,2021-10-12,Iron ore,true
36RVGEN3898U2ZW,29OZSVL9371R7ZY,10286.57,2021-10-15,Raw rubber sheets,true
36AMNXO1723D1ZL,19YNUSU1543Z9ZL,361858.82,2021-10-19,Assembled pump units,true
06VXENK5239T5Z6,19QLQGQ2532E7Z2,884035.36,2021-10-19,Garment lots,true
06CFKGF8704V3ZL,19XTXAC5360U3ZZ,68784.89,2021-10-20,Furniture sets,false
29GLIVA3486Y3ZR,29USNIB2707Y3Z6,221737.22,2021-10-22,Kitchenware cartons,true
32BTVLO0183D3ZZ,27KNVLF9413B7ZQ,36764.01,2021-10-23,Moulded plastic parts,true
36MFZZI1805O9Z6,06XLLCH1373K6Z0,521564.03,2021-10-27,Garment lots,true
24RGHCF5815H7Z1,07FSGBM8265D9ZC,389930.67,2021-11-04,Steel coils,true
19FQVDH2460H4ZO,27HXKTQ5235G4ZA,1155468.81,2021-11-04,Rubber gaskets,true
06CFKGF8704V3ZL,06XLLCH1373K6Z0,59496.03,2021-11-05,Auto spare kits,true
06NPUYZ0199O3ZQ,09MACAR1889T5Z3,310815.13,2021-11-06,Rubber gaskets,true
06CFKGF8704V3ZL,06XLLCH1373K6Z0,62969.03,2021-11-06,Packaged fittings,false
33MDFOF7954Z9ZL,27SKWQX1255L5ZB,1084790.95,2021-11-08,Bauxite,true
29WPVPH3087E4Z8,27SKWQX1255L5ZB,97145.98,2021-11-17,Unprocessed timber,true
29GLIVA3486Y3ZR,07FSGBM8265D9ZC,191007.63,2021-11-21,Packaged fittings,true
36AMNXO1723D1ZL,19YNUSU1543Z9ZL,385532.51,2021-11-26,Auto spare kits,true
09MACAR1889T5Z3,07KYWMS0417O4Z8,269384.25,2021-12-05,Assembled pump units,true
32AQGJY0057D6ZV,24XCOGB4723J1Z4,125295.31,2021-12-06,Crude polymer granules,true
27MLHJA7771D8ZP,27CDMPY3420P3ZO,290678.19,2021-12-17,Bauxite,true
29GOJDW2619G6ZM,09THKGN0004S7ZJ,193272.69,2021-12-19,Assembled pump units,true
32AQGJY0057D6ZV,24XCOGB4723J1Z4,151402.07,2021-12-21,Iron ore,true
36GDMFJ3180O4ZC,19QLQGQ2532E7Z2,272048.09,2021-12-27,Moulded plastic parts,true
32OSLJF8100O5ZL,29GOJDW2619G6ZM,31299.04,2021-12-28,Cotton yarn,true
24RGHCF5815H7Z1,19YTTQI9334D1Z5,306741.72,2021-12-31,Moulded plastic parts,true
33FOOWY4932K5ZW,29DFJDI9306B7ZJ,316723.38,2022-01-06,Furniture sets,true
19QAOYF9022E9Z3,29OZSVL9371R7ZY,1853426.82,2022-01-07,Bauxite,false
24DANYR9176S8Z7,36AMNXO1723D1ZL,2772870.09,2022-01-07,Aluminium sheets,true
27MLHJA7771D8ZP,27CDMPY3420P3ZO,228920.82,2022-01-10,Raw rubber sheets,true
09IWOVN2020F3ZK,19XTXAC5360U3ZZ,688424.08,2022-01-10,Assembled pump units,true
27ZKLFW2886V7ZL,19BVGWK7086S6Z9,555843.31,2022-01-12,Cotton yarn,false
32RTMUK0767J7ZR,24XCOGB4723J1Z4,221100.30,2022-01-21,Rubber gaskets,false
06TORUY4649H3ZW,32YKCYT1305Z3ZM,296022.41,2022-01-23,Unprocessed timber,true
36IBYDQ7801O8ZC,27KNVLF9413B7ZQ,31020.57,2022-01-25,Rubber gaskets,true
36JMBCS5285U5Z4,36AMNXO1723D1ZL,51874.10,2022-01-27,Raw cotton bales,true
29SLMYQ2307L6Z5,33IIMMB0166U5Z6,2847528.18,2022-01-30,Cotton yarn,true
09IWOVN2020F3ZK,19XTXAC5360U3ZZ,745380.94,2022-02-04,Auto spare kits,true
06BWKWN5630Z4ZD,19DKRMK6116L4ZI,26667.26,2022-02-05,Rubber gaskets,true
06BWKWN5630Z4ZD,19DKRMK6116L4ZI,24756.25,2022-02-09,Plywood panels,true
06OUYEO4807S2ZY,07IHIOC8713E8ZN,111529.95,2022-02-09,Cotton yarn,true
07KTVJS9657V4ZX,07KYWMS0417O4Z8,314885.51,2022-02-10,Garment lots,true
27YRPVR6146L5ZI,32ZOIZY9544B1ZL,68528.96,2022-02-11,Raw cotton bales,true
24RGHCF5815H7Z1,07FSGBM8265D9ZC,427409.35,2022-02-12,Rubber gaskets,true
24SORHP9066Z2ZO,33YFHAE9497P9ZG,21179.00,2022-02-13,Steel coils,true
27JXTFP9055S6Z9,19BVGWK7086S6Z9,12695.60,2022-02-16,Aluminium sheets,true
09IWOVN2020F3ZK,19XTXAC5360U3ZZ,786154.70,2022-02-17,Assembled pump units,false
32CMSLO2200R6Z5,09TYOFZ7611E9ZS,69100.16,2022-02-19,Unprocessed timber,true
36JMBCS5285U5Z4,27AADWX3409U6ZS,42862.31,2022-02-19,Raw cotton bales,true
36JMBCS5285U5Z4,07VZKFB6019K1ZT,32212.30,2022-02-23,Crude polymer granules,true
24OJGWG9976X2ZB,24TQBMB5563K9ZK,1045621.27,2022-02-23,Moulded plastic parts,true
32LTYIF5947E9ZG,29TIWPY0487R5ZH,379248.12,2022-02-27,Iron ore,true
24OJGWG9976X2ZB,24TQBMB5563K9ZK,1101374.02,2022-02-27,Rubber gaskets,true
24RGHCF5815H7Z1,19YTTQI9334D1Z5,360438.55,2022-03-01,Plywood panels,true
07JUHCS8296Y9Z9,27CDMPY3420P3ZO,237409.07,2022-03-02,Raw cotton bales,true
32AQGJY0057D6ZV,06NPUYZ0199O3ZQ,269586.59,2022-03-02,Bauxite,true
33GUQQC4750Y8Z5,07BSHGZ0028T6Z1,1721375.26,2022-03-02,Packaged fittings,true
19RQFMU3728T6Z2,09IWOVN2020F3ZK,20318.11,2022-03-04,Steel coils,true
29NVUAL1821K7ZE,36MFZZI1805O9Z6,255404.93,2022-03-06,Rubber gaskets,true
32LTYIF5947E9ZG,29TIWPY0487R5ZH,445917.32,2022-03-10,Crude polymer granules,true
24RGHCF5815H7Z1,07KYWMS0417O4Z8,281212.58,2022-03-10,Steel coils,true
19QAOYF9022E9Z3,36QKUHT3363G8Z1,2951071.10,2022-03-11,Raw rubber sheets,false
19WSEJA6123K9ZZ,36GDMFJ3180O4ZC,1494304.13,2022-03-11,Crude polymer granules,true
32LTYIF5947E9ZG,29TIWPY0487R5ZH,372685.81,2022-03-12,Crude polymer granules,true
36HIWMV4627A6ZF,36QKUHT3363G8Z1,706596.45,2022-03-12,Aluminium sheets,true
33QZOGD3619C2Z5,32ZOIZY9544B1ZL,294305.50,2022-03-15,Raw cotton bales,false
24OJGWG9976X2ZB,24TQBMB5563K9ZK,1203696.63,2022-03-15,Rubber gaskets,false
29OZSVL9371R7ZY,29DSORG7805Q7ZD,1318377.09,2022-03-17,Plywood panels,true
27ILOPH5801Q1ZO,07DHLQX8570T4Z7,107643.02,2022-03-23,Steel coils,true
24TSKYG0110D8ZX,27SKWQX1255L5ZB,81027.98,2022-03-25,Unprocessed timber,true
09EYIVN1895O1ZO,09ZBWBM8578V6ZU,243836.41,2022-03-26,Furniture sets,true
32ZOIZY9544B1ZL,06QCBYQ6201T5Z8,215636.08,2022-03-27,Aluminium sheets,true
32CMSLO2200R6Z5,36WFQAG8528A9Z5,181509.76,2022-03-29,Iron ore,true
24RGHCF5815H7Z1,19YTTQI9334D1Z5,329475.54,2022-03-29,Rubber gaskets,true
27MLHJA7771D8ZP,19YTTQI9334D1Z5,279040.19,2022-04-01,Crude polymer granules,true
24CPKFI4802U8Z3,09ZBWBM8578V6ZU,103513.35,2022-04-02,Assembled pump units,true
19LQXPV3933P1ZE,32KOMDV4565M8ZD,296129.18,2022-04-04,Raw rubber sheets,true
24OJGWG9976X2ZB,24TQBMB5563K9ZK,1058419.39,2022-04-04,Moulded plastic parts,true
36QKUHT3363G8Z1,07DHLQX8570T4Z7,1739308.81,2022-04-05,Garment lots,true
33FOOWY4932K5ZW,36UUJPD2134K1ZG,266012.08,2022-04-05,Packaged fittings,true
24LEGQZ0248F6ZJ,07OWSPV4756N1ZN,1131016.24,2022-04-06,Furniture sets,true
32RTMUK0767J7ZR,27HXKTQ5235G4ZA,134800.22,2022-04-07,Cotton yarn,true
32TBUEX2464C3ZX,33FOOWY4932K5ZW,116150.88,2022-04-07,Aluminium sheets,true
29KEPQP0012T8ZU,19GCSCE8452T4Z7,2967723.48,2022-04-09,Bauxite,true
36AOZCX8818C4Z4,09THKGN0004S7ZJ,330196.60,2022-04-13,Furniture sets,true
09MACAR1889T5Z3,07FSGBM8265D9ZC,277480.35,2022-04-13,Packaged fittings,true
32ZOIZY9544B1ZL,06QCBYQ6201T5Z8,217639.59,2022-04-15,Rubber gaskets,true
36ZZRVY7581R1ZE,27AVHXG6804R4Z7,46386.16,2022-04-15,Plywood panels,true
24OJGWG9976X2ZB,24TQBMB5563K9ZK,1260693.61,2022-04-15,Steel coils,true
36QKUHT3363G8Z1,07DHLQX8570T4Z7,1808265.70,2022-04-15,Assembled pump units,true
24DANYR9176S8Z7,19YTTQI9334D1Z5,2675925.69,2022-04-22,Moulded plastic parts,true
07LYWHO7356O2Z6,07DHLQX8570T4Z7,913373.57,2022-04-22,Furniture sets,true
27ILOPH5801Q1ZO,07DHLQX8570T4Z7,105050.20,2022-04-23,Cotton yarn,true
07WKVKZ7853Z8ZD,27SKWQX1255L5ZB,42599.68,2022-04-24,Plywood panels,true
07KTVJS9657V4ZX,07KYWMS0417O4Z8,249428.33,2022-04-25,Furniture sets,false
07KTVJS9657V4ZX,06PACMQ7731H2Z6,288582.12,2022-04-26,Furniture sets,true
27MLHJA7771D8ZP,19YTTQI9334D1Z5,290237.86,2022-04-27,Raw cotton bales,true
24CPKFI4802U8Z3,09ZBWBM8578V6ZU,101347.21,2022-04-28,Kitchenware cartons,true
09EYIVN1895O1ZO,29USNIB2707Y3Z6,194205.18,2022-04-29,Auto spare kits,true
09GDUDI3670A5ZE,29GBWZR4282Y6Z3,388746.91,2022-05-06,Aluminium sheets,true
24DANYR9176S8Z7,29GBWZR4282Y6Z3,2942192.63,2022-05-08,Steel coils,true
32RTMUK0767J7ZR,27AVHXG6804R4Z7,298674.78,2022-05-09,Plywood panels,true
36IBYDQ7801O8ZC,27KNVLF9413B7ZQ,26060.32,2022-05-10,Cotton yarn,true
29GOJDW2619G6ZM,09THKGN0004S7ZJ,190166.71,2022-05-12,Auto spare kits,true
36MYFHN1078R2Z4,06XLLCH1373K6Z0,208930.00,2022-05-17,Kitchenware cartons,true
27HXKTQ5235G4ZA,19QLQGQ2532E7Z2,558134.23,2022-05-20,Garment lots,true
29TIWPY0487R5ZH,19DKRMK6116L4ZI,141623.38,2022-05-23,Moulded plastic parts,true
06QWIYO2144M6Z6,07BSHGZ0028T6Z1,782698.88,2022-05-24,Kitchenware cartons,true
36WFQAG8528A9Z5,33FOOWY4932K5ZW,810617.83,2022-05-29,Cotton yarn,true
32TBUEX2464C3ZX,09CNWXM9348C8ZL,98777.10,2022-06-01,Plywood panels,true
29TIWPY0487R5ZH,27SKWQX1255L5ZB,135675.95,2022-06-03,Rubber gaskets,false
09MACAR1889T5Z3,06PACMQ7731H2Z6,177810.84,2022-06-04,Assembled pump units,true
27YRPVR6146L5ZI,06QWIYO2144M6Z6,51911.25,2022-06-06,Raw cotton bales,true
33FOOWY4932K5ZW,29DFJDI9306B7ZJ,323335.07,2022-06-07,Furniture sets,true
36VDRMO4829X3Z0,29DSORG7805Q7ZD,9296.58,2022-06-08,Raw cotton bales,true
19WSEJA6123K9ZZ,27ZKLFW2886V7ZL,2169556.30,2022-06-09,Raw cotton bales,true
29SLMYQ2307L6Z5,33IIMMB0166U5Z6,2837988.89,2022-06-09,Cotton yarn,true
33YFHAE9497P9ZG,09THKGN0004S7ZJ,341089.33,2022-06-10,Garment lots,true
36AOZCX8818C4Z4,06PACMQ7731H2Z6,310156.39,2022-06-12,Auto spare kits,true
27ZKLFW2886V7ZL,27CDMPY3420P3ZO,672308.26,2022-06-15,Steel coils,false
33ZCOYB3981K1ZV,19YTTQI9334D1Z5,20377.70,2022-06-22,Raw rubber sheets,true
07WKVKZ7853Z8ZD,36MFZZI1805O9Z6,50276.38,2022-06-22,Aluminium sheets,true
29GBWZR4282Y6Z3,07ABURL9979Q1Z0,707136.40,2022-06-26,Auto spare kits,true
09EYIVN1895O1ZO,29USNIB2707Y3Z6,198952.20,2022-06-27,Auto spare kits,true
09IWOVN2020F3ZK,19XTXAC5360U3ZZ,699965.23,2022-07-01,Garment lots,true
07WWTVC3072D6Z6,07KYWMS0417O4Z8,261505.19,2022-07-02,Auto spare kits,false
29TIWPY0487R5ZH,19DKRMK6116L4ZI,150890.46,2022-07-05,Rubber gaskets,true
36RVGEN3898U2ZW,06OUYEO4807S2ZY,10744.59,2022-07-06,Iron ore,true
33ZCOYB3981K1ZV,29NVUAL1821K7ZE,20463.51,2022-07-07,Unprocessed timber,true
32TBUEX2464C3ZX,24LEGQZ0248F6ZJ,100025.61,2022-07-07,Cotton yarn,true
32YKCYT1305Z3ZM,29USNIB2707Y3Z6,117205.97,2022-07-09,Kitchenware cartons,true
33YFHAE9497P9ZG,09THKGN0004S7ZJ,388171.66,2022-07-18,Packaged fittings,true
19GCSCE8452T4Z7,19AFHVR2881Q4Z4,207497.96,2022-07-19,Rubber gaskets,true
29GBWZR4282Y6Z3,07ABURL9979Q1Z0,639036.03,2022-07-19,Auto spare kits,true
29TIWPY0487R5ZH,24ADBPZ9331Y7Z1,198415.37,2022-07-21,Aluminium sheets,true
29DFJDI9306B7ZJ,19QLQGQ2532E7Z2,130962.91,2022-07-22,Scrap and offcuts,true
29GOJDW2619G6ZM,09ZBWBM8578V6ZU,424458.73,2022-07-24,Furniture sets,true
27AADWX3409U6ZS,09THKGN0004S7ZJ,37079.59,2022-07-26,Auto spare kits,true
27ZKLFW2886V7ZL,07OWSPV4756N1ZN,589682.79,2022-07-30,Moulded plastic parts,true
29GLIVA3486Y3ZR,07BSHGZ0028T6Z1,135915.30,2022-07-30,Furniture sets,false
33MDFOF7954Z9ZL,09EYIVN1895O1ZO,681636.65,2022-07-31,Unprocessed timber,true
36AOZCX8818C4Z4,09THKGN0004S7ZJ,368103.87,2022-07-31,Assembled pump units,true
32YKCYT1305Z3ZM,09ZBWBM8578V6ZU,100839.00,2022-08-01,Furniture sets,true
07WWTVC3072D6Z6,36UUJPD2134K1ZG,266148.13,2022-08-02,Assembled pump units,true
19CMQIT5183T9ZU,24PISLE8831I5ZS,187282.96,2022-08-04,Moulded plastic parts,true
27AADWX3409U6ZS,09THKGN0004S7ZJ,34286.90,2022-08-05,Auto spare kits,true
29TPVLE8820A7ZX,07IHIOC8713E8ZN,348607.79,2022-08-06,Auto spare kits,true
36VDRMO4829X3Z0,06FDZJZ1871X1ZP,18110.29,2022-08-08,Iron ore,true
36GSPSS3446D1Z8,32RTMUK0767J7ZR,838500.23,2022-08-09,Raw cotton bales,true
19QAOYF9022E9Z3,29OZSVL9371R7ZY,1910304.06,2022-08-10,Bauxite,true
33YFHAE9497P9ZG,09THKGN0004S7ZJ,311831.07,2022-08-10,Packaged fittings,true
32CMSLO2200R6Z5,36WFQAG8528A9Z5,165636.56,2022-08-12,Iron ore,true
06QWIYO2144M6Z6,07BSHGZ0028T6Z1,818687.38,2022-08-13,Packaged fittings,true
36MYFHN1078R2Z4,06XLLCH1373K6Z0,189689.84,2022-08-14,Garment lots,true
07ABURL9979Q1Z0,29USNIB2707Y3Z6,547328.16,2022-08-14,Warranty replacement units,false
33FOOWY4932K5ZW,07ABURL9979Q1Z0,315334.52,2022-08-17,Garment lots,false
07WWTVC3072D6Z6,36UUJPD2134K1ZG,311575.58,2022-08-17,Assembled pump units,true
33YFHAE9497P9ZG,09THKGN0004S7ZJ,380366.59,2022-08-19,Furniture sets,true
09GDUDI3670A5ZE,19YTTQI9334D1Z5,166267.10,2022-08-20,Steel coils,true
27JSEGL9722A2ZS,07OWSPV4756N1ZN,48300.25,2022-08-23,Rubber gaskets,true
33FOOWY4932K5ZW,29USNIB2707Y3Z6,224516.18,2022-08-23,Assembled pump units,true
29GBWZR4282Y6Z3,07DHLQX8570T4Z7,709289.71,2022-08-25,Assembled pump units,true
29TIWPY0487R5ZH,24ADBPZ9331Y7Z1,195427.24,2022-08-26,Aluminium sheets,false
27AADWX3409U6ZS,09THKGN0004S7ZJ,38563.67,2022-08-27,Auto spare kits,true
06TORUY4649H3ZW,24XCOGB4723J1Z4,825532.96,2022-08-30,Raw rubber sheets,true
07RQSPW5140Z2ZH,07FSGBM8265D9ZC,303545.43,2022-08-30,Rubber gaskets,true
24OJGWG9976X2ZB,29DSORG7805Q7ZD,632747.95,2022-08-31,Moulded plastic parts,true
07ABURL9979Q1Z0,29USNIB2707Y3Z6,521683.84,2022-09-01,Inter-branch stock transfer,true
07ABURL9979Q1Z0,29USNIB2707Y3Z6,568619.54,2022-09-02,Inter-branch stock transfer,true
29KEPQP0012T8ZU,06VXENK5239T5Z6,4362625.01,2022-09-08,Bauxite,true
29OZSVL9371R7ZY,29DSORG7805Q7ZD,1225402.42,2022-09-08,Cotton yarn,true
06NPUYZ0199O3ZQ,36QKUHT3363G8Z1,120254.05,2022-09-10,Cotton yarn,true
06OUYEO4807S2ZY,07ABURL9979Q1Z0,125654.36,2022-09-10,Cotton yarn,true
33QZOGD3619C2Z5,36HIWMV4627A6ZF,232727.32,2022-09-12,Raw rubber sheets,false
36HIWMV4627A6ZF,36QKUHT3363G8Z1,656525.37,2022-09-18,Cotton yarn,true
27ZKLFW2886V7ZL,27SKWQX1255L5ZB,727099.13,2022-09-18,Aluminium sheets,true
07KTVJS9657V4ZX,36UUJPD2134K1ZG,320782.50,2022-09-19,Furniture sets,true
27ZKLFW2886V7ZL,29GOJDW2619G6ZM,448899.16,2022-09-21,Plywood panels,true
33IIMMB0166U5Z6,09MDSAV0327Y3ZY,1070374.00,2022-09-21,Packaged fittings,true
29TPVLE8820A7ZX,09ZBWBM8578V6ZU,503301.05,2022-09-22,Garment lots,true
06TORUY4649H3ZW,24XCOGB4723J1Z4,873492.86,2022-09-23,Raw rubber sheets,true
24OJGWG9976X2ZB,29DSORG7805Q7ZD,669430.98,2022-09-23,Rubber gaskets,true
24OJGWG9976X2ZB,29DSORG7805Q7ZD,585548.45,2022-09-24,Aluminium sheets,true
27JSEGL9722A2ZS,09IWOVN2020F3ZK,46663.22,2022-09-30,Rubber gaskets,true
07VZKFB6019K1ZT,29LQFOT4019W1ZL,547577.50,2022-10-01,Steel coils,true
32AQGJY0057D6ZV,06NPUYZ0199O3ZQ,307061.10,2022-10-02,Iron ore,true
24DANYR9176S8Z7,29GBWZR4282Y6Z3,3318418.93,2022-10-02,Plywood panels,true
06CFKGF8704V3ZL,19QLQGQ2532E7Z2,63297.48,2022-10-02,Packaged fittings,true
27JSEGL9722A2ZS,09IWOVN2020F3ZK,55404.69,2022-10-03,Plywood panels,true
19ORCRZ5136S8ZX,29DFJDI9306B7ZJ,868128.28,2022-10-05,Assembled pump units,true
29TIWPY0487R5ZH,19DKRMK6116L4ZI,153992.16,2022-10-06,Cotton yarn,true
32OSLJF8100O5ZL,29GOJDW2619G6ZM,26439.41,2022-10-07,Moulded plastic parts,false
33XJXTK6255H1ZG,19FQVDH2460H4ZO,483991.25,2022-10-08,Bauxite,false
24OJGWG9976X2ZB,29DSORG7805Q7ZD,675570.54,2022-10-08,Steel coils,true
19ORCRZ5136S8ZX,29DFJDI9306B7ZJ,727547.89,2022-10-08,Kitchenware cartons,true
36DOAKR6492B1ZA,07FSGBM8265D9ZC,15245.07,2022-10-09,Cotton yarn,true
24OJGWG9976X2ZB,29DSORG7805Q7ZD,717361.47,2022-10-09,Plywood panels,false
07RQSPW5140Z2ZH,06QCBYQ6201T5Z8,592865.99,2022-10-12,Aluminium sheets,false
24CPKFI4802U8Z3,09ZBWBM8578V6ZU,109354.62,2022-10-12,Furniture sets,true
36DOAKR6492B1ZA,09MACAR1889T5Z3,17877.65,2022-10-13,Aluminium sheets,true
19ORCRZ5136S8ZX,07ABURL9979Q1Z0,1357730.05,2022-10-15,Packaged fittings,false
07KTVJS9657V4ZX,07KYWMS0417O4Z8,282682.41,2022-10-15,Furniture sets,true
27AADWX3409U6ZS,36UUJPD2134K1ZG,33557.38,2022-10-18,Kitchenware cartons,true
33YFHAE9497P9ZG,09MDSAV0327Y3ZY,234764.28,2022-10-18,Furniture sets,true
24RGHCF5815H7Z1,19YTTQI9334D1Z5,318206.89,2022-10-19,Aluminium sheets,false
36GDMFJ3180O4ZC,29DFJDI9306B7ZJ,458837.77,2022-10-19,Aluminium sheets,true
07WWTVC3072D6Z6,09ZBWBM8578V6ZU,244373.33,2022-10-21,Packaged fittings,true
27AADWX3409U6ZS,36UUJPD2134K1ZG,33041.52,2022-10-23,Garment lots,true
09EYIVN1895O1ZO,09ZBWBM8578V6ZU,209299.33,2022-10-25,Auto spare kits,true
32CMSLO2200R6Z5,36HIWMV4627A6ZF,140570.59,2022-10-27,Crude polymer granules,true
27JXTFP9055S6Z9,09EYIVN1895O1ZO,36160.24,2022-10-27,Cotton yarn,true
36AOZCX8818C4Z4,06PACMQ7731H2Z6,340804.86,2022-10-27,Furniture sets,true
33YFHAE9497P9ZG,09MDSAV0327Y3ZY,292726.28,2022-10-27,Garment lots,true
27JSEGL9722A2ZS,27KNVLF9413B7ZQ,34891.21,2022-10-31,Plywood panels,true
19ORCRZ5136S8ZX,09ZBWBM8578V6ZU,1431679.97,2022-11-02,Kitchenware cartons,true
36AMNXO1723D1ZL,07KYWMS0417O4Z8,402445.13,2022-11-05,Auto spare kits,true
19ORCRZ5136S8ZX,09ZBWBM8578V6ZU,1557743.23,2022-11-06,Garment lots,true
09GDUDI3670A5ZE,19YTTQI9334D1Z5,160141.61,2022-11-07,Steel coils,true
24XCOGB4723J1Z4,19QLQGQ2532E7Z2,208684.38,2022-11-07,Garment lots,false
07WWTVC3072D6Z6,36UUJPD2134K1ZG,240530.31,2022-11-08,Garment lots,true
06QWIYO2144M6Z6,07BSHGZ0028T6Z1,705694.05,2022-11-09,Packaged fittings,false
19ORCRZ5136S8ZX,29DFJDI9306B7ZJ,819940.05,2022-11-10,Kitchenware cartons,true
29GLIVA3486Y3ZR,29LQFOT4019W1ZL,138099.92,2022-11-11,Kitchenware cartons,false
07RQSPW5140Z2ZH,07FSGBM8265D9ZC,358214.20,2022-11-12,Steel coils,true
33YFHAE9497P9ZG,09MDSAV0327Y3ZY,250343.06,2022-11-13,Assembled pump units,true
24TSKYG0110D8ZX,36ZZRVY7581R1ZE,162731.77,2022-11-14,Raw rubber sheets,true
36WFQAG8528A9Z5,24ADBPZ9331Y7Z1,808518.39,2022-11-15,Rubber gaskets,true
19ORCRZ5136S8ZX,29DFJDI9306B7ZJ,736357.03,2022-11-15,Assembled pump units,true
33QZOGD3619C2Z5,36HIWMV4627A6ZF,234711.46,2022-11-19,Iron ore,true
36JMBCS5285U5Z4,07VZKFB6019K1ZT,32674.38,2022-11-20,Iron ore,true
36MFZZI1805O9Z6,09MDSAV0327Y3ZY,787000.69,2022-11-21,Garment lots,true
19ORCRZ5136S8ZX,09ZBWBM8578V6ZU,1552588.75,2022-11-22,Packaged fittings,true
36IBYDQ7801O8ZC,19ORCRZ5136S8ZX,58548.17,2022-11-24,Rubber gaskets,true
32BTVLO0183D3ZZ,07BSHGZ0028T6Z1,17720.39,2022-11-24,Plywood panels,true
19ORCRZ5136S8ZX,29DFJDI9306B7ZJ,688256.52,2022-11-24,Furniture sets,true
24CPKFI4802U8Z3,06ZYUMR8310X1ZI,163827.98,2022-11-24,Auto spare kits,true
36GDMFJ3180O4ZC,29DFJDI9306B7ZJ,490397.22,2022-11-25,Rubber gaskets,true
36RVGEN3898U2ZW,29GOJDW2619G6ZM,16299.87,2022-11-26,Unprocessed timber,true
27JGLFA5617I5Z0,27JXTFP9055S6Z9,34686.18,2022-11-28,Raw cotton bales,true
27JSEGL9722A2ZS,27CDMPY3420P3ZO,60081.64,2022-11-28,Moulded plastic parts,true
29USNIB2707Y3Z6,07BSHGZ0028T6Z1,535449.16,2022-11-29,Warranty replacement units,true
36GSPSS3446D1Z8,33GUQQC4750Y8Z5,677187.78,2022-11-30,Bauxite,true
24LEGQZ0248F6ZJ,27KNVLF9413B7ZQ,524848.62,2022-11-30,Auto spare kits,true
33QZOGD3619C2Z5,36HIWMV4627A6ZF,236889.69,2022-12-01,Raw rubber sheets,true
09MACAR1889T5Z3,07KYWMS0417O4Z8,277521.86,2022-12-01,Assembled pump units,true
33YFHAE9497P9ZG,09MDSAV0327Y3ZY,238120.08,2022-12-01,Auto spare kits,true
36GSPSS3446D1Z8,09LRSNL8397M2ZC,1457753.28,2022-12-02,Crude polymer granules,true
29TPVLE8820A7ZX,07OWSPV4756N1ZN,260686.61,2022-12-02,Packaged fittings,true
32AQGJY0057D6ZV,27ZKLFW2886V7ZL,133408.43,2022-12-03,Bauxite,true
27JSEGL9722A2ZS,07OWSPV4756N1ZN,54590.87,2022-12-04,Steel coils,false
19YTTQI9334D1Z5,29LQFOT4019W1ZL,484828.71,2022-12-04,Kitchenware cartons,true
24OJGWG9976X2ZB,07OWSPV4756N1ZN,1117424.62,2022-12-08,Cotton yarn,true
24TQBMB5563K9ZK,29DFJDI9306B7ZJ,183056.78,2022-12-08,Furniture sets,true
24OJGWG9976X2ZB,07OWSPV4756N1ZN,864088.82,2022-12-09,Rubber gaskets,true
27AADWX3409U6ZS,36UUJPD2134K1ZG,39700.65,2022-12-09,Garment lots,true
24OJGWG9976X2ZB,07OWSPV4756N1ZN,1068535.19,2022-12-10,Cotton yarn,true
36DOAKR6492B1ZA,06QWIYO2144M6Z6,23056.40,2022-12-12,Plywood panels,true
09MACAR1889T5Z3,07KYWMS0417O4Z8,250394.01,2022-12-12,Assembled pump units,true
29GBWZR4282Y6Z3,27KNVLF9413B7ZQ,1421985.69,2022-12-14,Kitchenware cartons,true
27JXTFP9055S6Z9,09EYIVN1895O1ZO,39595.97,2022-12-18,Plywood panels,true
29LQFOT4019W1ZL,09THKGN0004S7ZJ,396127.14,2022-12-22,Scrap and offcuts,true
24OJGWG9976X2ZB,07OWSPV4756N1ZN,964162.86,2022-12-24,Plywood panels,false
19QGJES9032L6ZO,07ABURL9979Q1Z0,548096.57,2022-12-25,Aluminium sheets,true
24OJGWG9976X2ZB,07OWSPV4756N1ZN,1073642.88,2022-12-25,Aluminium sheets,true
29WPVPH3087E4Z8,32OSLJF8100O5ZL,92956.71,2022-12-26,Iron ore,true
24OJGWG9976X2ZB,07OWSPV4756N1ZN,1091425.82,2022-12-26,Aluminium sheets,false
36JMBCS5285U5Z4,29OZSVL9371R7ZY,40329.09,2022-12-31,Bauxite,true
29WPVPH3087E4Z8,27SKWQX1255L5ZB,105945.82,2022-12-31,Iron ore,true
33NIRBJ4576K8ZM,09LRSNL8397M2ZC,21315.33,2023-01-02,Cotton yarn,true
36VDRMO4829X3Z0,07KTVJS9657V4ZX,13814.31,2023-01-03,Bauxite,true
36GDMFJ3180O4ZC,06FDZJZ1871X1ZP,397366.80,2023-01-04,Rubber gaskets,true
36QKUHT3363G8Z1,19XTXAC5360U3ZZ,990518.40,2023-01-08,Furniture sets,false
06VXENK5239T5Z6,07KYWMS0417O4Z8,1906231.06,2023-01-12,Kitchenware cartons,true
19GCSCE8452T4Z7,33GUQQC4750Y8Z5,356958.78,2023-01-13,Steel coils,true
36IBYDQ7801O8ZC,19ORCRZ5136S8ZX,60913.93,2023-01-14,Rubber gaskets,true
27HXKTQ5235G4ZA,36UUJPD2134K1ZG,634056.21,2023-01-14,Furniture sets,true
29NVUAL1821K7ZE,33DKOHF9808I3ZZ,129270.16,2023-01-16,Moulded plastic parts,true
36GDMFJ3180O4ZC,07BSHGZ0028T6Z1,354819.35,2023-01-16,Rubber gaskets,false
33DKOHF9808I3ZZ,29LQFOT4019W1ZL,64971.93,2023-01-17,Kitchenware cartons,true
07KTVJS9657V4ZX,36UUJPD2134K1ZG,318422.92,2023-01-21,Garment lots,true
06FDZJZ1871X1ZP,24ADBPZ9331Y7Z1,746386.91,2023-01-22,Auto spare kits,false
36AOZCX8818C4Z4,19YTTQI9334D1Z5,3016698.24,2023-01-22,Kitchenware cartons,true
33YFHAE9497P9ZG,09MDSAV0327Y3ZY,283186.05,2023-01-23,Auto spare kits,true
36UHMYC0921B6ZB,09TYOFZ7611E9ZS,298869.44,2023-01-25,Unprocessed timber,true
27MLHJA7771D8ZP,36MYFHN1078R2Z4,221620.34,2023-01-26,Crude polymer granules,true
32RTMUK0767J7ZR,29DFJDI9306B7ZJ,159831.92,2023-01-26,Steel coils,true
33DKOHF9808I3ZZ,29LQFOT4019W1ZL,60144.63,2023-01-27,Furniture sets,true
36IBYDQ7801O8ZC,19ORCRZ5136S8ZX,56459.26,2023-01-28,Plywood panels,true
27HXKTQ5235G4ZA,29USNIB2707Y3Z6,411078.68,2023-01-28,Packaged fittings,true
32ZOIZY9544B1ZL,06QCBYQ6201T5Z8,170581.11,2023-01-29,Moulded plastic parts,true
36HIWMV4627A6ZF,36QKUHT3363G8Z1,582418.77,2023-01-30,Moulded plastic parts,true
19GCSCE8452T4Z7,06CFKGF8704V3ZL,166267.03,2023-02-02,Plywood panels,true
09MACAR1889T5Z3,09MDSAV0327Y3ZY,212146.72,2023-02-02,Kitchenware cartons,false
36QKUHT3363G8Z1,07DHLQX8570T4Z7,1681002.04,2023-02-03,Garment lots,true
33ZCOYB3981K1ZV,19YTTQI9334D1Z5,19399.84,2023-02-04,Unprocessed timber,true
32YKCYT1305Z3ZM,24ADBPZ9331Y7Z1,209832.15,2023-02-04,Assembled pump units,true
36JMBCS5285U5Z4,33NIRBJ4576K8ZM,48531.90,2023-02-05,Iron ore,true
27MLHJA7771D8ZP,36MYFHN1078R2Z4,212959.13,2023-02-06,Raw rubber sheets,true
27MLHJA7771D8ZP,36MYFHN1078R2Z4,200174.84,2023-02-07,Iron ore,true
24LEGQZ0248F6ZJ,27KNVLF9413B7ZQ,563960.20,2023-02-07,Garment lots,true
19YTTQI9334D1Z5,36AOZCX8818C4Z4,2991613.14,2023-02-08,Assembled pump units,true
32AQGJY0057D6ZV,27ZKLFW2886V7ZL,147310.58,2023-02-09,Raw rubber sheets,true
07JUHCS8296Y9Z9,27CDMPY3420P3ZO,232189.17,2023-02-11,Raw rubber sheets,true
29ONVRZ3130M6ZL,29GOJDW2619G6ZM,90947.55,2023-02-11,Moulded plastic parts,true
07DHLQX8570T4Z7,24CPKFI4802U8Z3,86945.12,2023-02-11,Inter-branch stock transfer,false
27ZKLFW2886V7ZL,19BVGWK7086S6Z9,571620.10,2023-02-15,Aluminium sheets,true
24CPKFI4802U8Z3,09ZBWBM8578V6ZU,130843.97,2023-02-15,Garment lots,true
36IBYDQ7801O8ZC,33FOOWY4932K5ZW,53647.46,2023-02-18,Steel coils,true
27JSEGL9722A2ZS,07OWSPV4756N1ZN,48332.49,2023-02-21,Moulded plastic parts,true
06NPUYZ0199O3ZQ,29GOJDW2619G6ZM,129054.79,2023-02-21,Rubber gaskets,true
36RVGEN3898U2ZW,29OZSVL9371R7ZY,11398.67,2023-02-23,Unprocessed timber,false
06VXENK5239T5Z6,06XYZCA0026Z5ZI,1522509.74,2023-02-28,Garment lots,false
33XJXTK6255H1ZG,19FQVDH2460H4ZO,593470.40,2023-03-01,Unprocessed timber,false
33QZOGD3619C2Z5,32ZOIZY9544B1ZL,240734.13,2023-03-06,Unprocessed timber,true
27MLHJA7771D8ZP,36MYFHN1078R2Z4,230092.60,2023-03-10,Iron ore,true
19RQFMU3728T6Z2,09IWOVN2020F3ZK,15763.53,2023-03-12,Steel coils,true
32TBUEX2464C3ZX,07BSHGZ0028T6Z1,97384.22,2023-03-12,Aluminium sheets,true
29TIWPY0487R5ZH,06VXENK5239T5Z6,163027.94,2023-03-12,Rubber gaskets,false
24LIHCR1961J7Z7,27AADWX3409U6ZS,84087.66,2023-03-13,Steel coils,true
33DKOHF9808I3ZZ,27KNVLF9413B7ZQ,142406.70,2023-03-14,Packaged fittings,true
36JMBCS5285U5Z4,29OZSVL9371R7ZY,41381.14,2023-03-15,Bauxite,true
32RTMUK0767J7ZR,06VXENK5239T5Z6,227703.17,2023-03-15,Moulded plastic parts,true
24TQBMB5563K9ZK,06XLLCH1373K6Z0,363808.32,2023-03-15,Kitchenware cartons,false
36RVGEN3898U2ZW,29OZSVL9371R7ZY,12688.80,2023-03-17,Raw cotton bales,true
27HXKTQ5235G4ZA,29USNIB2707Y3Z6,408971.76,2023-03-19,Assembled pump units,true
06BWKWN5630Z4ZD,36UUJPD2134K1ZG,29630.12,2023-03-20,Aluminium sheets,true
29ONVRZ3130M6ZL,33GUQQC4750Y8Z5,96376.26,2023-03-20,Aluminium sheets,true
36MYFHN1078R2Z4,06XYZCA0026Z5ZI,302638.47,2023-03-21,Auto spare kits,true
29ONVRZ3130M6ZL,29GBWZR4282Y6Z3,66022.17,2023-03-22,Rubber gaskets,true
24LIHCR1961J7Z7,29GOJDW2619G6ZM,91732.73,2023-03-24,Aluminium sheets,true
33YGMLY4610W6ZS,24ADBPZ9331Y7Z1,432934.63,2023-03-24,Auto spare kits,true
19ORCRZ5136S8ZX,29LQFOT4019W1ZL,1363949.69,2023-03-24,Furniture sets,true
07JUHCS8296Y9Z9,32MCPVJ0931T3ZJ,267099.55,2023-03-27,Raw cotton bales,true
27MLHJA7771D8ZP,36MYFHN1078R2Z4,204802.86,2023-03-28,Raw cotton bales,true
33GUQQC4750Y8Z5,07BSHGZ0028T6Z1,1622365.14,2023-03-28,Furniture sets,true
27JSEGL9722A2ZS,29TPVLE8820A7ZX,41213.21,2023-03-31,Cotton yarn,true
33YGMLY4610W6ZS,24ADBPZ9331Y7Z1,355731.86,2023-03-31,Packaged fittings,true
07LYWHO7356O2Z6,24PISLE8831I5ZS,2791990.04,2023-04-01,Kitchenware cartons,true
32TBUEX2464C3ZX,09CNWXM9348C8ZL,101601.40,2023-04-02,Steel coils,true
24SORHP9066Z2ZO,09LRSNL8397M2ZC,21405.67,2023-04-02,Aluminium sheets,true
27HXKTQ5235G4ZA,29USNIB2707Y3Z6,456165.44,2023-04-02,Packaged fittings,true
33EOHXD6723F6ZQ,09MACAR1889T5Z3,522214.72,2023-04-04,Iron ore,true
33DKOHF9808I3ZZ,29DFJDI9306B7ZJ,113906.34,2023-04-05,Packaged fittings,true
33YGMLY4610W6ZS,07IHIOC8713E8ZN,334950.16,2023-04-08,Packaged fittings,true
27ILOPH5801Q1ZO,32MCPVJ0931T3ZJ,97851.37,2023-04-09,Moulded plastic parts,true
24RGHCF5815H7Z1,07KYWMS0417O4Z8,274761.04,2023-04-10,Moulded plastic parts,true
36IBYDQ7801O8ZC,36AOZCX8818C4Z4,47882.62,2023-04-13,Plywood panels,true
32AQGJY0057D6ZV,36AOZCX8818C4Z4,191776.87,2023-04-15,Raw rubber sheets,true
09MACAR1889T5Z3,09MDSAV0327Y3ZY,196141.10,2023-04-16,Furniture sets,false
32CMSLO2200R6Z5,36IBYDQ7801O8ZC,188215.38,2023-04-17,Raw rubber sheets,true
33YGMLY4610W6ZS,07FSGBM8265D9ZC,724319.84,2023-04-17,Packaged fittings,true
24CPKFI4802U8Z3,19XTXAC5360U3ZZ,243884.93,2023-04-17,Auto spare kits,true
29WPVPH3087E4Z8,29NVUAL1821K7ZE,45415.10,2023-04-18,Iron ore,true
36AOZCX8818C4Z4,07OWSPV4756N1ZN,184383.65,2023-04-18,Kitchenware cartons,true
19ORCRZ5136S8ZX,27WAABE0101S7ZY,998439.34,2023-04-18,Assembled pump units,true
29HDPWO6467E4ZJ,19FQVDH2460H4ZO,596205.16,2023-04-21,Raw cotton bales,true
36VDRMO4829X3Z0,27JSEGL9722A2ZS,14483.85,2023-04-22,Bauxite,true
19FWLNA7151E6Z5,29EOAZQ4256B3ZB,1153148.00,2023-04-26,Raw cotton bales,true
33EOHXD6723F6ZQ,09MACAR1889T5Z3,490829.44,2023-04-27,Iron ore,true
24SORHP9066Z2ZO,33YFHAE9497P9ZG,18508.20,2023-04-27,Aluminium sheets,true
06BWKWN5630Z4ZD,36UUJPD2134K1ZG,26977.04,2023-05-02,Moulded plastic parts,true
32TBUEX2464C3ZX,24LEGQZ0248F6ZJ,121416.18,2023-05-02,Cotton yarn,true
33EOHXD6723F6ZQ,27HXKTQ5235G4ZA,303902.14,2023-05-05,Iron ore,true
33FOOWY4932K5ZW,07KYWMS0417O4Z8,347255.75,2023-05-05,Furniture sets,true
06NPUYZ0199O3ZQ,33GUQQC4750Y8Z5,167419.80,2023-05-07,Plywood panels,true
32TBUEX2464C3ZX,27SKWQX1255L5ZB,66827.24,2023-05-11,Aluminium sheets,true
33GUQQC4750Y8Z5,19QLQGQ2532E7Z2,556022.76,2023-05-11,Packaged fittings,true
07LYWHO7356O2Z6,07DHLQX8570T4Z7,1096170.63,2023-05-13,Packaged fittings,true
09IWOVN2020F3ZK,07OWSPV4756N1ZN,500946.23,2023-05-13,Furniture sets,true
33YGMLY4610W6ZS,07IHIOC8713E8ZN,267697.69,2023-05-14,Assembled pump units,true
33YGMLY4610W6ZS,07IHIOC8713E8ZN,260481.36,2023-05-18,Kitchenware cartons,true
19ORCRZ5136S8ZX,27WAABE0101S7ZY,1045065.09,2023-05-19,Packaged fittings,false
19WSEJA6123K9ZZ,27IPCHV6936J3ZF,1746852.13,2023-05-20,Crude polymer granules,true
09MACAR1889T5Z3,06XLLCH1373K6Z0,482104.72,2023-05-20,Assembled pump units,true
33JUGCQ0243X7ZK,29LQFOT4019W1ZL,397599.23,2023-05-22,Returned unsold stock,true
32APDCZ4228J5Z9,07WKVKZ7853Z8ZD,199994.59,2023-05-23,Unprocessed timber,true
29DSORG7805Q7ZD,27KNVLF9413B7ZQ,1808804.15,2023-05-24,Furniture sets,true
32RTMUK0767J7ZR,06VXENK5239T5Z6,207701.93,2023-05-26,Plywood panels,true
33YGMLY4610W6ZS,07IHIOC8713E8ZN,345499.95,2023-05-27,Kitchenware cartons,true
29USNIB2707Y3Z6,07BSHGZ0028T6Z1,565062.20,2023-05-29,Inter-branch stock transfer,true
36GZLVK4903C3ZJ,36AOZCX8818C4Z4,469865.79,2023-06-01,Iron ore,false
24DANYR9176S8Z7,19AFHVR2881Q4Z4,1760038.20,2023-06-01,Rubber gaskets,true
29TIWPY0487R5ZH,06VXENK5239T5Z6,157604.80,2023-06-02,Steel coils,false
33EOHXD6723F6ZQ,09MACAR1889T5Z3,478929.00,2023-06-03,Bauxite,true
07VZKFB6019K1ZT,06ZYUMR8310X1ZI,706926.16,2023-06-03,Plywood panels,true
33YGMLY4610W6ZS,24ADBPZ9331Y7Z1,435072.63,2023-06-05,Garment lots,true
33YGMLY4610W6ZS,07IHIOC8713E8ZN,291454.65,2023-06-05,Furniture sets,true
36AMNXO1723D1ZL,06XYZCA0026Z5ZI,239139.24,2023-06-05,Packaged fittings,true
32RTMUK0767J7ZR,27AVHXG6804R4Z7,360027.45,2023-06-06,Cotton yarn,true
09LRSNL8397M2ZC,06XYZCA0026Z5ZI,1359170.31,2023-06-06,Assembled pump units,true
36BOCZB4319K6Z2,19ORCRZ5136S8ZX,2865811.32,2023-06-08,Raw rubber sheets,true
27MLHJA7771D8ZP,33YGMLY4610W6ZS,331658.11,2023-06-10,Crude polymer granules,true
33NIRBJ4576K8ZM,27WAABE0101S7ZY,18598.41,2023-06-11,Cotton yarn,true
19QGJES9032L6ZO,07ABURL9979Q1Z0,544272.61,2023-06-12,Plywood panels,true
27ZKLFW2886V7ZL,24TQBMB5563K9ZK,535758.34,2023-06-13,Plywood panels,true
33YGMLY4610W6ZS,24ADBPZ9331Y7Z1,382713.79,2023-06-14,Packaged fittings,true
33GUQQC4750Y8Z5,07BSHGZ0028T6Z1,1536008.97,2023-06-14,Assembled pump units,true
36WFQAG8528A9Z5,33FOOWY4932K5ZW,819592.77,2023-06-15,Steel coils,true
19WSEJA6123K9ZZ,29TPVLE8820A7ZX,1074877.54,2023-06-16,Raw cotton bales,true
27MLHJA7771D8ZP,33YGMLY4610W6ZS,373623.80,2023-06-16,Iron ore,true
07WKVKZ7853Z8ZD,27SKWQX1255L5ZB,48871.57,2023-06-16,Rubber gaskets,true
33EOHXD6723F6ZQ,32KOMDV4565M8ZD,608268.03,2023-06-19,Raw rubber sheets,false
29HDPWO6467E4ZJ,09GDUDI3670A5ZE,263243.85,2023-06-19,Raw rubber sheets,true
33YGMLY4610W6ZS,07FSGBM8265D9ZC,803369.60,2023-06-19,Kitchenware cartons,true
06TORUY4649H3ZW,24XCOGB4723J1Z4,1034730.65,2023-06-20,Raw rubber sheets,false
27MLHJA7771D8ZP,33YGMLY4610W6ZS,378066.32,2023-06-20,Crude polymer granules,true
33XJXTK6255H1ZG,19FQVDH2460H4ZO,474194.20,2023-06-21,Crude polymer granules,true
09LRSNL8397M2ZC,19QLQGQ2532E7Z2,2871377.91,2023-06-22,Furniture sets,true
36DOAKR6492B1ZA,29GLIVA3486Y3ZR,22305.58,2023-06-24,Moulded plastic parts,true
06QWIYO2144M6Z6,33JUGCQ0243X7ZK,976074.98,2023-06-25,Packaged fittings,true
19QAOYF9022E9Z3,36QKUHT3363G8Z1,3014503.65,2023-06-26,Crude polymer granules,false
29WPVPH3087E4Z8,32OSLJF8100O5ZL,111713.43,2023-06-26,Raw rubber sheets,true
29GLIVA3486Y3ZR,07BSHGZ0028T6Z1,121577.78,2023-06-26,Garment lots,true
36MYFHN1078R2Z4,07OWSPV4756N1ZN,126349.61,2023-06-27,Packaged fittings,true
32RTMUK0767J7ZR,06VXENK5239T5Z6,190225.61,2023-06-28,Steel coils,true
33YGMLY4610W6ZS,24ADBPZ9331Y7Z1,360955.97,2023-06-29,Auto spare kits,true
33EOHXD6723F6ZQ,32KOMDV4565M8ZD,700315.98,2023-07-01,Raw cotton bales,true
33ZCOYB3981K1ZV,29NVUAL1821K7ZE,25196.76,2023-07-01,Raw rubber sheets,true
19YTTQI9334D1Z5,33JUGCQ0243X7ZK,848415.93,2023-07-02,Auto spare kits,true
32TBUEX2464C3ZX,09CNWXM9348C8ZL,90864.09,2023-07-03,Steel coils,false
29NVUAL1821K7ZE,33DKOHF9808I3ZZ,101034.66,2023-07-04,Aluminium sheets,true
27JGLFA5617I5Z0,24LEGQZ0248F6ZJ,27445.69,2023-07-05,Unprocessed timber,true
32YKCYT1305Z3ZM,07BSHGZ0028T6Z1,101729.04,2023-07-05,Auto spare kits,true
33NIRBJ4576K8ZM,27WAABE0101S7ZY,18010.15,2023-07-07,Cotton yarn,true
27MLHJA7771D8ZP,33YGMLY4610W6ZS,308859.92,2023-07-10,Crude polymer granules,true
32RTMUK0767J7ZR,24XCOGB4723J1Z4,226327.26,2023-07-10,Cotton yarn,true
27JSEGL9722A2ZS,07OWSPV4756N1ZN,58232.28,2023-07-11,Cotton yarn,true
24XCOGB4723J1Z4,19QLQGQ2532E7Z2,225193.29,2023-07-11,Auto spare kits,true
33YFHAE9497P9ZG,27WAABE0101S7ZY,402978.47,2023-07-12,Assembled pump units,true
33ZCOYB3981K1ZV,19YTTQI9334D1Z5,18473.20,2023-07-13,Bauxite,true
06FDZJZ1871X1ZP,19XTXAC5360U3ZZ,564903.25,2023-07-13,Assembled pump units,true
06QWIYO2144M6Z6,07BSHGZ0028T6Z1,665745.27,2023-07-15,Garment lots,true
36JMBCS5285U5Z4,33NIRBJ4576K8ZM,39567.92,2023-07-17,Raw rubber sheets,true
06OUYEO4807S2ZY,33YGMLY4610W6ZS,127529.86,2023-07-17,Plywood panels,true
33ZCOYB3981K1ZV,19YTTQI9334D1Z5,20392.78,2023-07-18,Bauxite,true
27JXTFP9055S6Z9,09EYIVN1895O1ZO,36322.06,2023-07-18,Steel coils,true
29TPVLE8820A7ZX,09ZBWBM8578V6ZU,416926.37,2023-07-19,Garment lots,true
09EYIVN1895O1ZO,29USNIB2707Y3Z6,233802.51,2023-07-20,Auto spare kits,true
06VXENK5239T5Z6,07KYWMS0417O4Z8,1994962.08,2023-07-21,Auto spare kits,true
06FDZJZ1871X1ZP,19XTXAC5360U3ZZ,600857.45,2023-07-22,Packaged fittings,true
29HDPWO6467E4ZJ,19FQVDH2460H4ZO,534336.73,2023-07-24,Raw rubber sheets,true
06HZHAM9303D1Z2,27IPCHV6936J3ZF,1684928.80,2023-07-24,Raw cotton bales,true
19YTTQI9334D1Z5,29LQFOT4019W1ZL,370220.40,2023-07-24,Auto spare kits,true
27LPMFO3207W6ZE,33IIMMB0166U5Z6,114914.80,2023-07-27,Rubber gaskets,true
24PISLE8831I5ZS,33JUGCQ0243X7ZK,527063.37,2023-07-27,Kitchenware cartons,true
06FDZJZ1871X1ZP,06ZYUMR8310X1ZI,512904.85,2023-07-27,Assembled pump units,true
36JMBCS5285U5Z4,33NIRBJ4576K8ZM,52038.16,2023-07-29,Raw rubber sheets,true
32YKCYT1305Z3ZM,24ADBPZ9331Y7Z1,187061.12,2023-07-29,Garment lots,true
24PISLE8831I5ZS,33JUGCQ0243X7ZK,478436.78,2023-07-30,Auto spare kits,true
09IWOVN2020F3ZK,06XYZCA0026Z5ZI,718778.99,2023-07-30,Auto spare kits,true
27MLHJA7771D8ZP,33YGMLY4610W6ZS,382731.12,2023-07-31,Bauxite,true
36VDRMO4829X3Z0,32OSLJF8100O5ZL,12385.52,2023-08-01,Unprocessed timber,true
33YFHAE9497P9ZG,06XYZCA0026Z5ZI,250183.58,2023-08-02,Garment lots,true
36CVMQV4934B6Z0,36HIWMV4627A6ZF,36268.47,2023-08-04,Crude polymer granules,true
36IBYDQ7801O8ZC,27KNVLF9413B7ZQ,29779.36,2023-08-04,Moulded plastic parts,true
09GDUDI3670A5ZE,09MDSAV0327Y3ZY,171310.18,2023-08-04,Moulded plastic parts,true
09GDUDI3670A5ZE,19YTTQI9334D1Z5,191409.28,2023-08-05,Moulded plastic parts,true
36WFQAG8528A9Z5,33FOOWY4932K5ZW,707719.01,2023-08-06,Moulded plastic parts,true
06FDZJZ1871X1ZP,06ZYUMR8310X1ZI,557222.51,2023-08-08,Packaged fittings,true
33DKOHF9808I3ZZ,06XLLCH1373K6Z0,114278.20,2023-08-09,Assembled pump units,true
36GDMFJ3180O4ZC,19QLQGQ2532E7Z2,247736.52,2023-08-11,Cotton yarn,true
27HXKTQ5235G4ZA,33JUGCQ0243X7ZK,880129.79,2023-08-11,Packaged fittings,true
24PISLE8831I5ZS,33JUGCQ0243X7ZK,561472.71,2023-08-12,Auto spare kits,true
29GLIVA3486Y3ZR,33JUGCQ0243X7ZK,123335.15,2023-08-13,Packaged fittings,false
19YTTQI9334D1Z5,29LQFOT4019W1ZL,424485.55,2023-08-15,Furniture sets,true
29ONVRZ3130M6ZL,24ADBPZ9331Y7Z1,92679.85,2023-08-16,Aluminium sheets,false
36GDMFJ3180O4ZC,19QLQGQ2532E7Z2,292471.71,2023-08-18,Steel coils,true
07KTVJS9657V4ZX,07KYWMS0417O4Z8,265384.85,2023-08-19,Kitchenware cartons,true
33DKOHF9808I3ZZ,06XLLCH1373K6Z0,110144.85,2023-08-19,Furniture sets,true
27JGLFA5617I5Z0,24LEGQZ0248F6ZJ,21970.58,2023-08-20,Raw rubber sheets,true
27JXTFP9055S6Z9,19BVGWK7086S6Z9,16793.24,2023-08-20,Moulded plastic parts,true
06FDZJZ1871X1ZP,06ZYUMR8310X1ZI,612209.11,2023-08-20,Assembled pump units,true
32APDCZ4228J5Z9,29YDUXQ1768F6Z5,295130.15,2023-08-21,Crude polymer granules,true
29TPVLE8820A7ZX,06MOGFE1378X5ZQ,373705.63,2023-08-24,Auto spare kits,false
27HXKTQ5235G4ZA,36UUJPD2134K1ZG,628511.37,2023-08-24,Auto spare kits,true
27AVHXG6804R4Z7,19YNUSU1543Z9ZL,90573.44,2023-08-24,Packaged fittings,true
29NVUAL1821K7ZE,33DKOHF9808I3ZZ,115652.06,2023-08-25,Moulded plastic parts,true
36MYFHN1078R2Z4,27WAABE0101S7ZY,199263.63,2023-08-25,Assembled pump units,false
36RVGEN3898U2ZW,29GOJDW2619G6ZM,17420.86,2023-08-26,Raw cotton bales,true
06HKRKP4434B1ZM,09CNWXM9348C8ZL,753472.52,2023-08-26,Raw rubber sheets,true
27JSEGL9722A2ZS,07BSHGZ0028T6Z1,43397.82,2023-08-27,Moulded plastic parts,true
07JUHCS8296Y9Z9,09TYOFZ7611E9ZS,213394.11,2023-08-28,Raw rubber sheets,true
09EYIVN1895O1ZO,09ZBWBM8578V6ZU,213380.58,2023-08-28,Garment lots,true
24PISLE8831I5ZS,33JUGCQ0243X7ZK,448429.17,2023-08-29,Furniture sets,true
36WFQAG8528A9Z5,06QCBYQ6201T5Z8,359555.74,2023-08-30,Moulded plastic parts,true
36AMNXO1723D1ZL,07UPVXB8379E6ZK,134416.53,2023-08-30,Assembled pump units,true
19CMQIT5183T9ZU,24PISLE8831I5ZS,220398.41,2023-09-02,Cotton yarn,true
27CPIOO2175D8Z4,36MFZZI1805O9Z6,140890.57,2023-09-03,Moulded plastic parts,true
32AQGJY0057D6ZV,27ZKLFW2886V7ZL,130041.06,2023-09-04,Bauxite,true
29GLIVA3486Y3ZR,29MAUCO5537D8Z3,187850.59,2023-09-04,Auto spare kits,true
33FOOWY4932K5ZW,29USNIB2707Y3Z6,273600.60,2023-09-05,Kitchenware cartons,true
06FDZJZ1871X1ZP,06ZYUMR8310X1ZI,554773.52,2023-09-05,Furniture sets,true
32RTMUK0767J7ZR,27SKWQX1255L5ZB,195318.97,2023-09-06,Steel coils,true
33YFHAE9497P9ZG,06XYZCA0026Z5ZI,218546.69,2023-09-06,Assembled pump units,true
27YRPVR6146L5ZI,06QWIYO2144M6Z6,53357.74,2023-09-08,Bauxite,true
33YFHAE9497P9ZG,27WAABE0101S7ZY,346211.91,2023-09-08,Assembled pump units,true
36JMBCS5285U5Z4,07VZKFB6019K1ZT,32173.08,2023-09-09,Iron ore,true
09XRXZF7343R2ZD,32RTMUK0767J7ZR,815125.58,2023-09-09,Crude polymer granules,true
24YIDDD6289H3ZT,06ZYUMR8310X1ZI,158273.81,2023-09-09,Kitchenware cartons,true
06FDZJZ1871X1ZP,19XTXAC5360U3ZZ,516553.09,2023-09-09,Garment lots,true
32AQGJY0057D6ZV,06NPUYZ0199O3ZQ,317806.92,2023-09-10,Iron ore,true
33NIRBJ4576K8ZM,27WAABE0101S7ZY,16183.12,2023-09-11,Moulded plastic parts,true
29GOJDW2619G6ZM,09THKGN0004S7ZJ,195406.18,2023-09-11,Assembled pump units,true
19BVGWK7086S6Z9,06PACMQ7731H2Z6,259179.89,2023-09-11,Furniture sets,true
29GLIVA3486Y3ZR,24ADBPZ9331Y7Z1,149686.39,2023-09-11,Garment lots,true
09XRXZF7343R2ZD,29GOJDW2619G6ZM,335422.43,2023-09-12,Bauxite,false
09LRSNL8397M2ZC,19QLQGQ2532E7Z2,2849272.59,2023-09-13,Kitchenware cartons,true
09XRXZF7343R2ZD,32RTMUK0767J7ZR,760180.97,2023-09-14,Iron ore,true
36WFQAG8528A9Z5,33FOOWY4932K5ZW,767325.23,2023-09-14,Steel coils,true
33YFHAE9497P9ZG,27WAABE0101S7ZY,448748.02,2023-09-14,Auto spare kits,true
09XRXZF7343R2ZD,29GOJDW2619G6ZM,385355.74,2023-09-15,Raw rubber sheets,true
36VDRMO4829X3Z0,24SORHP9066Z2ZO,15224.02,2023-09-16,Raw rubber sheets,true
24XCOGB4723J1Z4,07DHLQX8570T4Z7,492676.14,2023-09-16,Auto spare kits,false
09XRXZF7343R2ZD,19YTTQI9334D1Z5,397808.04,2023-09-17,Iron ore,true
29GOJDW2619G6ZM,09ZBWBM8578V6ZU,417008.50,2023-09-17,Kitchenware cartons,true
29WPVPH3087E4Z8,29YDUXQ1768F6Z5,106231.82,2023-09-18,Crude polymer granules,true
09XRXZF7343R2ZD,29GOJDW2619G6ZM,419710.22,2023-09-19,Unprocessed timber,true
19RQFMU3728T6Z2,33GUQQC4750Y8Z5,14350.46,2023-09-19,Steel coils,true
19BVGWK7086S6Z9,06XLLCH1373K6Z0,134844.25,2023-09-20,Garment lots,true
09XRXZF7343R2ZD,09LRSNL8397M2ZC,385545.69,2023-09-22,Crude polymer granules,false
27JSEGL9722A2ZS,09CNWXM9348C8ZL,63229.03,2023-09-23,Plywood panels,true
36VDRMO4829X3Z0,19GCSCE8452T4Z7,19316.77,2023-09-24,Crude polymer granules,true
33YFHAE9497P9ZG,06XYZCA0026Z5ZI,252682.91,2023-09-24,Kitchenware cartons,true
09XRXZF7343R2ZD,19CMQIT5183T9ZU,305371.54,2023-09-25,Crude polymer granules,true
29ONVRZ3130M6ZL,29GBWZR4282Y6Z3,62832.16,2023-09-27,Steel coils,true
27JGLFA5617I5Z0,24LEGQZ0248F6ZJ,27679.68,2023-09-28,Unprocessed timber,true
36UHMYC0921B6ZB,19GCSCE8452T4Z7,157772.90,2023-09-30,Crude polymer granules,true
09XRXZF7343R2ZD,09LRSNL8397M2ZC,486848.46,2023-09-30,Bauxite,true
09XRXZF7343R2ZD,19CMQIT5183T9ZU,317029.71,2023-09-30,Raw rubber sheets,true
27HXKTQ5235G4ZA,19QLQGQ2532E7Z2,493435.96,2023-09-30,Garment lots,true
19RQFMU3728T6Z2,07ABURL9979Q1Z0,24613.31,2023-10-01,Steel coils,true
07KYWMS0417O4Z8,33JUGCQ0243X7ZK,439795.96,2023-10-01,Returned unsold stock,false
33EOHXD6723F6ZQ,32KOMDV4565M8ZD,622623.07,2023-10-02,Raw rubber sheets,true
09XRXZF7343R2ZD,29NVUAL1821K7ZE,490152.71,2023-10-02,Raw cotton bales,true
24LIHCR1961J7Z7,27AADWX3409U6ZS,68532.90,2023-10-02,Moulded plastic parts,true
19SMNMV3040I7ZD,36MYFHN1078R2Z4,188870.51,2023-10-03,Raw cotton bales,true
09XRXZF7343R2ZD,32RTMUK0767J7ZR,762544.79,2023-10-03,Crude polymer granules,true
24PISLE8831I5ZS,33JUGCQ0243X7ZK,573110.27,2023-10-03,Garment lots,true
09EYIVN1895O1ZO,09ZBWBM8578V6ZU,228411.25,2023-10-03,Auto spare kits,true
33MDFOF7954Z9ZL,07XBHEJ9668L1Z2,1400163.61,2023-10-04,Unprocessed timber,true
07RMQJW3353W3ZM,36UUJPD2134K1ZG,303918.19,2023-10-04,Packaged fittings,true
36AOZCX8818C4Z4,07ABURL9979Q1Z0,321619.66,2023-10-04,Kitchenware cartons,true
33YFHAE9497P9ZG,06XYZCA0026Z5ZI,209658.28,2023-10-04,Kitchenware cartons,true
36GZLVK4903C3ZJ,24DANYR9176S8Z7,276552.47,2023-10-05,Raw rubber sheets,false
19BVGWK7086S6Z9,06PACMQ7731H2Z6,223652.52,2023-10-05,Auto spare kits,true
29GLIVA3486Y3ZR,07UPVXB8379E6ZK,120739.88,2023-10-05,Assembled pump units,false
36AMNXO1723D1ZL,29MAUCO5537D8Z3,457358.72,2023-10-06,Garment lots,false
07VZKFB6019K1ZT,06ZYUMR8310X1ZI,872330.66,2023-10-08,Steel coils,true
19AFHVR2881Q4Z4,33JUGCQ0243X7ZK,468213.98,2023-10-09,Kitchenware cartons,true
19RQFMU3728T6Z2,09IWOVN2020F3ZK,19189.14,2023-10-12,Aluminium sheets,true
29HDPWO6467E4ZJ,19FQVDH2460H4ZO,562843.66,2023-10-13,Raw rubber sheets,true
19BVGWK7086S6Z9,29DFJDI9306B7ZJ,353533.53,2023-10-13,Kitchenware cartons,true
09XRXZF7343R2ZD,09LRSNL8397M2ZC,402487.07,2023-10-14,Unprocessed timber,true
24TQBMB5563K9ZK,06XLLCH1373K6Z0,354981.55,2023-10-14,Packaged fittings,false
19BVGWK7086S6Z9,29DFJDI9306B7ZJ,336466.67,2023-10-14,Auto spare kits,true
36CVMQV4934B6Z0,29YDUXQ1768F6Z5,22016.77,2023-10-15,Unprocessed timber,true
27JXTFP9055S6Z9,19BVGWK7086S6Z9,15019.24,2023-10-15,Plywood panels,true
33YFHAE9497P9ZG,06XYZCA0026Z5ZI,199386.59,2023-10-15,Garment lots,true
27CPIOO2175D8Z4,36MFZZI1805O9Z6,133357.51,2023-10-16,Steel coils,true
27CPIOO2175D8Z4,36MFZZI1805O9Z6,134381.14,2023-10-16,Steel coils,true
19BVGWK7086S6Z9,06XLLCH1373K6Z0,134613.09,2023-10-17,Auto spare kits,true
32TBUEX2464C3ZX,27AJPTA1766T6ZD,66745.08,2023-10-18,Moulded plastic parts,true
29GBWZR4282Y6Z3,07ABURL9979Q1Z0,783365.02,2023-10-18,Packaged fittings,true
27AVHXG6804R4Z7,06PACMQ7731H2Z6,193898.14,2023-10-18,Garment lots,true
32YKCYT1305Z3ZM,07BSHGZ0028T6Z1,103196.71,2023-10-18,Garment lots,true
07VZKFB6019K1ZT,29LQFOT4019W1ZL,511267.77,2023-10-19,Plywood panels,true
24XCOGB4723J1Z4,27WAABE0101S7ZY,402430.67,2023-10-19,Furniture sets,true
29GBWZR4282Y6Z3,06XLLCH1373K6Z0,1313544.15,2023-10-20,Auto spare kits,true
24YIDDD6289H3ZT,07ABURL9979Q1Z0,99986.14,2023-10-21,Kitchenware cartons,true
19BVGWK7086S6Z9,06XLLCH1373K6Z0,136989.76,2023-10-22,Assembled pump units,true
29TPVLE8820A7ZX,07FSGBM8265D9ZC,640268.03,2023-10-23,Packaged fittings,true
24YIDDD6289H3ZT,07OWSPV4756N1ZN,159240.28,2023-10-24,Garment lots,true
19CMQIT5183T9ZU,24PISLE8831I5ZS,181863.98,2023-10-26,Aluminium sheets,true
09XRXZF7343R2ZD,29NVUAL1821K7ZE,473386.49,2023-10-27,Raw cotton bales,true
36QKUHT3363G8Z1,07DHLQX8570T4Z7,1978717.30,2023-10-27,Auto spare kits,true
24XCOGB4723J1Z4,07OWSPV4756N1ZN,413396.08,2023-10-27,Kitchenware cartons,true
29WPVPH3087E4Z8,33DKOHF9808I3ZZ,37947.80,2023-10-31,Bauxite,true
36GDMFJ3180O4ZC,33FOOWY4932K5ZW,468824.92,2023-10-31,Cotton yarn,true
29DSORG7805Q7ZD,07BSHGZ0028T6Z1,1259332.68,2023-10-31,Furniture sets,true
09LRSNL8397M2ZC,19QLQGQ2532E7Z2,2693508.34,2023-11-01,Auto spare kits,true
09XRXZF7343R2ZD,19CMQIT5183T9ZU,317680.02,2023-11-02,Raw cotton bales,true
32ZOIZY9544B1ZL,32YKCYT1305Z3ZM,128525.23,2023-11-02,Aluminium sheets,true
09MACAR1889T5Z3,07KYWMS0417O4Z8,229113.97,2023-11-02,Kitchenware cartons,true
29HDPWO6467E4ZJ,29GLIVA3486Y3ZR,671627.84,2023-11-05,Crude polymer granules,true
33YFHAE9497P9ZG,06XYZCA0026Z5ZI,191953.41,2023-11-06,Assembled pump units,false
19BVGWK7086S6Z9,09ZBWBM8578V6ZU,121223.23,2023-11-07,Garment lots,true
24XCOGB4723J1Z4,29DFJDI9306B7ZJ,282059.45,2023-11-07,Kitchenware cartons,true
36HNWSS6393V2ZK,09IWOVN2020F3ZK,1632466.08,2023-11-10,Iron ore,true
07KYWMS0417O4Z8,33JUGCQ0243X7ZK,413849.98,2023-11-10,Recovered packaging material,true
09MACAR1889T5Z3,06XLLCH1373K6Z0,534466.90,2023-11-11,Packaged fittings,true
19BVGWK7086S6Z9,29DFJDI9306B7ZJ,341670.52,2023-11-12,Garment lots,true
33ZCOYB3981K1ZV,36GDMFJ3180O4ZC,25912.52,2023-11-14,Crude polymer granules,true
32AQGJY0057D6ZV,06NPUYZ0199O3ZQ,264296.57,2023-11-16,Unprocessed timber,true
36UHMYC0921B6ZB,09TYOFZ7611E9ZS,303655.14,2023-11-16,Raw rubber sheets,true
36CVMQV4934B6Z0,36HIWMV4627A6ZF,37145.83,2023-11-20,Raw rubber sheets,true
09XRXZF7343R2ZD,29NVUAL1821K7ZE,427488.82,2023-11-20,Bauxite,true
24XCOGB4723J1Z4,27WAABE0101S7ZY,438547.05,2023-11-20,Packaged fittings,true
09XRXZF7343R2ZD,19CMQIT5183T9ZU,369889.32,2023-11-21,Raw rubber sheets,true
27YRPVR6146L5ZI,27AJPTA1766T6ZD,58948.49,2023-11-21,Raw cotton bales,true
06HKRKP4434B1ZM,19FQVDH2460H4ZO,552310.49,2023-11-22,Bauxite,true
19CMQIT5183T9ZU,29YDUXQ1768F6Z5,141930.24,2023-11-22,Cotton yarn,true
27TZILH6929G4ZN,29MAUCO5537D8Z3,562653.97,2023-11-24,Aluminium sheets,true
27JXTFP9055S6Z9,19BVGWK7086S6Z9,14252.29,2023-11-25,Cotton yarn,true
32BTVLO0183D3ZZ,07DHLQX8570T4Z7,18414.74,2023-11-25,Rubber gaskets,true
32TBUEX2464C3ZX,24LEGQZ0248F6ZJ,91900.00,2023-11-25,Cotton yarn,true
19YTTQI9334D1Z5,33JUGCQ0243X7ZK,866446.57,2023-11-25,Auto spare kits,true
06HKRKP4434B1ZM,09EYIVN1895O1ZO,422480.64,2023-11-26,Bauxite,true
06OUYEO4807S2ZY,33YGMLY4610W6ZS,155293.84,2023-11-29,Steel coils,true
36GDMFJ3180O4ZC,29DFJDI9306B7ZJ,462113.36,2023-11-29,Moulded plastic parts,true
09EYIVN1895O1ZO,29USNIB2707Y3Z6,253974.72,2023-11-29,Assembled pump units,true
27AADWX3409U6ZS,07UPVXB8379E6ZK,44994.63,2023-11-30,Garment lots,true
24YIDDD6289H3ZT,07OWSPV4756N1ZN,175364.74,2023-12-01,Furniture sets,true
36CVMQV4934B6Z0,29GOJDW2619G6ZM,36393.66,2023-12-03,Raw rubber sheets,true
36AMNXO1723D1ZL,06XYZCA0026Z5ZI,282638.16,2023-12-04,Garment lots,true
24YIDDD6289H3ZT,07OWSPV4756N1ZN,170366.22,2023-12-04,Assembled pump units,true
19BVGWK7086S6Z9,06XLLCH1373K6Z0,153166.99,2023-12-04,Kitchenware cartons,true
19BVGWK7086S6Z9,29DFJDI9306B7ZJ,316851.76,2023-12-05,Kitchenware cartons,true
07RMQJW3353W3ZM,06XYZCA0026Z5ZI,160411.66,2023-12-06,Packaged fittings,false
27AADWX3409U6ZS,07UPVXB8379E6ZK,33754.13,2023-12-06,Garment lots,true
07KYWMS0417O4Z8,33JUGCQ0243X7ZK,405133.86,2023-12-06,Warranty replacement units,true
06OUYEO4807S2ZY,29GLIVA3486Y3ZR,142264.48,2023-12-09,Cotton yarn,true
09LRSNL8397M2ZC,06MOGFE1378X5ZQ,1834754.79,2023-12-09,Packaged fittings,true
19BVGWK7086S6Z9,27KNVLF9413B7ZQ,151510.63,2023-12-09,Assembled pump units,true
36DOAKR6492B1ZA,09MACAR1889T5Z3,16193.15,2023-12-11,Moulded plastic parts,true
29TIWPY0487R5ZH,06MOGFE1378X5ZQ,114208.06,2023-12-11,Rubber gaskets,true
27CPIOO2175D8Z4,36MFZZI1805O9Z6,138743.91,2023-12-12,Rubber gaskets,true
33DKOHF9808I3ZZ,29LQFOT4019W1ZL,60086.59,2023-12-12,Garment lots,true
36MYFHN1078R2Z4,07OWSPV4756N1ZN,134522.11,2023-12-14,Garment lots,true
27AADWX3409U6ZS,07UPVXB8379E6ZK,41322.40,2023-12-14,Kitchenware cartons,true
36AMNXO1723D1ZL,29MAUCO5537D8Z3,382481.37,2023-12-15,Furniture sets,true
36DOAKR6492B1ZA,29GLIVA3486Y3ZR,18426.23,2023-12-16,Aluminium sheets,true
32RTMUK0767J7ZR,24XCOGB4723J1Z4,216197.31,2023-12-16,Cotton yarn,true
07WKVKZ7853Z8ZD,36MFZZI1805O9Z6,48321.69,2023-12-16,Moulded plastic parts,true
36RVGEN3898U2ZW,07WKVKZ7853Z8ZD,19509.04,2023-12-18,Iron ore,true
27ZKLFW2886V7ZL,07OWSPV4756N1ZN,648807.90,2023-12-18,Moulded plastic parts,false
36AOZCX8818C4Z4,09THKGN0004S7ZJ,314327.10,2023-12-18,Kitchenware cartons,true
27AADWX3409U6ZS,07UPVXB8379E6ZK,42576.48,2023-12-19,Auto spare kits,true
33YFHAE9497P9ZG,29MAUCO5537D8Z3,197692.48,2023-12-20,Kitchenware cartons,true
19BVGWK7086S6Z9,27KNVLF9413B7ZQ,173014.30,2023-12-21,Assembled pump units,true
33YFHAE9497P9ZG,29MAUCO5537D8Z3,172365.73,2023-12-23,Assembled pump units,true
36DOAKR6492B1ZA,07FSGBM8265D9ZC,12707.45,2023-12-24,Rubber gaskets,true
27CPIOO2175D8Z4,36MFZZI1805O9Z6,131205.16,2023-12-25,Aluminium sheets,true
27AADWX3409U6ZS,07UPVXB8379E6ZK,39754.58,2023-12-26,Auto spare kits,true
36UHMYC0921B6ZB,09CNWXM9348C8ZL,191917.21,2023-12-30,Iron ore,true
32RTMUK0767J7ZR,33FOOWY4932K5ZW,239384.19,2023-12-31,Plywood panels,true
19FQVDH2460H4ZO,07DHLQX8570T4Z7,1416785.92,2024-01-01,Plywood panels,true
36JMBCS5285U5Z4,27AADWX3409U6ZS,41058.05,2024-01-02,Unprocessed timber,true
06SUIUY3480N6ZO,36HIWMV4627A6ZF,3060174.35,2024-01-02,Unprocessed timber,true
06SUIUY3480N6ZO,36HIWMV4627A6ZF,2834944.27,2024-01-02,Unprocessed timber,true
27TZILH6929G4ZN,29MAUCO5537D8Z3,488633.35,2024-01-02,Steel coils,true
19BVGWK7086S6Z9,06XLLCH1373K6Z0,125374.21,2024-01-02,Auto spare kits,true
32TBUEX2464C3ZX,27AJPTA1766T6ZD,64568.65,2024-01-03,Rubber gaskets,true
19BVGWK7086S6Z9,06XLLCH1373K6Z0,149961.26,2024-01-03,Garment lots,true
06SUIUY3480N6ZO,36HIWMV4627A6ZF,2869714.05,2024-01-05,Raw rubber sheets,true
29DSORG7805Q7ZD,33JUGCQ0243X7ZK,1630061.62,2024-01-05,Assembled pump units,true
27ZKLFW2886V7ZL,29GOJDW2619G6ZM,479920.04,2024-01-08,Aluminium sheets,true
36BOCZB4319K6Z2,19ORCRZ5136S8ZX,2582502.38,2024-01-09,Bauxite,true
32TBUEX2464C3ZX,09CNWXM9348C8ZL,88989.39,2024-01-09,Steel coils,true
09IWOVN2020F3ZK,07OWSPV4756N1ZN,429652.10,2024-01-09,Furniture sets,true
32RTMUK0767J7ZR,24XCOGB4723J1Z4,211257.50,2024-01-10,Steel coils,true
29GOJDW2619G6ZM,09THKGN0004S7ZJ,216232.18,2024-01-11,Packaged fittings,true
07KTVJS9657V4ZX,07XBHEJ9668L1Z2,4366359.29,2024-01-11,Furniture sets,true
27JSEGL9722A2ZS,09IWOVN2020F3ZK,55286.70,2024-01-12,Moulded plastic parts,true
36AOZCX8818C4Z4,07ABURL9979Q1Z0,303178.37,2024-01-12,Packaged fittings,true
27HXKTQ5235G4ZA,19QLQGQ2532E7Z2,465122.97,2024-01-12,Furniture sets,true
07KTVJS9657V4ZX,06PACMQ7731H2Z6,379419.44,2024-01-12,Auto spare kits,true
36HNWSS6393V2ZK,06VXENK5239T5Z6,1805635.86,2024-01-13,Unprocessed timber,true
36VDRMO4829X3Z0,24CGIRZ2877Z7ZD,14525.72,2024-01-13,Raw cotton bales,true
06SUIUY3480N6ZO,36HIWMV4627A6ZF,3283827.25,2024-01-14,Crude polymer granules,true
09GDUDI3670A5ZE,19YTTQI9334D1Z5,191347.87,2024-01-14,Rubber gaskets,true
29ONVRZ3130M6ZL,33GUQQC4750Y8Z5,104031.85,2024-01-15,Steel coils,true
19QGJES9032L6ZO,29GOJDW2619G6ZM,224343.70,2024-01-21,Aluminium sheets,true
06NPUYZ0199O3ZQ,24QJQGQ3620U1Z2,298622.55,2024-01-21,Rubber gaskets,true
07VZKFB6019K1ZT,06ZYUMR8310X1ZI,804524.26,2024-01-26,Cotton yarn,true
06XYZCA0026Z5ZI,33IIMMB0166U5Z6,1234483.20,2024-01-26,Scrap and offcuts,true
06UCZBM8689B1ZC,33YGMLY4610W6ZS,162263.54,2024-01-27,Raw rubber sheets,true
06SUIUY3480N6ZO,29DSORG7805Q7ZD,2019363.81,2024-01-27,Raw cotton bales,true
29TIWPY0487R5ZH,24ADBPZ9331Y7Z1,153464.24,2024-01-27,Aluminium sheets,true
24LEGQZ0248F6ZJ,19XTXAC5360U3ZZ,700772.85,2024-01-27,Assembled pump units,true
33XJXTK6255H1ZG,09GDUDI3670A5ZE,536533.71,2024-01-28,Bauxite,false
29TIWPY0487R5ZH,27SKWQX1255L5ZB,126238.28,2024-01-28,Steel coils,false
33FOOWY4932K5ZW,19YNUSU1543Z9ZL,340933.64,2024-01-28,Garment lots,true
09EYIVN1895O1ZO,29LQFOT4019W1ZL,201439.01,2024-01-29,Assembled pump units,true
06HZHAM9303D1Z2,27OVEWI9795R9Z8,1220076.20,2024-01-31,Crude polymer granules,true
06SUIUY3480N6ZO,29NVUAL1821K7ZE,1857575.74,2024-02-02,Unprocessed timber,true
24QJQGQ3620U1Z2,07DHLQX8570T4Z7,602500.82,2024-02-02,Auto spare kits,true
06UCZBM8689B1ZC,06VXENK5239T5Z6,115682.76,2024-02-03,Iron ore,true
36MYFHN1078R2Z4,06MOGFE1378X5ZQ,191880.28,2024-02-03,Kitchenware cartons,true
27CDMPY3420P3ZO,33JUGCQ0243X7ZK,3617475.41,2024-02-03,Garment lots,true
24YIDDD6289H3ZT,06ZYUMR8310X1ZI,141755.71,2024-02-05,Kitchenware cartons,true
36VDRMO4829X3Z0,07KTVJS9657V4ZX,10898.02,2024-02-07,Bauxite,true
36HIWMV4627A6ZF,27HXKTQ5235G4ZA,1488970.68,2024-02-07,Plywood panels,true
36IBYDQ7801O8ZC,19ORCRZ5136S8ZX,60159.40,2024-02-08,Aluminium sheets,true
27OVEWI9795R9Z8,27AJPTA1766T6ZD,134644.11,2024-02-09,Aluminium sheets,true
33FOOWY4932K5ZW,29DFJDI9306B7ZJ,345090.44,2024-02-09,Kitchenware cartons,true
06SUIUY3480N6ZO,29DSORG7805Q7ZD,2348435.80,2024-02-10,Iron ore,true
33FOOWY4932K5ZW,09ZBWBM8578V6ZU,200845.48,2024-02-11,Kitchenware cartons,true
29DSORG7805Q7ZD,19YNUSU1543Z9ZL,602775.10,2024-02-11,Auto spare kits,true
09MACAR1889T5Z3,06XLLCH1373K6Z0,632051.09,2024-02-11,Assembled pump units,true
33YFHAE9497P9ZG,29MAUCO5537D8Z3,205246.33,2024-02-13,Packaged fittings,true
32ZOIZY9544B1ZL,32YKCYT1305Z3ZM,130348.01,2024-02-15,Aluminium sheets,true
27ZKLFW2886V7ZL,07OWSPV4756N1ZN,638266.95,2024-02-15,Steel coils,true
09EYIVN1895O1ZO,09ZBWBM8578V6ZU,201333.35,2024-02-15,Kitchenware cartons,true
29KYBFH6219O5ZE,29GBWZR4282Y6Z3,100515.19,2024-02-16,Crude polymer granules,true
06SUIUY3480N6ZO,29DSORG7805Q7ZD,2259433.43,2024-02-17,Bauxite,true
33MDFOF7954Z9ZL,27SKWQX1255L5ZB,1037554.79,2024-02-17,Bauxite,true
07VZKFB6019K1ZT,24QJQGQ3620U1Z2,935757.54,2024-02-17,Rubber gaskets,true
24YIDDD6289H3ZT,06XLLCH1373K6Z0,109019.80,2024-02-17,Auto spare kits,true
07VZKFB6019K1ZT,24QJQGQ3620U1Z2,1108987.70,2024-02-18,Cotton yarn,true
19WSEJA6123K9ZZ,36GDMFJ3180O4ZC,1469093.20,2024-02-19,Bauxite,true
29KYBFH6219O5ZE,29GBWZR4282Y6Z3,87544.00,2024-02-19,Iron ore,true
27ILOPH5801Q1ZO,29MAUCO5537D8Z3,75961.25,2024-02-19,Cotton yarn,true
06SUIUY3480N6ZO,36HIWMV4627A6ZF,3219325.86,2024-02-21,Raw cotton bales,true
06SUIUY3480N6ZO,29DSORG7805Q7ZD,1940133.59,2024-02-21,Bauxite,true
06NPUYZ0199O3ZQ,24QJQGQ3620U1Z2,235906.38,2024-02-22,Moulded plastic parts,true
06SUIUY3480N6ZO,29DSORG7805Q7ZD,2027792.00,2024-02-23,Iron ore,true
29GLIVA3486Y3ZR,29LQFOT4019W1ZL,137746.91,2024-02-23,Kitchenware cartons,true
36SGHHT8031T6ZB,27ZKLFW2886V7ZL,19774.22,2024-02-24,Crude polymer granules,true
36UHMYC0921B6ZB,09GDUDI3670A5ZE,318376.64,2024-02-25,Iron ore,true
06HKRKP4434B1ZM,07RQSPW5140Z2ZH,861011.17,2024-02-26,Iron ore,true
19UCSSH0140I9ZM,06MOGFE1378X5ZQ,418664.79,2024-02-26,Rubber gaskets,true
29KYBFH6219O5ZE,29GBWZR4282Y6Z3,91310.31,2024-02-27,Raw rubber sheets,true
29KYBFH6219O5ZE,32ZOIZY9544B1ZL,80636.29,2024-02-27,Bauxite,true
19YTTQI9334D1Z5,29MAUCO5537D8Z3,602548.87,2024-02-27,Furniture sets,true
29OZSVL9371R7ZY,33YFHAE9497P9ZG,1221824.30,2024-02-28,Rubber gaskets,true
24LIHCR1961J7Z7,29GOJDW2619G6ZM,93482.06,2024-02-28,Rubber gaskets,true
36HNWSS6393V2ZK,06VXENK5239T5Z6,1973000.65,2024-03-01,Raw cotton bales,true
32ZOIZY9544B1ZL,32YKCYT1305Z3ZM,151624.42,2024-03-01,Plywood panels,true
24TQBMB5563K9ZK,06XLLCH1373K6Z0,456266.71,2024-03-01,Furniture sets,true
24WXKFC0232Q6ZN,33YGMLY4610W6ZS,871554.27,2024-03-02,Steel coils,true
19FQVDH2460H4ZO,07DHLQX8570T4Z7,1738409.02,2024-03-02,Plywood panels,true
29KYBFH6219O5ZE,24LEGQZ0248F6ZJ,155897.53,2024-03-04,Bauxite,true
06HZHAM9303D1Z2,24DANYR9176S8Z7,834018.71,2024-03-05,Unprocessed timber,true
06BWKWN5630Z4ZD,07UPVXB8379E6ZK,39689.13,2024-03-07,Cotton yarn,true
24YIDDD6289H3ZT,06ZYUMR8310X1ZI,146168.97,2024-03-07,Assembled pump units,true
36SGHHT8031T6ZB,33XXUIM3478V9Z4,60775.99,2024-03-09,Crude polymer granules,true
36AMNXO1723D1ZL,07DHLQX8570T4Z7,342955.52,2024-03-09,Kitchenware cartons,true
33YFHAE9497P9ZG,29MAUCO5537D8Z3,194447.56,2024-03-09,Packaged fittings,true
06BWKWN5630Z4ZD,07UPVXB8379E6ZK,39567.49,2024-03-10,Aluminium sheets,true
32CMSLO2200R6Z5,24SORHP9066Z2ZO,152751.32,2024-03-11,Crude polymer granules,false
33QZOGD3619C2Z5,27CDMPY3420P3ZO,171707.66,2024-03-15,Iron ore,true
24YIDDD6289H3ZT,07DHLQX8570T4Z7,132965.87,2024-03-15,Auto spare kits,true
29KYBFH6219O5ZE,24LEGQZ0248F6ZJ,145199.04,2024-03-18,Bauxite,true
36IBYDQ7801O8ZC,27KNVLF9413B7ZQ,33604.57,2024-03-18,Plywood panels,true
27JSEGL9722A2ZS,29TPVLE8820A7ZX,37419.83,2024-03-18,Rubber gaskets,true
32KQZTG2680A5ZT,06QCBYQ6201T5Z8,166626.57,2024-03-18,Plywood panels,true
36VDRMO4829X3Z0,32OSLJF8100O5ZL,13877.57,2024-03-19,Unprocessed timber,true
36RVGEN3898U2ZW,24WXKFC0232Q6ZN,16911.42,2024-03-20,Iron ore,true
24LIHCR1961J7Z7,06PACMQ7731H2Z6,81767.02,2024-03-20,Cotton yarn,true
29KYBFH6219O5ZE,27CPIOO2175D8Z4,121424.87,2024-03-22,Crude polymer granules,true
29ONVRZ3130M6ZL,19YTTQI9334D1Z5,87565.76,2024-03-22,Aluminium sheets,true
33YGMLY4610W6ZS,29LQFOT4019W1ZL,459378.13,2024-03-22,Garment lots,true
36HNWSS6393V2ZK,09IWOVN2020F3ZK,1508593.53,2024-03-23,Iron ore,true
29WPVPH3087E4Z8,27SKWQX1255L5ZB,102643.80,2024-03-23,Unprocessed timber,true
29YGPFN5167M1ZA,09THKGN0004S7ZJ,58939.52,2024-03-23,Furniture sets,true
27ILOPH5801Q1ZO,29MAUCO5537D8Z3,80931.93,2024-03-24,Steel coils,true
29KYBFH6219O5ZE,29GBWZR4282Y6Z3,111166.13,2024-03-25,Iron ore,true
29KYBFH6219O5ZE,07RQSPW5140Z2ZH,125874.69,2024-03-25,Bauxite,true
32BTVLO0183D3ZZ,24CPKFI4802U8Z3,15739.11,2024-03-25,Rubber gaskets,true
29WPVPH3087E4Z8,27SKWQX1255L5ZB,92438.69,2024-03-28,Iron ore,true
06BWKWN5630Z4ZD,07UPVXB8379E6ZK,45923.83,2024-03-29,Plywood panels,true
19LQXPV3933P1ZE,32KOMDV4565M8ZD,280931.56,2024-03-31,Unprocessed timber,true
29KYBFH6219O5ZE,24LEGQZ0248F6ZJ,182022.43,2024-03-31,Crude polymer granules,true
29KYBFH6219O5ZE,19GCSCE8452T4Z7,97175.43,2024-03-31,Iron ore,true
32RTMUK0767J7ZR,06VXENK5239T5Z6,227293.24,2024-03-31,Steel coils,true
29ONVRZ3130M6ZL,19YTTQI9334D1Z5,82924.71,2024-03-31,Steel coils,true
36HNWSS6393V2ZK,29SLMYQ2307L6Z5,1879222.22,2024-04-01,Iron ore,true
33YGMLY4610W6ZS,29LQFOT4019W1ZL,448184.89,2024-04-01,Garment lots,true
24QJQGQ3620U1Z2,06PACMQ7731H2Z6,957972.39,2024-04-01,Packaged fittings,true
29KYBFH6219O5ZE,07RQSPW5140Z2ZH,117608.41,2024-04-02,Iron ore,true
27OVEWI9795R9Z8,36JWQJO7718G8Z1,226973.05,2024-04-02,Cotton yarn,true
19SMNMV3040I7ZD,29YDUXQ1768F6Z5,86050.69,2024-04-03,Iron ore,true
32RTMUK0767J7ZR,33FOOWY4932K5ZW,257366.60,2024-04-03,Plywood panels,true
27ZKLFW2886V7ZL,29GOJDW2619G6ZM,589075.78,2024-04-03,Rubber gaskets,false
36JWQJO7718G8Z1,24ADBPZ9331Y7Z1,1274118.95,2024-04-03,Furniture sets,true
09EYIVN1895O1ZO,33JUGCQ0243X7ZK,202921.70,2024-04-03,Packaged fittings,true
29KYBFH6219O5ZE,27CPIOO2175D8Z4,126763.32,2024-04-04,Crude polymer granules,true
27TZILH6929G4ZN,07IHIOC8713E8ZN,383230.95,2024-04-04,Rubber gaskets,true
27TZILH6929G4ZN,29MAUCO5537D8Z3,474627.00,2024-04-04,Cotton yarn,true
06BWKWN5630Z4ZD,07UPVXB8379E6ZK,45666.60,2024-04-05,Aluminium sheets,true
07VZKFB6019K1ZT,24QJQGQ3620U1Z2,945546.11,2024-04-05,Aluminium sheets,true
27ZKLFW2886V7ZL,07OWSPV4756N1ZN,731252.75,2024-04-05,Steel coils,false
29LQFOT4019W1ZL,09THKGN0004S7ZJ,422270.52,2024-04-05,Scrap and offcuts,true
33QZOGD3619C2Z5,32ZOIZY9544B1ZL,290252.57,2024-04-07,Crude polymer granules,true
06KUHPQ3830N7ZC,36MYFHN1078R2Z4,75418.63,2024-04-07,Plywood panels,false
27JSEGL9722A2ZS,29TPVLE8820A7ZX,36477.14,2024-04-07,Steel coils,true
32TBUEX2464C3ZX,07BSHGZ0028T6Z1,95715.15,2024-04-07,Steel coils,true
29KYBFH6219O5ZE,27CPIOO2175D8Z4,125791.10,2024-04-08,Unprocessed timber,true
24WXKFC0232Q6ZN,33YGMLY4610W6ZS,743847.78,2024-04-08,Rubber gaskets,true
33YGMLY4610W6ZS,29LQFOT4019W1ZL,491668.04,2024-04-08,Kitchenware cartons,true
24TSKYG0110D8ZX,36DOAKR6492B1ZA,135803.40,2024-04-12,Raw cotton bales,true
29GLIVA3486Y3ZR,24ADBPZ9331Y7Z1,145232.53,2024-04-12,Kitchenware cartons,true
29KYBFH6219O5ZE,07RQSPW5140Z2ZH,131411.13,2024-04-15,Unprocessed timber,true
29KYBFH6219O5ZE,07RQSPW5140Z2ZH,135727.50,2024-04-15,Crude polymer granules,true
29KYBFH6219O5ZE,19GCSCE8452T4Z7,109090.92,2024-04-16,Iron ore,true
33GUQQC4750Y8Z5,19QLQGQ2532E7Z2,642846.26,2024-04-16,Kitchenware cartons,true
36DOAKR6492B1ZA,09MACAR1889T5Z3,19930.71,2024-04-17,Cotton yarn,true
36VDRMO4829X3Z0,06FDZJZ1871X1ZP,19170.14,2024-04-19,Crude polymer granules,true
29OZSVL9371R7ZY,33YFHAE9497P9ZG,1106041.25,2024-04-21,Aluminium sheets,true
29KYBFH6219O5ZE,24LEGQZ0248F6ZJ,181504.81,2024-04-22,Bauxite,true
24RGHCF5815H7Z1,19YTTQI9334D1Z5,284646.39,2024-04-22,Cotton yarn,true
27MLHJA7771D8ZP,27JSEGL9722A2ZS,323582.82,2024-04-25,Unprocessed timber,true
29KYBFH6219O5ZE,32ZOIZY9544B1ZL,78902.17,2024-04-27,Iron ore,true
24WXKFC0232Q6ZN,27HXKTQ5235G4ZA,490693.12,2024-04-28,Aluminium sheets,true
29YDUXQ1768F6Z5,29LQFOT4019W1ZL,585220.23,2024-04-28,Assembled pump units,true
36JMBCS5285U5Z4,27AADWX3409U6ZS,40928.17,2024-04-29,Crude polymer granules,true
27MLHJA7771D8ZP,27JSEGL9722A2ZS,355485.02,2024-04-29,Raw cotton bales,true
06TORUY4649H3ZW,07RMQJW3353W3ZM,396221.31,2024-04-30,Crude polymer granules,false
27MLHJA7771D8ZP,27JSEGL9722A2ZS,339557.68,2024-04-30,Crude polymer granules,true
27JGLFA5617I5Z0,27JXTFP9055S6Z9,30334.04,2024-05-01,Unprocessed timber,true
36HNWSS6393V2ZK,27LPMFO3207W6ZE,1422045.41,2024-05-01,Bauxite,true
33ZCOYB3981K1ZV,36AOZCX8818C4Z4,10583.92,2024-05-01,Bauxite,true
29YDUXQ1768F6Z5,29LQFOT4019W1ZL,587986.86,2024-05-01,Garment lots,true
32CMSLO2200R6Z5,29ONVRZ3130M6ZL,75420.92,2024-05-02,Unprocessed timber,false
32OSLJF8100O5ZL,29GOJDW2619G6ZM,25757.56,2024-05-02,Aluminium sheets,true
27JGLFA5617I5Z0,24LEGQZ0248F6ZJ,22303.97,2024-05-03,Unprocessed timber,true
36DOAKR6492B1ZA,06QWIYO2144M6Z6,18056.23,2024-05-03,Steel coils,true
29TIWPY0487R5ZH,07WWTVC3072D6Z6,180503.36,2024-05-03,Rubber gaskets,true
33IIMMB0166U5Z6,19YNUSU1543Z9ZL,1263339.83,2024-05-03,Garment lots,true
33YGMLY4610W6ZS,29LQFOT4019W1ZL,433998.84,2024-05-04,Auto spare kits,true
33YGMLY4610W6ZS,29LQFOT4019W1ZL,443166.55,2024-05-04,Furniture sets,true
32EJXJI9851G6ZJ,09MDSAV0327Y3ZY,108951.53,2024-05-04,Assembled pump units,true
09LRSNL8397M2ZC,19QLQGQ2532E7Z2,2726881.27,2024-05-05,Packaged fittings,true
19YTTQI9334D1Z5,29MAUCO5537D8Z3,558081.59,2024-05-05,Assembled pump units,true
27TZILH6929G4ZN,07XBHEJ9668L1Z2,700489.62,2024-05-06,Aluminium sheets,true
27ZKLFW2886V7ZL,27SKWQX1255L5ZB,682047.29,2024-05-06,Plywood panels,true
33DKOHF9808I3ZZ,29USNIB2707Y3Z6,94682.74,2024-05-06,Kitchenware cartons,true
29HDPWO6467E4ZJ,09GDUDI3670A5ZE,286140.54,2024-05-07,Raw cotton bales,true
36RVGEN3898U2ZW,24WXKFC0232Q6ZN,16271.56,2024-05-07,Raw cotton bales,false
36VDRMO4829X3Z0,24SORHP9066Z2ZO,14981.60,2024-05-07,Unprocessed timber,true
19LQXPV3933P1ZE,29QWAAN3943M1ZA,327388.58,2024-05-07,Raw cotton bales,true
32BTVLO0183D3ZZ,07BSHGZ0028T6Z1,17128.06,2024-05-07,Rubber gaskets,true
24WXKFC0232Q6ZN,06VXENK5239T5Z6,596618.23,2024-05-07,Plywood panels,true
24YIDDD6289H3ZT,07OWSPV4756N1ZN,179553.50,2024-05-07,Kitchenware cartons,true
33MDFOF7954Z9ZL,27SKWQX1255L5ZB,861566.01,2024-05-08,Raw rubber sheets,true
27JSEGL9722A2ZS,07BSHGZ0028T6Z1,44717.52,2024-05-08,Rubber gaskets,true
06BWKWN5630Z4ZD,07UPVXB8379E6ZK,45125.94,2024-05-09,Plywood panels,true
06OUYEO4807S2ZY,29GLIVA3486Y3ZR,155641.18,2024-05-09,Moulded plastic parts,true
29GLIVA3486Y3ZR,29MAUCO5537D8Z3,213978.73,2024-05-09,Auto spare kits,true
32CMSLO2200R6Z5,09TYOFZ7611E9ZS,72578.39,2024-05-10,Iron ore,true
29YDUXQ1768F6Z5,09ZBWBM8578V6ZU,258126.73,2024-05-10,Packaged fittings,true
27OVEWI9795R9Z8,33JUGCQ0243X7ZK,291210.80,2024-05-11,Steel coils,false
36GDMFJ3180O4ZC,33FOOWY4932K5ZW,414323.07,2024-05-11,Plywood panels,true
29YDUXQ1768F6Z5,29LQFOT4019W1ZL,536872.80,2024-05-11,Furniture sets,true
36GDMFJ3180O4ZC,24CPKFI4802U8Z3,476486.70,2024-05-12,Moulded plastic parts,true
09THKGN0004S7ZJ,07KYWMS0417O4Z8,399081.22,2024-05-13,Scrap and offcuts,true
36RVGEN3898U2ZW,29GOJDW2619G6ZM,19434.59,2024-05-16,Crude polymer granules,true
27TZILH6929G4ZN,29MAUCO5537D8Z3,480335.62,2024-05-18,Rubber gaskets,false
06QWIYO2144M6Z6,33JUGCQ0243X7ZK,1066295.22,2024-05-18,Auto spare kits,true
06OUYEO4807S2ZY,24QJQGQ3620U1Z2,46744.52,2024-05-19,Moulded plastic parts,true
36AMNXO1723D1ZL,29MAUCO5537D8Z3,386969.22,2024-05-19,Garment lots,true
24QJQGQ3620U1Z2,07DHLQX8570T4Z7,612461.07,2024-05-19,Kitchenware cartons,true
36GZLVK4903C3ZJ,33YGMLY4610W6ZS,308313.14,2024-05-20,Bauxite,true
27CDMPY3420P3ZO,33JUGCQ0243X7ZK,3304414.87,2024-05-20,Furniture sets,true
29YDUXQ1768F6Z5,29LQFOT4019W1ZL,450420.92,2024-05-20,Auto spare kits,true
29YDUXQ1768F6Z5,29USNIB2707Y3Z6,350482.67,2024-05-21,Assembled pump units,false
32EJXJI9851G6ZJ,09MDSAV0327Y3ZY,112785.27,2024-05-21,Assembled pump units,true
27AVHXG6804R4Z7,09MDSAV0327Y3ZY,91395.27,2024-05-23,Furniture sets,true
09EYIVN1895O1ZO,29LQFOT4019W1ZL,240262.92,2024-05-23,Furniture sets,true
09MACAR1889T5Z3,29LQFOT4019W1ZL,485896.60,2024-05-23,Garment lots,true
09TUUXS2191W1Z4,06ZYUMR8310X1ZI,213028.85,2024-05-23,Packaged fittings,true
27JGLFA5617I5Z0,27JXTFP9055S6Z9,38958.20,2024-05-25,Crude polymer granules,true
36RVGEN3898U2ZW,24WXKFC0232Q6ZN,13693.70,2024-05-25,Raw rubber sheets,true
29YDUXQ1768F6Z5,09ZBWBM8578V6ZU,243844.96,2024-05-25,Packaged fittings,true
29YGPFN5167M1ZA,09THKGN0004S7ZJ,55061.79,2024-05-26,Auto spare kits,true
32CMSLO2200R6Z5,24QJQGQ3620U1Z2,84760.85,2024-05-27,Iron ore,true
32APDCZ4228J5Z9,36JWQJO7718G8Z1,261122.46,2024-05-27,Unprocessed timber,true
24WXKFC0232Q6ZN,33YGMLY4610W6ZS,831794.82,2024-05-27,Steel coils,true
33GUQQC4750Y8Z5,07BSHGZ0028T6Z1,1574652.43,2024-05-27,Kitchenware cartons,true
06TORUY4649H3ZW,29GBWZR4282Y6Z3,644926.83,2024-05-28,Raw cotton bales,true
36GZLVK4903C3ZJ,24DANYR9176S8Z7,288580.89,2024-05-28,Iron ore,true
27AVHXG6804R4Z7,09MDSAV0327Y3ZY,106135.91,2024-05-28,Auto spare kits,true
29ONVRZ3130M6ZL,24ADBPZ9331Y7Z1,83546.61,2024-05-29,Aluminium sheets,false
32YKCYT1305Z3ZM,06PACMQ7731H2Z6,229050.29,2024-05-29,Garment lots,true
36MFZZI1805O9Z6,09MDSAV0327Y3ZY,782224.37,2024-05-31,Assembled pump units,true
36RVGEN3898U2ZW,29QWAAN3943M1ZA,16953.01,2024-06-01,Raw cotton bales,true
33QZOGD3619C2Z5,36HIWMV4627A6ZF,184065.63,2024-06-01,Unprocessed timber,true
29DSORG7805Q7ZD,19YNUSU1543Z9ZL,590724.75,2024-06-01,Kitchenware cartons,true
36DOAKR6492B1ZA,06QWIYO2144M6Z6,18446.01,2024-06-02,Rubber gaskets,true
36MFZZI1805O9Z6,09MDSAV0327Y3ZY,802948.33,2024-06-02,Kitchenware cartons,true
32EJXJI9851G6ZJ,09MDSAV0327Y3ZY,106985.24,2024-06-02,Assembled pump units,true
33YGMLY4610W6ZS,29LQFOT4019W1ZL,444764.49,2024-06-03,Kitchenware cartons,true
29TIWPY0487R5ZH,24ADBPZ9331Y7Z1,156019.78,2024-06-05,Plywood panels,true
29YDUXQ1768F6Z5,29LQFOT4019W1ZL,498047.31,2024-06-05,Garment lots,true
27AVHXG6804R4Z7,09MDSAV0327Y3ZY,97685.25,2024-06-05,Kitchenware cartons,true
36JMBCS5285U5Z4,29OZSVL9371R7ZY,35120.55,2024-06-07,Raw cotton bales,true
07RQSPW5140Z2ZH,24QJQGQ3620U1Z2,225116.02,2024-06-07,Rubber gaskets,true
29YDUXQ1768F6Z5,09ZBWBM8578V6ZU,221354.33,2024-06-08,Furniture sets,true
29YDUXQ1768F6Z5,07ABURL9979Q1Z0,205025.57,2024-06-08,Kitchenware cartons,false
27JSEGL9722A2ZS,09CNWXM9348C8ZL,64293.06,2024-06-11,Aluminium sheets,true
24RGHCF5815H7Z1,07KYWMS0417O4Z8,301164.84,2024-06-13,Steel coils,true
36GSPSS3446D1Z8,09LRSNL8397M2ZC,1420541.71,2024-06-14,Raw cotton bales,true
27LABTZ8624C8ZL,29TPVLE8820A7ZX,135595.97,2024-06-16,Steel coils,true
24TSKYG0110D8ZX,29EOAZQ4256B3ZB,159292.84,2024-06-17,Raw cotton bales,true
27LABTZ8624C8ZL,19YTTQI9334D1Z5,68437.28,2024-06-17,Rubber gaskets,false
32LTYIF5947E9ZG,29ONVRZ3130M6ZL,664448.04,2024-06-18,Crude polymer granules,true
27OVEWI9795R9Z8,33JUGCQ0243X7ZK,310838.45,2024-06-18,Rubber gaskets,true
29ONVRZ3130M6ZL,29GOJDW2619G6ZM,89435.51,2024-06-18,Rubber gaskets,true
09TUUXS2191W1Z4,09ZBWBM8578V6ZU,95144.12,2024-06-18,Kitchenware cartons,true
24LEGQZ0248F6ZJ,07OWSPV4756N1ZN,1086915.87,2024-06-19,Kitchenware cartons,true
33XJXTK6255H1ZG,19FQVDH2460H4ZO,565513.09,2024-06-20,Unprocessed timber,false
29YDUXQ1768F6Z5,29USNIB2707Y3Z6,447992.12,2024-06-20,Kitchenware cartons,true
32TBUEX2464C3ZX,33FOOWY4932K5ZW,92360.60,2024-06-21,Cotton yarn,true
33IIMMB0166U5Z6,09MDSAV0327Y3ZY,1063080.93,2024-06-21,Furniture sets,true
29YDUXQ1768F6Z5,09ZBWBM8578V6ZU,232104.96,2024-06-21,Kitchenware cartons,false
19YTTQI9334D1Z5,36AOZCX8818C4Z4,2859545.12,2024-06-21,Packaged fittings,true
29GBWZR4282Y6Z3,19YNUSU1543Z9ZL,1466942.21,2024-06-22,Packaged fittings,true
29TPVLE8820A7ZX,07IHIOC8713E8ZN,363884.74,2024-06-23,Auto spare kits,true
27YRPVR6146L5ZI,27AJPTA1766T6ZD,65927.86,2024-06-24,Raw cotton bales,true
06HZHAM9303D1Z2,27IPCHV6936J3ZF,1386752.82,2024-06-25,Raw rubber sheets,true
33FOOWY4932K5ZW,07KYWMS0417O4Z8,306095.12,2024-06-25,Furniture sets,true
27LABTZ8624C8ZL,19YTTQI9334D1Z5,70018.83,2024-06-26,Cotton yarn,true
33JUGCQ0243X7ZK,29LQFOT4019W1ZL,434858.53,2024-06-26,Inter-branch stock transfer,true
19CMQIT5183T9ZU,24PISLE8831I5ZS,196901.59,2024-06-27,Steel coils,true
29GLIVA3486Y3ZR,29USNIB2707Y3Z6,219140.89,2024-06-27,Packaged fittings,false
27LABTZ8624C8ZL,06VXENK5239T5Z6,85157.13,2024-06-29,Aluminium sheets,false
06VXENK5239T5Z6,19QLQGQ2532E7Z2,803987.06,2024-06-29,Assembled pump units,true
36IBYDQ7801O8ZC,19ORCRZ5136S8ZX,45645.69,2024-06-30,Cotton yarn,false
19BVGWK7086S6Z9,07ABURL9979Q1Z0,245830.81,2024-06-30,Furniture sets,true
36GZLVK4903C3ZJ,36GDMFJ3180O4ZC,655088.45,2024-07-01,Unprocessed timber,true
36DOAKR6492B1ZA,06QWIYO2144M6Z6,20956.00,2024-07-01,Cotton yarn,true
32LTYIF5947E9ZG,29ONVRZ3130M6ZL,667053.29,2024-07-02,Bauxite,true
27AVHXG6804R4Z7,09MDSAV0327Y3ZY,95845.36,2024-07-02,Assembled pump units,true
19GCSCE8452T4Z7,19AFHVR2881Q4Z4,201050.96,2024-07-03,Plywood panels,true
09GDUDI3670A5ZE,09MDSAV0327Y3ZY,205990.44,2024-07-03,Cotton yarn,true
29HDPWO6467E4ZJ,29GLIVA3486Y3ZR,582923.07,2024-07-04,Crude polymer granules,true
19CMQIT5183T9ZU,24PISLE8831I5ZS,212678.16,2024-07-04,Cotton yarn,true
06NPUYZ0199O3ZQ,36QKUHT3363G8Z1,117148.55,2024-07-04,Cotton yarn,true
24LIHCR1961J7Z7,06FDZJZ1871X1ZP,133490.29,2024-07-04,Plywood panels,false
27AJPTA1766T6ZD,07KYWMS0417O4Z8,447803.91,2024-07-05,Auto spare kits,true
09MACAR1889T5Z3,09MDSAV0327Y3ZY,183513.33,2024-07-05,Kitchenware cartons,true
27AJPTA1766T6ZD,07KYWMS0417O4Z8,416061.01,2024-07-07,Furniture sets,true
27AJPTA1766T6ZD,29MAUCO5537D8Z3,518574.36,2024-07-07,Furniture sets,true
32YKCYT1305Z3ZM,29USNIB2707Y3Z6,135461.79,2024-07-08,Auto spare kits,true
29OZSVL9371R7ZY,33YFHAE9497P9ZG,1046250.54,2024-07-09,Aluminium sheets,true
33DKOHF9808I3ZZ,29DFJDI9306B7ZJ,102010.24,2024-07-09,Assembled pump units,true
27JGLFA5617I5Z0,24LEGQZ0248F6ZJ,21848.18,2024-07-11,Bauxite,true
32LTYIF5947E9ZG,29ONVRZ3130M6ZL,660475.45,2024-07-11,Raw rubber sheets,true
24SORHP9066Z2ZO,24QJQGQ3620U1Z2,26545.13,2024-07-11,Cotton yarn,true
27OVEWI9795R9Z8,27AJPTA1766T6ZD,108778.81,2024-07-12,Plywood panels,true
32APDCZ4228J5Z9,29YDUXQ1768F6Z5,232603.54,2024-07-14,Crude polymer granules,true
07KTVJS9657V4ZX,07XBHEJ9668L1Z2,3773941.27,2024-07-14,Garment lots,true
19YNUSU1543Z9ZL,07ABURL9979Q1Z0,517936.30,2024-07-14,Returned unsold stock,true
06HKRKP4434B1ZM,09EYIVN1895O1ZO,499254.33,2024-07-16,Raw cotton bales,true
36VDRMO4829X3Z0,19GCSCE8452T4Z7,20492.15,2024-07-16,Unprocessed timber,true
33MDFOF7954Z9ZL,24LEGQZ0248F6ZJ,1071511.13,2024-07-16,Unprocessed timber,true
29TPVLE8820A7ZX,06MOGFE1378X5ZQ,454099.61,2024-07-18,Auto spare kits,false
36GZLVK4903C3ZJ,36GDMFJ3180O4ZC,677641.15,2024-07-19,Raw rubber sheets,true
36WFQAG8528A9Z5,24ADBPZ9331Y7Z1,658100.82,2024-07-19,Rubber gaskets,true
24YIDDD6289H3ZT,07DHLQX8570T4Z7,116042.48,2024-07-19,Furniture sets,true
27AJPTA1766T6ZD,06PACMQ7731H2Z6,524509.09,2024-07-19,Garment lots,false
32LTYIF5947E9ZG,29ONVRZ3130M6ZL,578080.22,2024-07-21,Iron ore,true
06HKRKP4434B1ZM,19AFHVR2881Q4Z4,337383.54,2024-07-21,Crude polymer granules,false
27LABTZ8624C8ZL,19YTTQI9334D1Z5,78419.06,2024-07-21,Rubber gaskets,true
24YIDDD6289H3ZT,07OWSPV4756N1ZN,179932.86,2024-07-21,Kitchenware cartons,true
33QZOGD3619C2Z5,19BVGWK7086S6Z9,353308.13,2024-07-22,Raw cotton bales,false
32EJXJI9851G6ZJ,07BSHGZ0028T6Z1,97572.81,2024-07-22,Assembled pump units,true
06HKRKP4434B1ZM,19AFHVR2881Q4Z4,293851.47,2024-07-24,Bauxite,true
27LABTZ8624C8ZL,29TPVLE8820A7ZX,143680.01,2024-07-25,Cotton yarn,true
27CDMPY3420P3ZO,06XYZCA0026Z5ZI,6936778.31,2024-07-25,Packaged fittings,true
06HKRKP4434B1ZM,09EYIVN1895O1ZO,520232.40,2024-07-26,Bauxite,true
33QZOGD3619C2Z5,36HIWMV4627A6ZF,222720.14,2024-07-26,Crude polymer granules,false
07RMQJW3353W3ZM,09THKGN0004S7ZJ,447959.93,2024-07-26,Assembled pump units,true
06BWKWN5630Z4ZD,24QJQGQ3620U1Z2,18688.69,2024-07-28,Plywood panels,true
27LABTZ8624C8ZL,19YTTQI9334D1Z5,65441.29,2024-07-28,Plywood panels,true
27LABTZ8624C8ZL,19YTTQI9334D1Z5,81095.03,2024-07-30,Steel coils,true
32BTVLO0183D3ZZ,27KNVLF9413B7ZQ,32269.35,2024-07-31,Moulded plastic parts,true
24QJQGQ3620U1Z2,07DHLQX8570T4Z7,553770.04,2024-08-01,Assembled pump units,true
27MLHJA7771D8ZP,33DKOHF9808I3ZZ,428616.87,2024-08-03,Raw cotton bales,true
29QWAAN3943M1ZA,24YIDDD6289H3ZT,298056.20,2024-08-03,Rubber gaskets,false
19FWLNA7151E6Z5,09TUUXS2191W1Z4,610999.47,2024-08-04,Crude polymer granules,true
24LIHCR1961J7Z7,06PACMQ7731H2Z6,83162.53,2024-08-04,Moulded plastic parts,true
19BVGWK7086S6Z9,07ABURL9979Q1Z0,285903.46,2024-08-04,Assembled pump units,true
32YKCYT1305Z3ZM,09ZBWBM8578V6ZU,120127.53,2024-08-04,Kitchenware cartons,true
06BWKWN5630Z4ZD,24QJQGQ3620U1Z2,18203.11,2024-08-05,Aluminium sheets,true
32BTVLO0183D3ZZ,29GOJDW2619G6ZM,12618.55,2024-08-05,Plywood panels,true
24RGHCF5815H7Z1,36MYFHN1078R2Z4,471205.06,2024-08-06,Steel coils,true
27LABTZ8624C8ZL,29TPVLE8820A7ZX,147549.77,2024-08-07,Plywood panels,true
24WXKFC0232Q6ZN,06VXENK5239T5Z6,648790.43,2024-08-07,Plywood panels,true
24LIHCR1961J7Z7,27AADWX3409U6ZS,75257.40,2024-08-08,Steel coils,true
19UCSSH0140I9ZM,06MOGFE1378X5ZQ,533624.82,2024-08-08,Aluminium sheets,true
09CNWXM9348C8ZL,07FSGBM8265D9ZC,565880.33,2024-08-09,Kitchenware cartons,true
29ONVRZ3130M6ZL,33GUQQC4750Y8Z5,106551.98,2024-08-10,Moulded plastic parts,true
24TPTFH7609E1Z9,07VZKFB6019K1ZT,1337212.72,2024-08-12,Crude polymer granules,true
33ZCOYB3981K1ZV,29NVUAL1821K7ZE,22488.85,2024-08-12,Raw cotton bales,true
29QWAAN3943M1ZA,07WWTVC3072D6Z6,629751.79,2024-08-12,Moulded plastic parts,false
19BVGWK7086S6Z9,07ABURL9979Q1Z0,311620.03,2024-08-13,Kitchenware cartons,true
06TORUY4649H3ZW,07RMQJW3353W3ZM,375559.46,2024-08-15,Raw rubber sheets,true
33IIMMB0166U5Z6,29LQFOT4019W1ZL,1315203.42,2024-08-15,Kitchenware cartons,true
36HNWSS6393V2ZK,19QGJES9032L6ZO,1967084.72,2024-08-16,Unprocessed timber,true
27YRPVR6146L5ZI,27AJPTA1766T6ZD,59908.94,2024-08-16,Crude polymer granules,true
19UCSSH0140I9ZM,29YDUXQ1768F6Z5,698082.68,2024-08-16,Plywood panels,true
27JGLFA5617I5Z0,36AOZCX8818C4Z4,21003.71,2024-08-17,Crude polymer granules,true
33FOOWY4932K5ZW,07ABURL9979Q1Z0,314552.62,2024-08-17,Garment lots,true
06BWKWN5630Z4ZD,24QJQGQ3620U1Z2,20069.59,2024-08-18,Steel coils,true
27LABTZ8624C8ZL,29TPVLE8820A7ZX,159373.52,2024-08-18,Steel coils,true
06OUYEO4807S2ZY,33YGMLY4610W6ZS,140505.38,2024-08-18,Steel coils,true
07VZKFB6019K1ZT,29LQFOT4019W1ZL,532689.01,2024-08-19,Aluminium sheets,true
29ONVRZ3130M6ZL,29GBWZR4282Y6Z3,61959.95,2024-08-19,Rubber gaskets,true
32CMSLO2200R6Z5,07XBHEJ9668L1Z2,82827.14,2024-08-21,Raw rubber sheets,true
33YGMLY4610W6ZS,06XYZCA0026Z5ZI,414455.56,2024-08-22,Auto spare kits,true
29WPVPH3087E4Z8,32EJXJI9851G6ZJ,37964.07,2024-08-23,Unprocessed timber,true
19SMNMV3040I7ZD,36MYFHN1078R2Z4,248194.64,2024-08-23,Iron ore,true
36MYFHN1078R2Z4,06XYZCA0026Z5ZI,296649.86,2024-08-23,Garment lots,true
09TUUXS2191W1Z4,09ZBWBM8578V6ZU,88224.51,2024-08-23,Garment lots,true
07RMQJW3353W3ZM,09VPWSE5537W2Z0,262754.57,2024-08-24,Assembled pump units,true
07JUHCS8296Y9Z9,32MCPVJ0931T3ZJ,278804.98,2024-08-25,Raw cotton bales,true
07WKVKZ7853Z8ZD,36MFZZI1805O9Z6,48070.95,2024-08-25,Aluminium sheets,true
24LIHCR1961J7Z7,27AADWX3409U6ZS,77188.45,2024-08-25,Moulded plastic parts,true
27JXTFP9055S6Z9,09VPWSE5537W2Z0,19637.03,2024-08-26,Moulded plastic parts,true
36BOCZB4319K6Z2,24TQBMB5563K9ZK,2625477.25,2024-08-27,Raw rubber sheets,true
06KUHPQ3830N7ZC,32YKCYT1305Z3ZM,70691.70,2024-08-27,Aluminium sheets,true
07LYWHO7356O2Z6,06ZYUMR8310X1ZI,382610.67,2024-08-27,Assembled pump units,true
19FWLNA7151E6Z5,09TUUXS2191W1Z4,640746.07,2024-08-28,Unprocessed timber,true
09TUUXS2191W1Z4,09ZBWBM8578V6ZU,97949.19,2024-08-28,Auto spare kits,false
24TPTFH7609E1Z9,07VZKFB6019K1ZT,1722683.68,2024-08-29,Iron ore,true
07XBHEJ9668L1Z2,06MOGFE1378X5ZQ,234440.38,2024-08-29,Garment lots,false
36RVGEN3898U2ZW,24WXKFC0232Q6ZN,13733.42,2024-08-30,Raw cotton bales,true
06HKRKP4434B1ZM,07RQSPW5140Z2ZH,787416.26,2024-08-30,Iron ore,true
27AVHXG6804R4Z7,27WAABE0101S7ZY,145811.35,2024-08-30,Furniture sets,true
27AJPTA1766T6ZD,07KYWMS0417O4Z8,438610.26,2024-08-30,Garment lots,true
27AJPTA1766T6ZD,29MAUCO5537D8Z3,460874.70,2024-08-30,Auto spare kits,true
29HDPWO6467E4ZJ,27OVEWI9795R9Z8,414251.86,2024-08-31,Bauxite,true
06HZHAM9303D1Z2,27OVEWI9795R9Z8,1049004.36,2024-08-31,Raw rubber sheets,true
19BVGWK7086S6Z9,07ABURL9979Q1Z0,289179.38,2024-08-31,Garment lots,true
19WSEJA6123K9ZZ,24QSNHV0585V8Z8,1692876.79,2024-09-02,Unprocessed timber,true
24WXKFC0232Q6ZN,36AOZCX8818C4Z4,357101.44,2024-09-02,Plywood panels,true
32LTYIF5947E9ZG,29ONVRZ3130M6ZL,632928.51,2024-09-03,Raw cotton bales,true
27TZILH6929G4ZN,09EYIVN1895O1ZO,473738.30,2024-09-04,Moulded plastic parts,true
06OUYEO4807S2ZY,29GLIVA3486Y3ZR,134448.84,2024-09-04,Rubber gaskets,true
29HDPWO6467E4ZJ,24QSNHV0585V8Z8,554482.34,2024-09-05,Unprocessed timber,true
36VDRMO4829X3Z0,29DSORG7805Q7ZD,9755.20,2024-09-06,Unprocessed timber,true
32OSLJF8100O5ZL,07XBHEJ9668L1Z2,22650.23,2024-09-06,Plywood panels,true
29ONVRZ3130M6ZL,09TUUXS2191W1Z4,173947.38,2024-09-06,Steel coils,true
36AMNXO1723D1ZL,07KYWMS0417O4Z8,368901.83,2024-09-06,Furniture sets,true
36SGHHT8031T6ZB,27SKWQX1255L5ZB,19902.71,2024-09-07,Bauxite,true
24PISLE8831I5ZS,09VPWSE5537W2Z0,742741.11,2024-09-07,Garment lots,true
33FOOWY4932K5ZW,29USNIB2707Y3Z6,211471.72,2024-09-07,Assembled pump units,true
07XBHEJ9668L1Z2,06MOGFE1378X5ZQ,271431.35,2024-09-09,Garment lots,false
33MDFOF7954Z9ZL,07XBHEJ9668L1Z2,1078713.93,2024-09-10,Bauxite,true
29QWAAN3943M1ZA,19AFHVR2881Q4Z4,283347.00,2024-09-10,Steel coils,false
32RTMUK0767J7ZR,33FOOWY4932K5ZW,224468.52,2024-09-11,Moulded plastic parts,true
27LABTZ8624C8ZL,06VXENK5239T5Z6,108031.91,2024-09-11,Rubber gaskets,true
27LABTZ8624C8ZL,19YTTQI9334D1Z5,76988.16,2024-09-11,Rubber gaskets,true
33YGMLY4610W6ZS,07UPVXB8379E6ZK,681325.40,2024-09-11,Kitchenware cartons,true
07VZKFB6019K1ZT,29LQFOT4019W1ZL,608269.90,2024-09-12,Rubber gaskets,true
29YGPFN5167M1ZA,19QLQGQ2532E7Z2,35786.85,2024-09-12,Furniture sets,true
07XBHEJ9668L1Z2,36UUJPD2134K1ZG,200652.14,2024-09-12,Garment lots,true
27LABTZ8624C8ZL,29TPVLE8820A7ZX,139004.42,2024-09-13,Aluminium sheets,true
32CMSLO2200R6Z5,24QJQGQ3620U1Z2,87677.18,2024-09-14,Raw rubber sheets,true
32YKCYT1305Z3ZM,29USNIB2707Y3Z6,124807.25,2024-09-14,Packaged fittings,true
27AVHXG6804R4Z7,27WAABE0101S7ZY,150719.99,2024-09-15,Garment lots,true
24TSKYG0110D8ZX,36DOAKR6492B1ZA,110985.04,2024-09-16,Unprocessed timber,true
32RTMUK0767J7ZR,06VXENK5239T5Z6,215674.19,2024-09-16,Moulded plastic parts,true
36AMNXO1723D1ZL,19YNUSU1543Z9ZL,352711.08,2024-09-16,Garment lots,true
32CMSLO2200R6Z5,24QJQGQ3620U1Z2,82274.65,2024-09-17,Raw rubber sheets,true
36VDRMO4829X3Z0,24CGIRZ2877Z7ZD,18043.66,2024-09-17,Crude polymer granules,true
27AJPTA1766T6ZD,29MAUCO5537D8Z3,474640.28,2024-09-17,Assembled pump units,true
29WPVPH3087E4Z8,29YDUXQ1768F6Z5,85018.22,2024-09-19,Crude polymer granules,true
19FWLNA7151E6Z5,09TUUXS2191W1Z4,693452.35,2024-09-19,Raw cotton bales,true
24TSKYG0110D8ZX,36LSELK1732T5ZX,72134.85,2024-09-19,Raw cotton bales,true
27LABTZ8624C8ZL,06VXENK5239T5Z6,87442.15,2024-09-19,Rubber gaskets,true
27LABTZ8624C8ZL,29DFJDI9306B7ZJ,97613.30,2024-09-19,Rubber gaskets,true
07XBHEJ9668L1Z2,36UUJPD2134K1ZG,195441.39,2024-09-19,Garment lots,false
29DSORG7805Q7ZD,07OWSPV4756N1ZN,1321065.34,2024-09-19,Furniture sets,true
36UHMYC0921B6ZB,19YTTQI9334D1Z5,314091.55,2024-09-20,Iron ore,true
27LABTZ8624C8ZL,29DFJDI9306B7ZJ,115174.67,2024-09-20,Rubber gaskets,true
19WSEJA6123K9ZZ,27ZKLFW2886V7ZL,1789332.76,2024-09-21,Crude polymer granules,true
32OSLJF8100O5ZL,36ETOYM3140L4ZH,24365.23,2024-09-21,Plywood panels,true
32APDCZ4228J5Z9,29YDUXQ1768F6Z5,244470.32,2024-09-22,Raw cotton bales,true
07XBHEJ9668L1Z2,07KTVJS9657V4ZX,4503080.32,2024-09-22,Auto spare kits,true
29NVUAL1821K7ZE,36MFZZI1805O9Z6,236563.51,2024-09-23,Moulded plastic parts,true
07XBHEJ9668L1Z2,29USNIB2707Y3Z6,464998.78,2024-09-23,Auto spare kits,false
07XBHEJ9668L1Z2,29USNIB2707Y3Z6,492078.97,2024-09-24,Assembled pump units,true
36LSELK1732T5ZX,29DFJDI9306B7ZJ,297175.50,2024-09-25,Plywood panels,true
07XBHEJ9668L1Z2,36UUJPD2134K1ZG,186195.41,2024-09-25,Furniture sets,true
09IWOVN2020F3ZK,32FNBKA6990P7ZQ,660358.81,2024-09-25,Auto spare kits,true
36VDRMO4829X3Z0,32OSLJF8100O5ZL,14034.50,2024-09-26,Crude polymer granules,true
27LABTZ8624C8ZL,29DFJDI9306B7ZJ,100982.07,2024-09-26,Steel coils,true
07XBHEJ9668L1Z2,24ADBPZ9331Y7Z1,255312.37,2024-09-26,Furniture sets,true
27JGLFA5617I5Z0,27JXTFP9055S6Z9,30623.19,2024-09-27,Raw cotton bales,true
07WKVKZ7853Z8ZD,32FNBKA6990P7ZQ,18683.53,2024-09-28,Aluminium sheets,true
24SORHP9066Z2ZO,09LRSNL8397M2ZC,25187.89,2024-09-28,Rubber gaskets,true
24PISLE8831I5ZS,09VPWSE5537W2Z0,672962.65,2024-09-28,Garment lots,true
07XBHEJ9668L1Z2,24ADBPZ9331Y7Z1,246474.00,2024-09-29,Assembled pump units,true
33DKOHF9808I3ZZ,29DFJDI9306B7ZJ,110191.77,2024-09-29,Auto spare kits,true
24XCOGB4723J1Z4,07OWSPV4756N1ZN,440209.55,2024-09-29,Furniture sets,true
19FQVDH2460H4ZO,07DHLQX8570T4Z7,1434564.12,2024-09-30,Cotton yarn,true
29QWAAN3943M1ZA,24YIDDD6289H3ZT,370673.10,2024-10-01,Cotton yarn,true
36AMNXO1723D1ZL,19YNUSU1543Z9ZL,374579.56,2024-10-01,Packaged fittings,true
27AJPTA1766T6ZD,29MAUCO5537D8Z3,549221.20,2024-10-01,Assembled pump units,true
32RTMUK0767J7ZR,29DFJDI9306B7ZJ,211300.41,2024-10-02,Cotton yarn,true
19RQFMU3728T6Z2,36UUJPD2134K1ZG,10949.31,2024-10-03,Aluminium sheets,true
29GLIVA3486Y3ZR,29LQFOT4019W1ZL,153798.01,2024-10-03,Garment lots,false
29ONVRZ3130M6ZL,19YTTQI9334D1Z5,86364.79,2024-10-04,Aluminium sheets,true
32EJXJI9851G6ZJ,09ZBWBM8578V6ZU,78411.22,2024-10-04,Furniture sets,true
09MACAR1889T5Z3,09ZBWBM8578V6ZU,513277.28,2024-10-04,Kitchenware cartons,true
09VPWSE5537W2Z0,06XLLCH1373K6Z0,82913.32,2024-10-04,Returned unsold stock,true
27ZKLFW2886V7ZL,19BVGWK7086S6Z9,554432.80,2024-10-05,Moulded plastic parts,false
07XBHEJ9668L1Z2,06MOGFE1378X5ZQ,231713.40,2024-10-05,Kitchenware cartons,true
07LYWHO7356O2Z6,07DHLQX8570T4Z7,1103672.73,2024-10-05,Auto spare kits,true
29HDPWO6467E4ZJ,29GLIVA3486Y3ZR,666399.92,2024-10-06,Iron ore,true
36VDRMO4829X3Z0,24SORHP9066Z2ZO,17111.62,2024-10-06,Crude polymer granules,true
27LABTZ8624C8ZL,29DFJDI9306B7ZJ,116004.98,2024-10-06,Cotton yarn,false
33YGMLY4610W6ZS,07UPVXB8379E6ZK,691157.98,2024-10-06,Furniture sets,true
07XBHEJ9668L1Z2,24ADBPZ9331Y7Z1,282132.66,2024-10-07,Packaged fittings,true
24YIDDD6289H3ZT,29DFJDI9306B7ZJ,166420.03,2024-10-07,Furniture sets,true
09MACAR1889T5Z3,06XLLCH1373K6Z0,628147.73,2024-10-07,Furniture sets,true
36GZLVK4903C3ZJ,24DANYR9176S8Z7,301936.80,2024-10-08,Iron ore,false
06NPUYZ0199O3ZQ,36QKUHT3363G8Z1,116354.79,2024-10-08,Steel coils,true
06NPUYZ0199O3ZQ,24QJQGQ3620U1Z2,239859.46,2024-10-08,Rubber gaskets,true
19BVGWK7086S6Z9,07ABURL9979Q1Z0,269738.86,2024-10-08,Garment lots,true
27CPIOO2175D8Z4,09IWOVN2020F3ZK,132996.34,2024-10-09,Plywood panels,true
32ZOIZY9544B1ZL,33IIMMB0166U5Z6,81954.06,2024-10-12,Plywood panels,true
19QGJES9032L6ZO,07ABURL9979Q1Z0,549873.48,2024-10-12,Steel coils,false
09IWOVN2020F3ZK,32FNBKA6990P7ZQ,634503.75,2024-10-12,Auto spare kits,true
32OSLJF8100O5ZL,36ETOYM3140L4ZH,20592.46,2024-10-13,Plywood panels,true
33FOOWY4932K5ZW,19YNUSU1543Z9ZL,275667.44,2024-10-13,Auto spare kits,true
29DSORG7805Q7ZD,33JUGCQ0243X7ZK,1737042.62,2024-10-13,Assembled pump units,true
36RVGEN3898U2ZW,29GOJDW2619G6ZM,19128.72,2024-10-14,Unprocessed timber,true
29GBWZR4282Y6Z3,07ABURL9979Q1Z0,690088.34,2024-10-15,Assembled pump units,true
27AVHXG6804R4Z7,27WAABE0101S7ZY,165506.66,2024-10-15,Auto spare kits,true
07XBHEJ9668L1Z2,07KTVJS9657V4ZX,3772559.11,2024-10-15,Garment lots,true
36UHMYC0921B6ZB,32BTVLO0183D3ZZ,374702.64,2024-10-16,Bauxite,true
32AQGJY0057D6ZV,27ZKLFW2886V7ZL,152432.44,2024-10-17,Raw rubber sheets,true
36GSPSS3446D1Z8,32RTMUK0767J7ZR,700472.41,2024-10-17,Raw cotton bales,true
33NIRBJ4576K8ZM,27WAABE0101S7ZY,16205.91,2024-10-17,Cotton yarn,true
33YGMLY4610W6ZS,07UPVXB8379E6ZK,732294.05,2024-10-17,Garment lots,true
09TUUXS2191W1Z4,19YNUSU1543Z9ZL,113432.75,2024-10-17,Auto spare kits,false
27WJBXO9266U2ZY,09MACAR1889T5Z3,45708.47,2024-10-19,Crude polymer granules,true
32YKCYT1305Z3ZM,07BSHGZ0028T6Z1,92954.57,2024-10-19,Packaged fittings,true
19YTTQI9334D1Z5,29LQFOT4019W1ZL,474054.20,2024-10-19,Assembled pump units,true
19QAOYF9022E9Z3,27SKWQX1255L5ZB,3613487.83,2024-10-20,Iron ore,true
36GZLVK4903C3ZJ,33YGMLY4610W6ZS,303505.51,2024-10-20,Raw cotton bales,true
27LABTZ8624C8ZL,09CNWXM9348C8ZL,97941.66,2024-10-20,Steel coils,true
19WSEJA6123K9ZZ,36ETOYM3140L4ZH,887878.27,2024-10-21,Crude polymer granules,true
36HIWMV4627A6ZF,29MAUCO5537D8Z3,651160.95,2024-10-21,Plywood panels,false
19BVGWK7086S6Z9,29LQFOT4019W1ZL,265115.99,2024-10-21,Packaged fittings,true
24TSKYG0110D8ZX,36LSELK1732T5ZX,67415.95,2024-10-22,Unprocessed timber,true
07RQSPW5140Z2ZH,09VPWSE5537W2Z0,557774.80,2024-10-22,Plywood panels,true
29QWAAN3943M1ZA,27HXKTQ5235G4ZA,332955.15,2024-10-22,Plywood panels,false
07JUHCS8296Y9Z9,29OZSVL9371R7ZY,285783.57,2024-10-23,Iron ore,true
27LABTZ8624C8ZL,09CNWXM9348C8ZL,105714.26,2024-10-23,Aluminium sheets,true
24TSKYG0110D8ZX,27SKWQX1255L5ZB,91385.05,2024-10-24,Iron ore,true
24TSKYG0110D8ZX,07WKVKZ7853Z8ZD,134534.26,2024-10-24,Crude polymer granules,true
07XBHEJ9668L1Z2,36UUJPD2134K1ZG,197732.77,2024-10-25,Auto spare kits,false
06NPUYZ0199O3ZQ,24QJQGQ3620U1Z2,292170.61,2024-10-26,Cotton yarn,true
24PISLE8831I5ZS,09VPWSE5537W2Z0,680408.31,2024-10-26,Assembled pump units,true
27JGLFA5617I5Z0,27JXTFP9055S6Z9,32066.30,2024-10-27,Raw rubber sheets,true
06KUHPQ3830N7ZC,32YKCYT1305Z3ZM,56003.57,2024-10-27,Cotton yarn,true
19CMQIT5183T9ZU,29YDUXQ1768F6Z5,126869.60,2024-10-27,Steel coils,true
06OUYEO4807S2ZY,33YGMLY4610W6ZS,145744.28,2024-10-28,Steel coils,true
07XBHEJ9668L1Z2,06MOGFE1378X5ZQ,251667.90,2024-10-28,Auto spare kits,true
33FOOWY4932K5ZW,19YNUSU1543Z9ZL,355466.67,2024-10-28,Packaged fittings,true
07WWTVC3072D6Z6,36UUJPD2134K1ZG,286648.02,2024-10-28,Auto spare kits,true
19BVGWK7086S6Z9,29LQFOT4019W1ZL,236746.85,2024-10-29,Furniture sets,true
19BVGWK7086S6Z9,07ABURL9979Q1Z0,284162.61,2024-10-30,Kitchenware cartons,true
24SORHP9066Z2ZO,33GUQQC4750Y8Z5,23484.50,2024-10-31,Cotton yarn,true
24QJQGQ3620U1Z2,09VPWSE5537W2Z0,1394535.74,2024-10-31,Auto spare kits,true
29QWAAN3943M1ZA,24CPKFI4802U8Z3,365840.10,2024-11-01,Cotton yarn,true
07VZKFB6019K1ZT,29LQFOT4019W1ZL,614939.06,2024-11-01,Moulded plastic parts,true
29ONVRZ3130M6ZL,32FNBKA6990P7ZQ,158923.12,2024-11-01,Cotton yarn,true
24CGIRZ2877Z7ZD,06PACMQ7731H2Z6,7387.67,2024-11-01,Garment lots,true
29ONVRZ3130M6ZL,19YTTQI9334D1Z5,75192.72,2024-11-02,Cotton yarn,true
32EJXJI9851G6ZJ,32YKCYT1305Z3ZM,4296832.39,2024-11-03,Garment lots,true
07XBHEJ9668L1Z2,36UUJPD2134K1ZG,188033.68,2024-11-04,Packaged fittings,true
27LABTZ8624C8ZL,29GLIVA3486Y3ZR,81672.01,2024-11-05,Rubber gaskets,true
24CGIRZ2877Z7ZD,06XYZCA0026Z5ZI,10351.88,2024-11-05,Garment lots,true
07XBHEJ9668L1Z2,29MAUCO5537D8Z3,451527.78,2024-11-06,Assembled pump units,true
36ETOYM3140L4ZH,29USNIB2707Y3Z6,2826457.16,2024-11-06,Furniture sets,false
19BVGWK7086S6Z9,29LQFOT4019W1ZL,234179.15,2024-11-06,Furniture sets,true
07JUHCS8296Y9Z9,29OZSVL9371R7ZY,303865.43,2024-11-09,Raw cotton bales,true
36DOAKR6492B1ZA,29GLIVA3486Y3ZR,17567.49,2024-11-09,Plywood panels,true
07XBHEJ9668L1Z2,24ADBPZ9331Y7Z1,278389.00,2024-11-09,Auto spare kits,false
36UHMYC0921B6ZB,36MYFHN1078R2Z4,136646.91,2024-11-10,Iron ore,true
27CPIOO2175D8Z4,09IWOVN2020F3ZK,109280.05,2024-11-10,Aluminium sheets,true
24QSNHV0585V8Z8,36QKUHT3363G8Z1,827798.05,2024-11-11,Plywood panels,true
07XBHEJ9668L1Z2,24ADBPZ9331Y7Z1,292293.01,2024-11-11,Garment lots,true
27AVHXG6804R4Z7,27WAABE0101S7ZY,178589.46,2024-11-11,Furniture sets,true
07XBHEJ9668L1Z2,29MAUCO5537D8Z3,465430.39,2024-11-12,Furniture sets,true
24CGIRZ2877Z7ZD,36UUJPD2134K1ZG,6873.95,2024-11-12,Assembled pump units,true
24TPTFH7609E1Z9,19CMQIT5183T9ZU,1199398.69,2024-11-13,Bauxite,true
06VXENK5239T5Z6,07KYWMS0417O4Z8,1739800.99,2024-11-14,Furniture sets,true
07XBHEJ9668L1Z2,07KTVJS9657V4ZX,4420276.23,2024-11-14,Packaged fittings,false
06HKRKP4434B1ZM,07RQSPW5140Z2ZH,835878.29,2024-11-16,Iron ore,true
27WJBXO9266U2ZY,06QCBYQ6201T5Z8,98733.87,2024-11-16,Bauxite,true
07XBHEJ9668L1Z2,29MAUCO5537D8Z3,540400.28,2024-11-16,Assembled pump units,true
07XBHEJ9668L1Z2,06MOGFE1378X5ZQ,238132.15,2024-11-16,Assembled pump units,false
24CGIRZ2877Z7ZD,07FSGBM8265D9ZC,8018.91,2024-11-17,Kitchenware cartons,true
27AVHXG6804R4Z7,27WAABE0101S7ZY,165971.70,2024-11-17,Auto spare kits,true
19BVGWK7086S6Z9,29LQFOT4019W1ZL,273805.45,2024-11-17,Packaged fittings,true
33FOOWY4932K5ZW,09ZBWBM8578V6ZU,226394.75,2024-11-18,Furniture sets,true
07VZKFB6019K1ZT,24QJQGQ3620U1Z2,1005920.57,2024-11-19,Steel coils,true
36AMNXO1723D1ZL,07UPVXB8379E6ZK,166791.41,2024-11-20,Garment lots,true
36UHMYC0921B6ZB,24WXKFC0232Q6ZN,129530.43,2024-11-21,Raw cotton bales,true
36SGHHT8031T6ZB,27SKWQX1255L5ZB,19020.30,2024-11-22,Bauxite,true
33ZCOYB3981K1ZV,36GDMFJ3180O4ZC,21581.58,2024-11-22,Crude polymer granules,false
07XBHEJ9668L1Z2,36UUJPD2134K1ZG,203656.06,2024-11-22,Assembled pump units,false
36VDRMO4829X3Z0,29DSORG7805Q7ZD,10457.64,2024-11-23,Iron ore,true
24SORHP9066Z2ZO,09LRSNL8397M2ZC,26717.54,2024-11-23,Steel coils,true
07XBHEJ9668L1Z2,29MAUCO5537D8Z3,504541.55,2024-11-23,Packaged fittings,false
07XBHEJ9668L1Z2,07KTVJS9657V4ZX,3828144.53,2024-11-23,Garment lots,true
29ZVHMB5624H3ZT,33GUQQC4750Y8Z5,2540591.02,2024-11-24,Iron ore,true
24TSKYG0110D8ZX,36LSELK1732T5ZX,74472.26,2024-11-24,Crude polymer granules,true
07XBHEJ9668L1Z2,24ADBPZ9331Y7Z1,314138.38,2024-11-24,Garment lots,true
06QWIYO2144M6Z6,19YNUSU1543Z9ZL,544696.83,2024-11-24,Packaged fittings,true
33MDFOF7954Z9ZL,07XBHEJ9668L1Z2,1151327.74,2024-11-25,Raw cotton bales,true
33NIRBJ4576K8ZM,27WAABE0101S7ZY,18735.32,2024-11-25,Plywood panels,true
24CGIRZ2877Z7ZD,06XYZCA0026Z5ZI,9115.56,2024-11-25,Assembled pump units,true
19BVGWK7086S6Z9,29LQFOT4019W1ZL,264499.23,2024-11-26,Furniture sets,true
36RVGEN3898U2ZW,29QWAAN3943M1ZA,20375.97,2024-11-27,Crude polymer granules,true
24WXKFC0232Q6ZN,07ABURL9979Q1Z0,880618.73,2024-11-27,Aluminium sheets,true
09LRSNL8397M2ZC,06XYZCA0026Z5ZI,1680652.62,2024-11-27,Kitchenware cartons,true
32APDCZ4228J5Z9,29YDUXQ1768F6Z5,227701.31,2024-11-28,Crude polymer granules,true
06QCBYQ6201T5Z8,06PACMQ7731H2Z6,223638.02,2024-11-28,Garment lots,true
24CGIRZ2877Z7ZD,06PACMQ7731H2Z6,8110.15,2024-11-28,Auto spare kits,true
07RQSPW5140Z2ZH,09VPWSE5537W2Z0,541231.15,2024-11-29,Rubber gaskets,false
19FWLNA7151E6Z5,36ETOYM3140L4ZH,982538.91,2024-11-30,Iron ore,true
07RQSPW5140Z2ZH,09VPWSE5537W2Z0,466679.73,2024-11-30,Rubber gaskets,true
29ONVRZ3130M6ZL,29GOJDW2619G6ZM,99848.46,2024-11-30,Steel coils,false
29YGPFN5167M1ZA,29DFJDI9306B7ZJ,67438.16,2024-11-30,Kitchenware cartons,false
24PISLE8831I5ZS,09VPWSE5537W2Z0,644294.49,2024-11-30,Auto spare kits,true
24PISLE8831I5ZS,09VPWSE5537W2Z0,603003.56,2024-12-01,Garment lots,true
24TQBMB5563K9ZK,32FNBKA6990P7ZQ,179192.66,2024-12-01,Furniture sets,true
24HGRZG4980H6ZH,29MAUCO5537D8Z3,165231.06,2024-12-01,Packaged fittings,true
09MACAR1889T5Z3,09MDSAV0327Y3ZY,197801.68,2024-12-01,Packaged fittings,false
36SGHHT8031T6ZB,27SKWQX1255L5ZB,23838.78,2024-12-03,Raw rubber sheets,true
29GLIVA3486Y3ZR,33JUGCQ0243X7ZK,134876.39,2024-12-03,Furniture sets,true
24CGIRZ2877Z7ZD,06PACMQ7731H2Z6,6362.35,2024-12-04,Furniture sets,true
32YKCYT1305Z3ZM,06PACMQ7731H2Z6,231470.94,2024-12-04,Packaged fittings,true
24HGRZG4980H6ZH,06ZYUMR8310X1ZI,135963.67,2024-12-04,Kitchenware cartons,true
27JSEGL9722A2ZS,27KNVLF9413B7ZQ,43259.13,2024-12-05,Rubber gaskets,true
33IIMMB0166U5Z6,06XYZCA0026Z5ZI,1344582.71,2024-12-05,Kitchenware cartons,true
36RVGEN3898U2ZW,06OUYEO4807S2ZY,11644.27,2024-12-06,Raw cotton bales,true
27WJBXO9266U2ZY,06QCBYQ6201T5Z8,87505.53,2024-12-06,Unprocessed timber,true
29ZVHMB5624H3ZT,33GUQQC4750Y8Z5,2161388.12,2024-12-07,Unprocessed timber,true
24CGIRZ2877Z7ZD,06XYZCA0026Z5ZI,10497.27,2024-12-07,Packaged fittings,true
29ZVHMB5624H3ZT,33GUQQC4750Y8Z5,2319064.69,2024-12-08,Crude polymer granules,true
24LIHCR1961J7Z7,36AMNXO1723D1ZL,61995.35,2024-12-08,Plywood panels,true
36BOCZB4319K6Z2,19ORCRZ5136S8ZX,2427927.15,2024-12-09,Unprocessed timber,false
36LSELK1732T5ZX,29DFJDI9306B7ZJ,324674.98,2024-12-10,Cotton yarn,true
27CPIOO2175D8Z4,09IWOVN2020F3ZK,123294.34,2024-12-10,Plywood panels,true
27LABTZ8624C8ZL,09CNWXM9348C8ZL,94914.63,2024-12-11,Steel coils,false
09CNWXM9348C8ZL,09THKGN0004S7ZJ,346838.52,2024-12-11,Furniture sets,true
29GOJDW2619G6ZM,19YNUSU1543Z9ZL,392229.91,2024-12-11,Assembled pump units,true
29QWAAN3943M1ZA,36QKUHT3363G8Z1,376202.69,2024-12-12,Plywood panels,false
06QCBYQ6201T5Z8,06PACMQ7731H2Z6,218465.62,2024-12-12,Packaged fittings,true
27WJBXO9266U2ZY,06QCBYQ6201T5Z8,95181.59,2024-12-13,Raw rubber sheets,true
36VDRMO4829X3Z0,07KTVJS9657V4ZX,12477.46,2024-12-13,Raw rubber sheets,true
24CGIRZ2877Z7ZD,06PACMQ7731H2Z6,7970.53,2024-12-13,Assembled pump units,true
09CNWXM9348C8ZL,09THKGN0004S7ZJ,346649.15,2024-12-13,Garment lots,true
09IWOVN2020F3ZK,06XYZCA0026Z5ZI,781690.37,2024-12-13,Auto spare kits,true
24TSKYG0110D8ZX,36LSELK1732T5ZX,73567.16,2024-12-14,Iron ore,true
27LABTZ8624C8ZL,29DFJDI9306B7ZJ,93592.75,2024-12-14,Rubber gaskets,false
36ETOYM3140L4ZH,29USNIB2707Y3Z6,2691211.86,2024-12-14,Kitchenware cartons,true
32YKCYT1305Z3ZM,07BSHGZ0028T6Z1,89179.75,2024-12-14,Furniture sets,true
24TPTFH7609E1Z9,07VZKFB6019K1ZT,1329472.43,2024-12-15,Unprocessed timber,true
33YGMLY4610W6ZS,07UPVXB8379E6ZK,618257.09,2024-12-16,Assembled pump units,true
29DSORG7805Q7ZD,27KNVLF9413B7ZQ,1657122.33,2024-12-16,Auto spare kits,true
06UCZBM8689B1ZC,33GRWLO8497P9ZE,58112.91,2024-12-17,Crude polymer granules,true
27LABTZ8624C8ZL,29DFJDI9306B7ZJ,94025.83,2024-12-17,Rubber gaskets,true
07RQSPW5140Z2ZH,07FSGBM8265D9ZC,334704.11,2024-12-18,Aluminium sheets,true
29QWAAN3943M1ZA,24PISLE8831I5ZS,630242.12,2024-12-19,Aluminium sheets,true
06OUYEO4807S2ZY,07ABURL9979Q1Z0,120597.15,2024-12-19,Cotton yarn,true
24TPTFH7609E1Z9,07VZKFB6019K1ZT,1721214.05,2024-12-20,Bauxite,true
24HGRZG4980H6ZH,06ZYUMR8310X1ZI,138075.47,2024-12-20,Garment lots,true
32APDCZ4228J5Z9,29YDUXQ1768F6Z5,246328.24,2024-12-21,Bauxite,true
29ZVHMB5624H3ZT,33GUQQC4750Y8Z5,2765370.39,2024-12-22,Crude polymer granules,true
27CPIOO2175D8Z4,09IWOVN2020F3ZK,132056.93,2024-12-22,Rubber gaskets,true
24CPKFI4802U8Z3,06ZYUMR8310X1ZI,191505.83,2024-12-22,Assembled pump units,true
19FWLNA7151E6Z5,36ETOYM3140L4ZH,951766.81,2024-12-24,Raw rubber sheets,true
06UCZBM8689B1ZC,06VXENK5239T5Z6,99516.75,2024-12-25,Iron ore,true
32OSLJF8100O5ZL,36ETOYM3140L4ZH,25621.24,2024-12-25,Steel coils,true
24LIHCR1961J7Z7,06FDZJZ1871X1ZP,121356.69,2024-12-25,Rubber gaskets,true
19BVGWK7086S6Z9,27WAABE0101S7ZY,377590.73,2024-12-26,Furniture sets,true
09TUUXS2191W1Z4,07UPVXB8379E6ZK,150434.64,2024-12-26,Kitchenware cartons,false
24QSNHV0585V8Z8,36QKUHT3363G8Z1,916562.10,2024-12-27,Steel coils,true
09CNWXM9348C8ZL,09THKGN0004S7ZJ,302619.73,2024-12-27,Assembled pump units,true
24CGIRZ2877Z7ZD,06PACMQ7731H2Z6,7979.43,2024-12-28,Auto spare kits,true
29HDPWO6467E4ZJ,19FQVDH2460H4ZO,539371.64,2024-12-29,Raw cotton bales,true
36LSELK1732T5ZX,32LPQVH9585Z5Z0,537104.43,2024-12-29,Plywood panels,true
24CGIRZ2877Z7ZD,07FSGBM8265D9ZC,8409.81,2024-12-30,Furniture sets,true
19QAOYF9022E9Z3,36QKUHT3363G8Z1,2506080.63,2024-12-31,Bauxite,true
06HZHAM9303D1Z2,29QWAAN3943M1ZA,1625170.37,2024-12-31,Iron ore,true
24CGIRZ2877Z7ZD,06PACMQ7731H2Z6,7005.78,2024-12-31,Auto spare kits,true
24CGIRZ2877Z7ZD,07FSGBM8265D9ZC,6331.31,2024-12-31,Auto spare kits,true
32YKCYT1305Z3ZM,32EJXJI9851G6ZJ,4375991.62,2024-12-31,Garment lots,true
29TIWPY0487R5ZH,33GRWLO8497P9ZE,219105.39,2025-01-01,Steel coils,true
06UCZBM8689B1ZC,24DANYR9176S8Z7,67900.78,2025-01-02,Unprocessed timber,true
19FWLNA7151E6Z5,36ETOYM3140L4ZH,1091185.53,2025-01-02,Raw cotton bales,true
29EOAZQ4256B3ZB,19YTTQI9334D1Z5,99052.27,2025-01-02,Steel coils,true
32RTMUK0767J7ZR,24HGRZG4980H6ZH,203307.86,2025-01-02,Rubber gaskets,false
29DFJDI9306B7ZJ,19QLQGQ2532E7Z2,126488.65,2025-01-02,Recovered packaging material,true
29ZVHMB5624H3ZT,33GUQQC4750Y8Z5,2575391.28,2025-01-03,Unprocessed timber,true
07RQSPW5140Z2ZH,24QJQGQ3620U1Z2,205256.62,2025-01-04,Aluminium sheets,true
29EOAZQ4256B3ZB,19YTTQI9334D1Z5,125842.20,2025-01-04,Plywood panels,true
19CMQIT5183T9ZU,32LPQVH9585Z5Z0,112435.24,2025-01-04,Steel coils,true
06QCBYQ6201T5Z8,06PACMQ7731H2Z6,253022.90,2025-01-04,Kitchenware cartons,true
19FWLNA7151E6Z5,36ETOYM3140L4ZH,1066376.52,2025-01-06,Crude polymer granules,true
09MACAR1889T5Z3,09MDSAV0327Y3ZY,161606.14,2025-01-06,Furniture sets,true
24WXKFC0232Q6ZN,33YGMLY4610W6ZS,912298.16,2025-01-07,Plywood panels,true
09CNWXM9348C8ZL,09THKGN0004S7ZJ,346636.49,2025-01-07,Assembled pump units,true
32BTVLO0183D3ZZ,07BSHGZ0028T6Z1,14253.45,2025-01-08,Cotton yarn,true
09LRSNL8397M2ZC,06XYZCA0026Z5ZI,1624939.09,2025-01-08,Packaged fittings,true
29ZVHMB5624H3ZT,33GUQQC4750Y8Z5,2713133.77,2025-01-09,Bauxite,true
19FWLNA7151E6Z5,36ETOYM3140L4ZH,966855.36,2025-01-09,Iron ore,true
32RTMUK0767J7ZR,19ORCRZ5136S8ZX,153650.44,2025-01-09,Aluminium sheets,true
24WXKFC0232Q6ZN,27HXKTQ5235G4ZA,572665.86,2025-01-10,Plywood panels,true
24CGIRZ2877Z7ZD,06XYZCA0026Z5ZI,11980.10,2025-01-10,Garment lots,true
33XJXTK6255H1ZG,24DANYR9176S8Z7,1133796.32,2025-01-11,Crude polymer granules,true
29ZVHMB5624H3ZT,32YKCYT1305Z3ZM,2800468.92,2025-01-11,Bauxite,true
36LSELK1732T5ZX,09TUUXS2191W1Z4,634288.80,2025-01-11,Plywood panels,true
07XFBLY2148W1ZG,09MACAR1889T5Z3,105587.41,2025-01-11,Steel coils,false
09CNWXM9348C8ZL,09THKGN0004S7ZJ,345528.72,2025-01-11,Assembled pump units,true
19YTTQI9334D1Z5,29MAUCO5537D8Z3,660923.64,2025-01-12,Kitchenware cartons,true
24CGIRZ2877Z7ZD,06XYZCA0026Z5ZI,10202.17,2025-01-13,Kitchenware cartons,true
32FNBKA6990P7ZQ,19XTXAC5360U3ZZ,119701.46,2025-01-13,Inter-branch stock transfer,true
36DOAKR6492B1ZA,09MACAR1889T5Z3,18791.82,2025-01-14,Rubber gaskets,true
19QGJES9032L6ZO,07ABURL9979Q1Z0,579850.99,2025-01-15,Aluminium sheets,true
36RVGEN3898U2ZW,24HGRZG4980H6ZH,18499.94,2025-01-16,Iron ore,true
24WXKFC0232Q6ZN,29GBWZR4282Y6Z3,419960.85,2025-01-16,Rubber gaskets,true
32RTMUK0767J7ZR,24HGRZG4980H6ZH,159443.05,2025-01-17,Aluminium sheets,true
29ZVHMB5624H3ZT,24RGHCF5815H7Z1,1572303.58,2025-01-18,Unprocessed timber,true
32BTVLO0183D3ZZ,24HGRZG4980H6ZH,18003.54,2025-01-18,Rubber gaskets,true
07RMQJW3353W3ZM,09VPWSE5537W2Z0,309538.21,2025-01-18,Auto spare kits,true
36HNWSS6393V2ZK,27AJPTA1766T6ZD,1116629.67,2025-01-19,Crude polymer granules,true
36JMBCS5285U5Z4,33NIRBJ4576K8ZM,44968.31,2025-01-19,Bauxite,true
36UHMYC0921B6ZB,36MYFHN1078R2Z4,112327.50,2025-01-19,Unprocessed timber,true
29ZVHMB5624H3ZT,27SKWQX1255L5ZB,2460079.25,2025-01-19,Raw rubber sheets,true
32KQZTG2680A5ZT,06QCBYQ6201T5Z8,170350.95,2025-01-19,Moulded plastic parts,true
29SLMYQ2307L6Z5,09MACAR1889T5Z3,1181202.20,2025-01-20,Moulded plastic parts,true
32EJXJI9851G6ZJ,07FSGBM8265D9ZC,101042.68,2025-01-20,Packaged fittings,true
06UCZBM8689B1ZC,06VXENK5239T5Z6,117108.02,2025-01-21,Unprocessed timber,true
36UHMYC0921B6ZB,19YTTQI9334D1Z5,323993.77,2025-01-21,Unprocessed timber,true
06QCBYQ6201T5Z8,06PACMQ7731H2Z6,237961.27,2025-01-22,Garment lots,true
24QJQGQ3620U1Z2,07DHLQX8570T4Z7,617534.83,2025-01-22,Assembled pump units,false
32LPQVH9585Z5Z0,07IHIOC8713E8ZN,231572.25,2025-01-22,Kitchenware cartons,true
36WFQAG8528A9Z5,24ADBPZ9331Y7Z1,695701.91,2025-01-23,Plywood panels,true
19QGJES9032L6ZO,29LQFOT4019W1ZL,324436.22,2025-01-23,Rubber gaskets,true
29ZVHMB5624H3ZT,27SKWQX1255L5ZB,2138515.49,2025-01-24,Crude polymer granules,true
36SGHHT8031T6ZB,27ZKLFW2886V7ZL,22889.02,2025-01-24,Raw cotton bales,false
29QWAAN3943M1ZA,24YIDDD6289H3ZT,321408.48,2025-01-25,Moulded plastic parts,true
36GSPSS3446D1Z8,09LRSNL8397M2ZC,1404706.08,2025-01-26,Raw rubber sheets,true
27JGLFA5617I5Z0,29NVUAL1821K7ZE,18671.87,2025-01-27,Bauxite,true
19CMQIT5183T9ZU,29YDUXQ1768F6Z5,130741.96,2025-01-27,Rubber gaskets,true
06NPUYZ0199O3ZQ,07FSGBM8265D9ZC,221844.09,2025-01-27,Plywood panels,true
06QCBYQ6201T5Z8,06PACMQ7731H2Z6,222625.89,2025-01-27,Packaged fittings,true
29EOAZQ4256B3ZB,19YTTQI9334D1Z5,123910.74,2025-01-28,Cotton yarn,true
24HGRZG4980H6ZH,07DHLQX8570T4Z7,137146.13,2025-01-28,Garment lots,true
32APDCZ4228J5Z9,36JWQJO7718G8Z1,286840.07,2025-01-29,Raw cotton bales,true
29NVUAL1821K7ZE,36MFZZI1805O9Z6,199531.42,2025-01-30,Moulded plastic parts,true
24QSNHV0585V8Z8,09MACAR1889T5Z3,779867.42,2025-01-30,Cotton yarn,true
07RMQJW3353W3ZM,06XLLCH1373K6Z0,258277.10,2025-01-30,Furniture sets,true
29GBWZR4282Y6Z3,07DHLQX8570T4Z7,627206.62,2025-01-30,Assembled pump units,true
19FWLNA7151E6Z5,36ETOYM3140L4ZH,926020.43,2025-01-31,Unprocessed timber,true
27CPIOO2175D8Z4,09IWOVN2020F3ZK,121611.83,2025-01-31,Moulded plastic parts,true
33MDFOF7954Z9ZL,24LEGQZ0248F6ZJ,1381740.66,2025-02-01,Unprocessed timber,true
32MCPVJ0931T3ZJ,06PACMQ7731H2Z6,123719.33,2025-02-01,Kitchenware cartons,true
32CMSLO2200R6Z5,24QJQGQ3620U1Z2,79356.43,2025-02-02,Bauxite,true
36MYFHN1078R2Z4,06MOGFE1378X5ZQ,174158.23,2025-02-02,Auto spare kits,true
29WPVPH3087E4Z8,32EJXJI9851G6ZJ,40863.21,2025-02-03,Crude polymer granules,true
07RMQJW3353W3ZM,36UUJPD2134K1ZG,326609.92,2025-02-03,Assembled pump units,true
24YIDDD6289H3ZT,06ZYUMR8310X1ZI,125200.48,2025-02-03,Assembled pump units,true
33MDFOF7954Z9ZL,27SKWQX1255L5ZB,1005708.06,2025-02-05,Unprocessed timber,true
09CNWXM9348C8ZL,09THKGN0004S7ZJ,259900.99,2025-02-05,Garment lots,true
32YKCYT1305Z3ZM,06MOGFE1378X5ZQ,161402.38,2025-02-05,Furniture sets,true
36GDMFJ3180O4ZC,19QLQGQ2532E7Z2,281113.76,2025-02-06,Aluminium sheets,true
06UCZBM8689B1ZC,33GRWLO8497P9ZE,55833.35,2025-02-07,Crude polymer granules,true
27CPIOO2175D8Z4,09IWOVN2020F3ZK,137560.12,2025-02-07,Cotton yarn,true
06QCBYQ6201T5Z8,06PACMQ7731H2Z6,253906.93,2025-02-07,Kitchenware cartons,false
29DSORG7805Q7ZD,19YNUSU1543Z9ZL,603783.44,2025-02-07,Assembled pump units,true
29EOAZQ4256B3ZB,19YTTQI9334D1Z5,107230.21,2025-02-08,Aluminium sheets,true
29EOAZQ4256B3ZB,19YTTQI9334D1Z5,126552.28,2025-02-09,Cotton yarn,true
32LPQVH9585Z5Z0,07IHIOC8713E8ZN,236635.60,2025-02-10,Packaged fittings,true
24WXKFC0232Q6ZN,24YIDDD6289H3ZT,305250.08,2025-02-11,Aluminium sheets,true
24HGRZG4980H6ZH,07KYWMS0417O4Z8,217820.29,2025-02-11,Kitchenware cartons,false
27LABTZ8624C8ZL,29GLIVA3486Y3ZR,73240.92,2025-02-12,Plywood panels,true
32LPQVH9585Z5Z0,09ZBWBM8578V6ZU,178941.54,2025-02-12,Assembled pump units,false
32RTMUK0767J7ZR,24XCOGB4723J1Z4,235947.74,2025-02-14,Cotton yarn,false
06NPUYZ0199O3ZQ,09MACAR1889T5Z3,288597.34,2025-02-14,Cotton yarn,true
36QKUHT3363G8Z1,19XTXAC5360U3ZZ,835802.42,2025-02-14,Garment lots,true
36AOZCX8818C4Z4,24XPYIF3293S1ZX,372978.33,2025-02-14,Packaged fittings,true
32APDCZ4228J5Z9,36JWQJO7718G8Z1,253157.00,2025-02-16,Crude polymer granules,true
27HXKTQ5235G4ZA,32FNBKA6990P7ZQ,1037507.08,2025-02-16,Kitchenware cartons,true
09GDUDI3670A5ZE,09MDSAV0327Y3ZY,180818.81,2025-02-17,Rubber gaskets,false
32RTMUK0767J7ZR,27AVHXG6804R4Z7,353710.22,2025-02-17,Rubber gaskets,true
32MCPVJ0931T3ZJ,29DFJDI9306B7ZJ,98569.12,2025-02-17,Garment lots,true
09EYIVN1895O1ZO,29LQFOT4019W1ZL,243815.62,2025-02-17,Packaged fittings,false
06VXENK5239T5Z6,06XYZCA0026Z5ZI,1316861.03,2025-02-19,Kitchenware cartons,true
33GUQQC4750Y8Z5,07BSHGZ0028T6Z1,1746679.95,2025-02-19,Garment lots,false
27JSEGL9722A2ZS,29TPVLE8820A7ZX,36762.79,2025-02-20,Moulded plastic parts,true
07RMQJW3353W3ZM,36UUJPD2134K1ZG,306449.64,2025-02-20,Garment lots,true
27HXKTQ5235G4ZA,33JUGCQ0243X7ZK,829697.38,2025-02-20,Garment lots,true
07WWTVC3072D6Z6,19YNUSU1543Z9ZL,165149.34,2025-02-20,Garment lots,false
33GRWLO8497P9ZE,29USNIB2707Y3Z6,433460.09,2025-02-20,Kitchenware cartons,true
07LYWHO7356O2Z6,24XPYIF3293S1ZX,415233.86,2025-02-20,Garment lots,true
33NIRBJ4576K8ZM,36JWQJO7718G8Z1,22763.82,2025-02-21,Rubber gaskets,true
32MCPVJ0931T3ZJ,29DFJDI9306B7ZJ,91978.83,2025-02-21,Garment lots,true
06TORUY4649H3ZW,29GBWZR4282Y6Z3,744766.19,2025-02-23,Bauxite,true
32AQGJY0057D6ZV,27ZKLFW2886V7ZL,122915.76,2025-02-23,Raw cotton bales,false
24CPKFI4802U8Z3,19XTXAC5360U3ZZ,233899.23,2025-02-23,Auto spare kits,true
32EJXJI9851G6ZJ,07BSHGZ0028T6Z1,114155.91,2025-02-24,Packaged fittings,true
29EOAZQ4256B3ZB,29GBWZR4282Y6Z3,116753.62,2025-02-26,Cotton yarn,true
36CVMQV4934B6Z0,36HIWMV4627A6ZF,36687.53,2025-02-27,Unprocessed timber,true
32MCPVJ0931T3ZJ,06PACMQ7731H2Z6,127608.11,2025-02-27,Furniture sets,true
09TUUXS2191W1Z4,09ZBWBM8578V6ZU,99917.26,2025-02-27,Kitchenware cartons,true
24TSKYG0110D8ZX,36LSELK1732T5ZX,55712.33,2025-02-28,Raw cotton bales,true
19CMQIT5183T9ZU,29YDUXQ1768F6Z5,131759.83,2025-02-28,Plywood panels,true
19CMQIT5183T9ZU,29YDUXQ1768F6Z5,137029.28,2025-02-28,Plywood panels,true
24WXKFC0232Q6ZN,29GBWZR4282Y6Z3,444289.20,2025-03-01,Steel coils,true
29ONVRZ3130M6ZL,29GBWZR4282Y6Z3,68233.81,2025-03-03,Rubber gaskets,false
09MACAR1889T5Z3,32FNBKA6990P7ZQ,519596.80,2025-03-03,Auto spare kits,true
27WJBXO9266U2ZY,07VZKFB6019K1ZT,83165.57,2025-03-04,Crude polymer granules,true
09TUUXS2191W1Z4,07OWSPV4756N1ZN,109565.50,2025-03-06,Assembled pump units,true
07WWTVC3072D6Z6,07BSHGZ0028T6Z1,167287.74,2025-03-07,Packaged fittings,true
24HGRZG4980H6ZH,07DHLQX8570T4Z7,113269.93,2025-03-07,Kitchenware cartons,true
19LQXPV3933P1ZE,29QWAAN3943M1ZA,324389.90,2025-03-08,Unprocessed timber,true
32MCPVJ0931T3ZJ,06PACMQ7731H2Z6,113964.72,2025-03-08,Auto spare kits,true
29HDPWO6467E4ZJ,33YGMLY4610W6ZS,425575.35,2025-03-09,Raw cotton bales,true
32CMSLO2200R6Z5,09TYOFZ7611E9ZS,73764.32,2025-03-09,Raw rubber sheets,true
32MCPVJ0931T3ZJ,19QLQGQ2532E7Z2,65127.06,2025-03-09,Auto spare kits,false
06TORUY4649H3ZW,24WXKFC0232Q6ZN,730876.61,2025-03-10,Raw cotton bales,true
27TZILH6929G4ZN,32LPQVH9585Z5Z0,436161.68,2025-03-10,Plywood panels,true
07WWTVC3072D6Z6,07UPVXB8379E6ZK,157970.35,2025-03-11,Assembled pump units,true
32LTYIF5947E9ZG,36JWQJO7718G8Z1,208315.78,2025-03-13,Raw rubber sheets,true
33NIRBJ4576K8ZM,36QKUHT3363G8Z1,19555.78,2025-03-13,Cotton yarn,true
32ZOIZY9544B1ZL,33IIMMB0166U5Z6,73776.40,2025-03-13,Aluminium sheets,false
29HDPWO6467E4ZJ,24QSNHV0585V8Z8,653913.84,2025-03-14,Raw cotton bales,true
36IBYDQ7801O8ZC,24XPYIF3293S1ZX,27161.34,2025-03-14,Moulded plastic parts,true
07JUHCS8296Y9Z9,32MCPVJ0931T3ZJ,300976.93,2025-03-15,Raw rubber sheets,false
32RTMUK0767J7ZR,27SKWQX1255L5ZB,192761.51,2025-03-16,Moulded plastic parts,true
27ZKLFW2886V7ZL,24TQBMB5563K9ZK,576408.76,2025-03-16,Steel coils,true
29YGPFN5167M1ZA,19QLQGQ2532E7Z2,39846.89,2025-03-16,Garment lots,false
29GLIVA3486Y3ZR,33JUGCQ0243X7ZK,124593.88,2025-03-16,Kitchenware cartons,false
27WJBXO9266U2ZY,07VZKFB6019K1ZT,103760.83,2025-03-17,Raw cotton bales,true
36WFQAG8528A9Z5,32LPQVH9585Z5Z0,535366.70,2025-03-17,Moulded plastic parts,true
32MCPVJ0931T3ZJ,29DFJDI9306B7ZJ,91383.95,2025-03-17,Furniture sets,true
09TUUXS2191W1Z4,09ZBWBM8578V6ZU,97199.04,2025-03-17,Assembled pump units,false
24QJQGQ3620U1Z2,09VPWSE5537W2Z0,1350539.11,2025-03-18,Furniture sets,true
19QGJES9032L6ZO,36JWQJO7718G8Z1,623602.97,2025-03-20,Plywood panels,false
24LIHCR1961J7Z7,06PACMQ7731H2Z6,81717.57,2025-03-20,Plywood panels,true
36DOAKR6492B1ZA,06QWIYO2144M6Z6,19994.02,2025-03-21,Aluminium sheets,true
36LSELK1732T5ZX,29DFJDI9306B7ZJ,287716.03,2025-03-21,Cotton yarn,true
24HGRZG4980H6ZH,06ZYUMR8310X1ZI,145185.66,2025-03-21,Auto spare kits,true
36BOCZB4319K6Z2,29SLMYQ2307L6Z5,5538216.45,2025-03-22,Iron ore,true
32LTYIF5947E9ZG,36JWQJO7718G8Z1,223778.65,2025-03-23,Crude polymer granules,true
33NIRBJ4576K8ZM,33IIMMB0166U5Z6,15384.17,2025-03-23,Cotton yarn,true
07WKVKZ7853Z8ZD,32FNBKA6990P7ZQ,19624.21,2025-03-23,Moulded plastic parts,true
29YGPFN5167M1ZA,19QLQGQ2532E7Z2,44205.51,2025-03-23,Assembled pump units,true
36UHMYC0921B6ZB,24HGRZG4980H6ZH,183296.03,2025-03-24,Unprocessed timber,true
24TSKYG0110D8ZX,29EOAZQ4256B3ZB,174879.94,2025-03-24,Bauxite,true
29TPVLE8820A7ZX,06MOGFE1378X5ZQ,383911.85,2025-03-24,Furniture sets,true
24YIDDD6289H3ZT,29LQFOT4019W1ZL,154447.71,2025-03-24,Auto spare kits,true
32BTVLO0183D3ZZ,24HGRZG4980H6ZH,20853.70,2025-03-25,Rubber gaskets,true
29YGPFN5167M1ZA,27KNVLF9413B7ZQ,59901.56,2025-03-25,Garment lots,true
27HXKTQ5235G4ZA,36UUJPD2134K1ZG,592509.30,2025-03-25,Garment lots,true
24HGRZG4980H6ZH,33JUGCQ0243X7ZK,334585.94,2025-03-25,Assembled pump units,true
36JWQJO7718G8Z1,29DFJDI9306B7ZJ,919202.09,2025-03-26,Garment lots,true
32CMSLO2200R6Z5,07XBHEJ9668L1Z2,86522.98,2025-03-27,Raw cotton bales,false
27WJBXO9266U2ZY,27CDMPY3420P3ZO,45617.87,2025-03-27,Unprocessed timber,false
32LPQVH9585Z5Z0,09ZBWBM8578V6ZU,196304.24,2025-03-27,Kitchenware cartons,false
36WFQAG8528A9Z5,32LPQVH9585Z5Z0,451251.63,2025-03-28,Cotton yarn,true
33FOOWY4932K5ZW,07KYWMS0417O4Z8,375554.66,2025-03-28,Assembled pump units,true
09TUUXS2191W1Z4,32FNBKA6990P7ZQ,103653.44,2025-03-28,Kitchenware cartons,false
07KTVJS9657V4ZX,07XBHEJ9668L1Z2,4255419.98,2025-03-28,Furniture sets,true
29GLIVA3486Y3ZR,29LQFOT4019W1ZL,150201.84,2025-03-29,Garment lots,true
32LTYIF5947E9ZG,36JWQJO7718G8Z1,247225.33,2025-03-30,Raw cotton bales,true
33XJXTK6255H1ZG,24DANYR9176S8Z7,1136741.70,2025-03-31,Bauxite,true
32APDCZ4228J5Z9,36JWQJO7718G8Z1,220763.71,2025-03-31,Raw cotton bales,false
27WJBXO9266U2ZY,27CDMPY3420P3ZO,41365.27,2025-03-31,Iron ore,true
19UCSSH0140I9ZM,06MOGFE1378X5ZQ,441101.84,2025-03-31,Cotton yarn,true
27CPIOO2175D8Z4,06XYZCA0026Z5ZI,83304.09,2025-03-31,Steel coils,false
33GRWLO8497P9ZE,29LQFOT4019W1ZL,1147368.03,2025-03-31,Assembled pump units,true
19SMNMV3040I7ZD,36MYFHN1078R2Z4,226650.76,2025-04-03,Bauxite,true
07KTVJS9657V4ZX,06PACMQ7731H2Z6,301574.74,2025-04-03,Garment lots,true
32EJXJI9851G6ZJ,09MDSAV0327Y3ZY,108588.32,2025-04-03,Kitchenware cartons,true
06HKRKP4434B1ZM,19AFHVR2881Q4Z4,354121.85,2025-04-04,Raw rubber sheets,true
29ONVRZ3130M6ZL,29GOJDW2619G6ZM,85302.29,2025-04-04,Cotton yarn,true
29GLIVA3486Y3ZR,33JUGCQ0243X7ZK,126335.38,2025-04-04,Packaged fittings,false
36RVGEN3898U2ZW,29GOJDW2619G6ZM,21086.44,2025-04-05,Iron ore,true
32MCPVJ0931T3ZJ,29DFJDI9306B7ZJ,96614.76,2025-04-05,Garment lots,true
07JUHCS8296Y9Z9,09TYOFZ7611E9ZS,231930.34,2025-04-06,Raw cotton bales,true
33ZCOYB3981K1ZV,24HGRZG4980H6ZH,20481.79,2025-04-06,Raw cotton bales,true
27LABTZ8624C8ZL,07ABURL9979Q1Z0,93406.72,2025-04-07,Plywood panels,true
07KTVJS9657V4ZX,36UUJPD2134K1ZG,275555.32,2025-04-07,Furniture sets,true
36IBYDQ7801O8ZC,36JWQJO7718G8Z1,43048.01,2025-04-08,Aluminium sheets,true
27WJBXO9266U2ZY,27CDMPY3420P3ZO,52384.20,2025-04-09,Crude polymer granules,true
36GDMFJ3180O4ZC,19QLQGQ2532E7Z2,272638.63,2025-04-09,Plywood panels,true
27JSEGL9722A2ZS,27KNVLF9413B7ZQ,36311.81,2025-04-10,Plywood panels,true
27LABTZ8624C8ZL,07ABURL9979Q1Z0,107992.17,2025-04-10,Rubber gaskets,true
06BWKWN5630Z4ZD,33GRWLO8497P9ZE,29686.16,2025-04-11,Aluminium sheets,true
32OSLJF8100O5ZL,24XPYIF3293S1ZX,36093.56,2025-04-11,Cotton yarn,true
24TQBMB5563K9ZK,24XPYIF3293S1ZX,488830.92,2025-04-11,Garment lots,true
24QJQGQ3620U1Z2,09VPWSE5537W2Z0,1483230.52,2025-04-11,Garment lots,true
36ETOYM3140L4ZH,29USNIB2707Y3Z6,2775817.00,2025-04-11,Packaged fittings,true
27LABTZ8624C8ZL,07ABURL9979Q1Z0,111214.45,2025-04-12,Cotton yarn,true
32MCPVJ0931T3ZJ,27WAABE0101S7ZY,133106.64,2025-04-12,Garment lots,false
29QWAAN3943M1ZA,36QKUHT3363G8Z1,431129.45,2025-04-13,Steel coils,true
07LYWHO7356O2Z6,07DHLQX8570T4Z7,1047277.98,2025-04-13,Auto spare kits,true
09GDUDI3670A5ZE,19YTTQI9334D1Z5,195715.06,2025-04-14,Cotton yarn,true
29ONVRZ3130M6ZL,33GUQQC4750Y8Z5,99876.99,2025-04-16,Plywood panels,true
32EJXJI9851G6ZJ,33JUGCQ0243X7ZK,108987.03,2025-04-16,Assembled pump units,false
36JMBCS5285U5Z4,33NIRBJ4576K8ZM,45478.65,2025-04-17,Crude polymer granules,true
33FOOWY4932K5ZW,07KYWMS0417O4Z8,342269.01,2025-04-17,Kitchenware cartons,true
27WJBXO9266U2ZY,07VZKFB6019K1ZT,82064.08,2025-04-18,Bauxite,true
07RQSPW5140Z2ZH,24QJQGQ3620U1Z2,209291.30,2025-04-18,Plywood panels,true
32MCPVJ0931T3ZJ,29DFJDI9306B7ZJ,89616.28,2025-04-18,Kitchenware cartons,true
32LPQVH9585Z5Z0,33JUGCQ0243X7ZK,161506.42,2025-04-20,Kitchenware cartons,true
09EYIVN1895O1ZO,33JUGCQ0243X7ZK,232779.00,2025-04-20,Packaged fittings,true
36CVMQV4934B6Z0,29GOJDW2619G6ZM,45040.58,2025-04-21,Bauxite,true
32MCPVJ0931T3ZJ,19QLQGQ2532E7Z2,80522.52,2025-04-21,Packaged fittings,true
33DKOHF9808I3ZZ,27KNVLF9413B7ZQ,126930.21,2025-04-21,Furniture sets,true
29DSORG7805Q7ZD,33JUGCQ0243X7ZK,1573676.42,2025-04-22,Auto spare kits,true
29QWAAN3943M1ZA,24YIDDD6289H3ZT,329431.81,2025-04-23,Cotton yarn,false
27WJBXO9266U2ZY,07VZKFB6019K1ZT,101610.15,2025-04-24,Bauxite,true
27OVEWI9795R9Z8,27AJPTA1766T6ZD,109182.33,2025-04-24,Moulded plastic parts,true
27LABTZ8624C8ZL,07ABURL9979Q1Z0,89333.14,2025-04-24,Steel coils,true
29YDUXQ1768F6Z5,09VPWSE5537W2Z0,396355.35,2025-04-24,Assembled pump units,true
32LTYIF5947E9ZG,36JWQJO7718G8Z1,204376.87,2025-04-25,Raw cotton bales,true
07NPOAT6825Y5Z6,27AJPTA1766T6ZD,243966.29,2025-04-25,Plywood panels,true
27LPMFO3207W6ZE,33GRWLO8497P9ZE,232132.93,2025-04-26,Plywood panels,true
29TIWPY0487R5ZH,06MOGFE1378X5ZQ,115882.03,2025-04-26,Aluminium sheets,true
33NZNBC3282E6ZC,09GDUDI3670A5ZE,19852.45,2025-04-28,Crude polymer granules,true
24SORHP9066Z2ZO,33YFHAE9497P9ZG,16736.32,2025-04-28,Cotton yarn,true
29DSORG7805Q7ZD,07BSHGZ0028T6Z1,1365955.65,2025-04-28,Furniture sets,true
36HNWSS6393V2ZK,29SLMYQ2307L6Z5,1906836.31,2025-04-29,Raw rubber sheets,true
27WJBXO9266U2ZY,07VZKFB6019K1ZT,99778.78,2025-04-29,Crude polymer granules,true
27JXTFP9055S6Z9,09VPWSE5537W2Z0,23659.71,2025-04-29,Moulded plastic parts,true
27AADWX3409U6ZS,24XPYIF3293S1ZX,36564.42,2025-04-29,Furniture sets,false
19DKRMK6116L4ZI,06XLLCH1373K6Z0,46540.42,2025-04-29,Packaged fittings,true
33GUQQC4750Y8Z5,19QLQGQ2532E7Z2,617489.64,2025-04-29,Auto spare kits,true
36SGHHT8031T6ZB,27ZKLFW2886V7ZL,19425.63,2025-04-30,Unprocessed timber,false
36HIWMV4627A6ZF,36UUJPD2134K1ZG,706728.20,2025-04-30,Rubber gaskets,true
29EOAZQ4256B3ZB,33JUGCQ0243X7ZK,242373.58,2025-04-30,Aluminium sheets,true
09IWOVN2020F3ZK,06XYZCA0026Z5ZI,703374.69,2025-04-30,Garment lots,true
29YDUXQ1768F6Z5,09VPWSE5537W2Z0,498385.93,2025-05-01,Packaged fittings,true
19DKRMK6116L4ZI,27KNVLF9413B7ZQ,89248.39,2025-05-02,Auto spare kits,true
32LTYIF5947E9ZG,36JWQJO7718G8Z1,218907.63,2025-05-04,Iron ore,true
33MDFOF7954Z9ZL,09EYIVN1895O1ZO,756812.17,2025-05-05,Crude polymer granules,true
36ETOYM3140L4ZH,07DHLQX8570T4Z7,2765087.86,2025-05-05,Kitchenware cartons,true
32MCPVJ0931T3ZJ,27WAABE0101S7ZY,137101.33,2025-05-07,Assembled pump units,true
36MYFHN1078R2Z4,27WAABE0101S7ZY,236886.77,2025-05-07,Auto spare kits,true
07VZKFB6019K1ZT,24QJQGQ3620U1Z2,910074.29,2025-05-08,Plywood panels,true
27WJBXO9266U2ZY,07VZKFB6019K1ZT,85174.94,2025-05-09,Crude polymer granules,true
06BWKWN5630Z4ZD,24XPYIF3293S1ZX,20386.47,2025-05-09,Rubber gaskets,true
27JGLFA5617I5Z0,36AOZCX8818C4Z4,22238.19,2025-05-10,Crude polymer granules,true
33GRWLO8497P9ZE,29LQFOT4019W1ZL,1169153.24,2025-05-10,Auto spare kits,true
19DKRMK6116L4ZI,07FSGBM8265D9ZC,39981.07,2025-05-10,Furniture sets,true
29ONVRZ3130M6ZL,32FNBKA6990P7ZQ,171245.27,2025-05-11,Aluminium sheets,true
33IIMMB0166U5Z6,09MDSAV0327Y3ZY,1022439.41,2025-05-11,Assembled pump units,true
29YDUXQ1768F6Z5,09VPWSE5537W2Z0,483100.80,2025-05-11,Garment lots,true
06UCZBM8689B1ZC,32LPQVH9585Z5Z0,109546.46,2025-05-12,Iron ore,true
19DKRMK6116L4ZI,27KNVLF9413B7ZQ,105503.91,2025-05-12,Garment lots,true
19RQFMU3728T6Z2,36JWQJO7718G8Z1,16312.10,2025-05-13,Cotton yarn,false
32BTVLO0183D3ZZ,24HGRZG4980H6ZH,19029.14,2025-05-13,Plywood panels,true
32MCPVJ0931T3ZJ,27WAABE0101S7ZY,138943.96,2025-05-13,Furniture sets,true
29EOAZQ4256B3ZB,33JUGCQ0243X7ZK,248542.01,2025-05-14,Moulded plastic parts,true
29YGPFN5167M1ZA,29DFJDI9306B7ZJ,64261.65,2025-05-14,Garment lots,false
36MYFHN1078R2Z4,32FNBKA6990P7ZQ,156991.60,2025-05-14,Kitchenware cartons,true
24LEGQZ0248F6ZJ,19XTXAC5360U3ZZ,721379.42,2025-05-14,Kitchenware cartons,true
32YKCYT1305Z3ZM,32EJXJI9851G6ZJ,4345938.65,2025-05-14,Kitchenware cartons,true
36LSELK1732T5ZX,09TUUXS2191W1Z4,601633.32,2025-05-15,Moulded plastic parts,true
27LABTZ8624C8ZL,09IWOVN2020F3ZK,94781.47,2025-05-15,Steel coils,true
29YGPFN5167M1ZA,19YNUSU1543Z9ZL,49297.48,2025-05-15,Packaged fittings,false
19DKRMK6116L4ZI,27KNVLF9413B7ZQ,94390.63,2025-05-15,Packaged fittings,true
27LABTZ8624C8ZL,07ABURL9979Q1Z0,101702.85,2025-05-16,Cotton yarn,true
19DKRMK6116L4ZI,07FSGBM8265D9ZC,50883.46,2025-05-16,Assembled pump units,true
09LRSNL8397M2ZC,19QLQGQ2532E7Z2,3179038.15,2025-05-16,Garment lots,true
29ONVRZ3130M6ZL,32FNBKA6990P7ZQ,137464.21,2025-05-17,Cotton yarn,true
36IBYDQ7801O8ZC,24XPYIF3293S1ZX,32992.27,2025-05-18,Moulded plastic parts,true
19DKRMK6116L4ZI,07FSGBM8265D9ZC,45135.84,2025-05-18,Auto spare kits,true
24LEGQZ0248F6ZJ,19ZFPYI2441K8ZA,1152570.23,2025-05-18,Garment lots,true
36SGHHT8031T6ZB,32LPQVH9585Z5Z0,31812.38,2025-05-19,Bauxite,true
33EGOOS9719X8ZP,24DANYR9176S8Z7,1593826.21,2025-05-19,Raw rubber sheets,true
06BWKWN5630Z4ZD,24XPYIF3293S1ZX,19439.45,2025-05-19,Moulded plastic parts,true
27IPCHV6936J3ZF,07LYWHO7356O2Z6,1100504.48,2025-05-19,Moulded plastic parts,true
27CDMPY3420P3ZO,06XYZCA0026Z5ZI,7336616.04,2025-05-19,Kitchenware cartons,true
24TQBMB5563K9ZK,32FNBKA6990P7ZQ,192360.74,2025-05-19,Assembled pump units,true
27IPCHV6936J3ZF,09MACAR1889T5Z3,1396126.25,2025-05-20,Cotton yarn,false
09CNWXM9348C8ZL,06XYZCA0026Z5ZI,894861.51,2025-05-20,Packaged fittings,true
29ONVRZ3130M6ZL,33GUQQC4750Y8Z5,97716.98,2025-05-21,Moulded plastic parts,true
19ORCRZ5136S8ZX,19ZFPYI2441K8ZA,962979.85,2025-05-21,Assembled pump units,true
29ONVRZ3130M6ZL,32FNBKA6990P7ZQ,169344.57,2025-05-22,Cotton yarn,true
29TPVLE8820A7ZX,06MOGFE1378X5ZQ,397747.12,2025-05-22,Auto spare kits,true
27HXKTQ5235G4ZA,32FNBKA6990P7ZQ,948574.23,2025-05-22,Packaged fittings,true
07KTVJS9657V4ZX,19ZFPYI2441K8ZA,177167.86,2025-05-22,Packaged fittings,true
09IWOVN2020F3ZK,32FNBKA6990P7ZQ,786158.33,2025-05-22,Kitchenware cartons,true
36UHMYC0921B6ZB,09GDUDI3670A5ZE,269460.26,2025-05-23,Raw cotton bales,true
27SKWQX1255L5ZB,09ZBWBM8578V6ZU,6290672.07,2025-05-23,Assembled pump units,true
09MACAR1889T5Z3,24XPYIF3293S1ZX,348344.80,2025-05-23,Kitchenware cartons,true
09MACAR1889T5Z3,07KYWMS0417O4Z8,273309.36,2025-05-23,Kitchenware cartons,true
29HDPWO6467E4ZJ,24QSNHV0585V8Z8,585196.73,2025-05-24,Iron ore,true
32AQGJY0057D6ZV,06NPUYZ0199O3ZQ,258869.35,2025-05-24,Unprocessed timber,true
36UHMYC0921B6ZB,36MYFHN1078R2Z4,136251.11,2025-05-24,Raw cotton bales,true
36ZZRVY7581R1ZE,32LPQVH9585Z5Z0,31161.32,2025-05-24,Aluminium sheets,true
24SORHP9066Z2ZO,09LRSNL8397M2ZC,21935.58,2025-05-24,Moulded plastic parts,true
29DSORG7805Q7ZD,19YNUSU1543Z9ZL,559865.50,2025-05-24,Assembled pump units,true
06VXENK5239T5Z6,06XYZCA0026Z5ZI,1377939.65,2025-05-24,Assembled pump units,true
27YRPVR6146L5ZI,06QWIYO2144M6Z6,43737.37,2025-05-26,Iron ore,true
36HIWMV4627A6ZF,36UUJPD2134K1ZG,576246.81,2025-05-26,Rubber gaskets,true
36ZZRVY7581R1ZE,32LPQVH9585Z5Z0,32100.56,2025-05-26,Cotton yarn,true
32AQGJY0057D6ZV,07HSPWQ4695A1ZI,237458.84,2025-05-28,Crude polymer granules,true
27OVEWI9795R9Z8,36JWQJO7718G8Z1,241222.39,2025-05-28,Cotton yarn,true
19QAOYF9022E9Z3,24DANYR9176S8Z7,1889254.78,2025-05-29,Raw cotton bales,true
33DCFQP7960U6Z9,29OZSVL9371R7ZY,730356.07,2025-05-29,Bauxite,true
33NZNBC3282E6ZC,09GDUDI3670A5ZE,18674.66,2025-05-29,Crude polymer granules,true
33EGOOS9719X8ZP,24DANYR9176S8Z7,1507477.03,2025-05-29,Crude polymer granules,true
07LYWHO7356O2Z6,09VPWSE5537W2Z0,999415.93,2025-05-29,Assembled pump units,true
32ZOIZY9544B1ZL,24HGRZG4980H6ZH,180585.80,2025-05-30,Cotton yarn,true
06HKRKP4434B1ZM,06BWKWN5630Z4ZD,601899.61,2025-05-31,Iron ore,true
19LQXPV3933P1ZE,33YGMLY4610W6ZS,599172.58,2025-05-31,Raw cotton bales,true
24WXKFC0232Q6ZN,27HXKTQ5235G4ZA,535384.05,2025-05-31,Plywood panels,true
32IJUSV5003E7ZI,19ZFPYI2441K8ZA,186074.73,2025-05-31,Furniture sets,true
33XJXTK6255H1ZG,09GDUDI3670A5ZE,636160.41,2025-06-01,Raw rubber sheets,true
32YKCYT1305Z3ZM,24ADBPZ9331Y7Z1,202227.00,2025-06-01,Assembled pump units,true
06BWKWN5630Z4ZD,24XPYIF3293S1ZX,21323.40,2025-06-02,Aluminium sheets,false
32BTVLO0183D3ZZ,24CPKFI4802U8Z3,16750.22,2025-06-03,Moulded plastic parts,true
33YGMLY4610W6ZS,09VPWSE5537W2Z0,667786.41,2025-06-03,Garment lots,true
19DKRMK6116L4ZI,27KNVLF9413B7ZQ,80647.42,2025-06-03,Packaged fittings,true
29GBWZR4282Y6Z3,07DHLQX8570T4Z7,634054.69,2025-06-03,Kitchenware cartons,true
06FDZJZ1871X1ZP,07UPVXB8379E6ZK,687508.61,2025-06-03,Auto spare kits,true
06HKRKP4434B1ZM,07RQSPW5140Z2ZH,846111.17,2025-06-04,Unprocessed timber,true
36DOAKR6492B1ZA,09MACAR1889T5Z3,20861.29,2025-06-04,Plywood panels,true
36DOAKR6492B1ZA,07LYWHO7356O2Z6,18785.57,2025-06-04,Plywood panels,true
19DKRMK6116L4ZI,06XLLCH1373K6Z0,52352.87,2025-06-04,Auto spare kits,true
06TORUY4649H3ZW,32YKCYT1305Z3ZM,308772.24,2025-06-05,Raw cotton bales,true
07NPOAT6825Y5Z6,36MFZZI1805O9Z6,208152.15,2025-06-05,Cotton yarn,false
06NPUYZ0199O3ZQ,24QJQGQ3620U1Z2,228555.46,2025-06-05,Cotton yarn,true
19ORCRZ5136S8ZX,19ZFPYI2441K8ZA,770475.48,2025-06-06,Auto spare kits,true
07JUHCS8296Y9Z9,27CDMPY3420P3ZO,267566.02,2025-06-07,Iron ore,true
36ZZRVY7581R1ZE,32LPQVH9585Z5Z0,33366.41,2025-06-07,Aluminium sheets,true
19ORCRZ5136S8ZX,19ZFPYI2441K8ZA,760377.66,2025-06-07,Auto spare kits,true
27SKWQX1255L5ZB,09ZBWBM8578V6ZU,7855970.95,2025-06-07,Garment lots,true
19DKRMK6116L4ZI,27KNVLF9413B7ZQ,81350.26,2025-06-07,Assembled pump units,true
29YDUXQ1768F6Z5,09VPWSE5537W2Z0,404073.54,2025-06-07,Garment lots,true
36BOCZB4319K6Z2,07HSPWQ4695A1ZI,4346302.88,2025-06-08,Unprocessed timber,true
33XJXTK6255H1ZG,36AMNXO1723D1ZL,689159.21,2025-06-10,Bauxite,false
36SGHHT8031T6ZB,19AFHVR2881Q4Z4,67327.74,2025-06-10,Iron ore,true
33ZCOYB3981K1ZV,24HGRZG4980H6ZH,18625.92,2025-06-10,Bauxite,true
19GCSCE8452T4Z7,09VPWSE5537W2Z0,289896.84,2025-06-10,Cotton yarn,true
19DKRMK6116L4ZI,07FSGBM8265D9ZC,45877.47,2025-06-10,Garment lots,false
36BOCZB4319K6Z2,19ORCRZ5136S8ZX,2623031.58,2025-06-12,Bauxite,true
36HNWSS6393V2ZK,29SLMYQ2307L6Z5,1848508.95,2025-06-12,Unprocessed timber,true
27LABTZ8624C8ZL,07ABURL9979Q1Z0,111347.40,2025-06-13,Moulded plastic parts,false
36QKUHT3363G8Z1,09VPWSE5537W2Z0,1642004.20,2025-06-13,Furniture sets,true
09CNWXM9348C8ZL,06XYZCA0026Z5ZI,794091.80,2025-06-13,Furniture sets,true
09JOQVF4504B8ZC,07ABURL9979Q1Z0,77292.65,2025-06-15,Kitchenware cartons,true
27MLHJA7771D8ZP,36LSELK1732T5ZX,263034.69,2025-06-16,Raw rubber sheets,true
19DKRMK6116L4ZI,07FSGBM8265D9ZC,43230.22,2025-06-16,Furniture sets,true
06HZHAM9303D1Z2,29QWAAN3943M1ZA,1685002.66,2025-06-17,Raw rubber sheets,true
27IPCHV6936J3ZF,27CDMPY3420P3ZO,2976876.70,2025-06-17,Moulded plastic parts,false
29GLIVA3486Y3ZR,07UPVXB8379E6ZK,134823.20,2025-06-17,Garment lots,false
06HKRKP4434B1ZM,32IJUSV5003E7ZI,171815.17,2025-06-17,Raw rubber sheets,true
06UCZBM8689B1ZC,19MIHQQ3170D1ZS,140150.90,2025-06-19,Bauxite,true
32MCPVJ0931T3ZJ,06XYZCA0026Z5ZI,77504.75,2025-06-19,Furniture sets,true
32MCPVJ0931T3ZJ,27WAABE0101S7ZY,134373.94,2025-06-19,Packaged fittings,true
36MYFHN1078R2Z4,06XLLCH1373K6Z0,217377.03,2025-06-19,Auto spare kits,true
07NPOAT6825Y5Z6,09THKGN0004S7ZJ,133721.12,2025-06-20,Rubber gaskets,true
36ZZRVY7581R1ZE,32LPQVH9585Z5Z0,33900.93,2025-06-20,Plywood panels,true
19CIPWV1049V1ZO,19QLQGQ2532E7Z2,76281.52,2025-06-20,Furniture sets,true
24DANYR9176S8Z7,36ETOYM3140L4ZH,1167986.02,2025-06-21,Steel coils,true
32MCPVJ0931T3ZJ,27WAABE0101S7ZY,120869.82,2025-06-21,Packaged fittings,true
19DKRMK6116L4ZI,27KNVLF9413B7ZQ,86957.10,2025-06-21,Packaged fittings,true
32AQGJY0057D6ZV,07HSPWQ4695A1ZI,268179.75,2025-06-22,Raw cotton bales,true
09IWOVN2020F3ZK,32FNBKA6990P7ZQ,685998.88,2025-06-22,Furniture sets,true
27JGLFA5617I5Z0,29NVUAL1821K7ZE,22484.52,2025-06-23,Unprocessed timber,true
19RQFMU3728T6Z2,19ZFPYI2441K8ZA,15887.78,2025-06-23,Aluminium sheets,true
07DHLQX8570T4Z7,24CPKFI4802U8Z3,76115.74,2025-06-23,Inter-branch stock transfer,true
33DCFQP7960U6Z9,36ETOYM3140L4ZH,908807.18,2025-06-24,Bauxite,true
27OVEWI9795R9Z8,27AJPTA1766T6ZD,139521.88,2025-06-24,Steel coils,true
36ETOYM3140L4ZH,07ABURL9979Q1Z0,2416254.89,2025-06-24,Furniture sets,true
06FDZJZ1871X1ZP,07UPVXB8379E6ZK,600113.27,2025-06-24,Kitchenware cartons,true
33EGOOS9719X8ZP,24DANYR9176S8Z7,1826696.40,2025-06-25,Crude polymer granules,true
27LPMFO3207W6ZE,33GRWLO8497P9ZE,283220.22,2025-06-25,Rubber gaskets,false
19DKRMK6116L4ZI,19QLQGQ2532E7Z2,93699.08,2025-06-25,Furniture sets,false
06BWKWN5630Z4ZD,24XPYIF3293S1ZX,21145.46,2025-06-26,Aluminium sheets,true
27IPCHV6936J3ZF,07LYWHO7356O2Z6,1375782.57,2025-06-26,Rubber gaskets,false
36JWQJO7718G8Z1,24ADBPZ9331Y7Z1,1261568.07,2025-06-26,Packaged fittings,true
32IJUSV5003E7ZI,24ADBPZ9331Y7Z1,624013.95,2025-06-27,Assembled pump units,true
33IIMMB0166U5Z6,09MDSAV0327Y3ZY,1179013.69,2025-06-28,Kitchenware cartons,true
06BWKWN5630Z4ZD,24XPYIF3293S1ZX,20435.97,2025-06-29,Moulded plastic parts,true
36AMNXO1723D1ZL,07KYWMS0417O4Z8,366487.00,2025-06-29,Packaged fittings,true
32IJUSV5003E7ZI,36BEPHT0000S2ZM,539669.20,2025-06-29,Garment lots,true
32CMSLO2200R6Z5,09TYOFZ7611E9ZS,70463.17,2025-06-30,Iron ore,true
09JOQVF4504B8ZC,36UUJPD2134K1ZG,181179.83,2025-06-30,Furniture sets,true
36MYFHN1078R2Z4,27WAABE0101S7ZY,261326.31,2025-06-30,Furniture sets,true
19CMQIT5183T9ZU,32LPQVH9585Z5Z0,113010.97,2025-07-01,Steel coils,true
24LEGQZ0248F6ZJ,19XTXAC5360U3ZZ,630155.34,2025-07-01,Assembled pump units,true
32OSLJF8100O5ZL,36ETOYM3140L4ZH,21167.90,2025-07-02,Aluminium sheets,true
09YKOSO5432W8ZJ,07BSHGZ0028T6Z1,212475.07,2025-07-02,Assembled pump units,true
32RTMUK0767J7ZR,24XCOGB4723J1Z4,244525.65,2025-07-03,Rubber gaskets,true
07LYWHO7356O2Z6,24XPYIF3293S1ZX,459799.18,2025-07-03,Furniture sets,true
33EOHXD6723F6ZQ,24WXKFC0232Q6ZN,610558.69,2025-07-05,Bauxite,true
32BTVLO0183D3ZZ,24HGRZG4980H6ZH,22994.81,2025-07-05,Moulded plastic parts,true
32MCPVJ0931T3ZJ,27WAABE0101S7ZY,122553.56,2025-07-05,Assembled pump units,true
29SLMYQ2307L6Z5,24XPYIF3293S1ZX,3465820.43,2025-07-06,Cotton yarn,true
24WXKFC0232Q6ZN,07ABURL9979Q1Z0,684532.44,2025-07-06,Moulded plastic parts,true
06OUYEO4807S2ZY,07ABURL9979Q1Z0,145652.98,2025-07-06,Steel coils,true
29WPVPH3087E4Z8,32EJXJI9851G6ZJ,39732.06,2025-07-07,Bauxite,true
29QWAAN3943M1ZA,19AFHVR2881Q4Z4,255965.82,2025-07-07,Plywood panels,false
06CFKGF8704V3ZL,32FNBKA6990P7ZQ,115030.72,2025-07-07,Garment lots,false
36MYFHN1078R2Z4,27WAABE0101S7ZY,247022.15,2025-07-07,Packaged fittings,true
24YIDDD6289H3ZT,07ABURL9979Q1Z0,103007.05,2025-07-07,Assembled pump units,true
09TUUXS2191W1Z4,09ZBWBM8578V6ZU,86911.91,2025-07-07,Furniture sets,true
27MLHJA7771D8ZP,36LSELK1732T5ZX,323974.29,2025-07-08,Bauxite,true
24LEGQZ0248F6ZJ,19ZFPYI2441K8ZA,1043864.13,2025-07-08,Assembled pump units,true
27IPCHV6936J3ZF,27CDMPY3420P3ZO,2689588.39,2025-07-09,Steel coils,false
29TIWPY0487R5ZH,06MOGFE1378X5ZQ,130848.90,2025-07-09,Moulded plastic parts,false
09TUUXS2191W1Z4,07UPVXB8379E6ZK,137853.24,2025-07-09,Packaged fittings,false
33DCFQP7960U6Z9,33FOOWY4932K5ZW,1303710.79,2025-07-10,Bauxite,true
24YIDDD6289H3ZT,29DFJDI9306B7ZJ,166498.23,2025-07-10,Auto spare kits,true
19DKRMK6116L4ZI,19QLQGQ2532E7Z2,82953.90,2025-07-10,Packaged fittings,true
07NPOAT6825Y5Z6,09THKGN0004S7ZJ,142710.69,2025-07-11,Rubber gaskets,true
06NPUYZ0199O3ZQ,36QKUHT3363G8Z1,100899.96,2025-07-11,Aluminium sheets,true
32KQZTG2680A5ZT,06CFKGF8704V3ZL,211476.38,2025-07-11,Cotton yarn,true
36UHMYC0921B6ZB,09GDUDI3670A5ZE,288711.67,2025-07-12,Raw cotton bales,true
19RQFMU3728T6Z2,09IWOVN2020F3ZK,16600.71,2025-07-12,Steel coils,true
27IPCHV6936J3ZF,07LYWHO7356O2Z6,1166649.20,2025-07-12,Steel coils,true
29TIWPY0487R5ZH,33GRWLO8497P9ZE,237235.98,2025-07-12,Aluminium sheets,false
29TIWPY0487R5ZH,07WWTVC3072D6Z6,174228.60,2025-07-12,Plywood panels,true
29GOJDW2619G6ZM,09ZBWBM8578V6ZU,395514.46,2025-07-12,Garment lots,true
27CDMPY3420P3ZO,06XYZCA0026Z5ZI,6456917.25,2025-07-13,Furniture sets,true
29DSORG7805Q7ZD,07OWSPV4756N1ZN,1643856.59,2025-07-13,Auto spare kits,true
19QAOYF9022E9Z3,27SKWQX1255L5ZB,3151216.34,2025-07-14,Bauxite,true
24WXKFC0232Q6ZN,07ABURL9979Q1Z0,788146.11,2025-07-14,Cotton yarn,true
29ONVRZ3130M6ZL,06GPNPX2499U7Z8,149236.22,2025-07-14,Cotton yarn,true
36BOCZB4319K6Z2,29SLMYQ2307L6Z5,5243161.80,2025-07-15,Raw rubber sheets,true
32BTVLO0183D3ZZ,29GOJDW2619G6ZM,10788.98,2025-07-15,Cotton yarn,true
24TQBMB5563K9ZK,24XPYIF3293S1ZX,410040.30,2025-07-15,Packaged fittings,false
06FDZJZ1871X1ZP,07UPVXB8379E6ZK,619428.30,2025-07-15,Garment lots,true
06FDZJZ1871X1ZP,07UPVXB8379E6ZK,583299.67,2025-07-15,Assembled pump units,true
33FOOWY4932K5ZW,19QLQGQ2532E7Z2,112743.20,2025-07-16,Garment lots,true
06FDZJZ1871X1ZP,07UPVXB8379E6ZK,633401.43,2025-07-16,Kitchenware cartons,true
32IJUSV5003E7ZI,19YNUSU1543Z9ZL,220264.95,2025-07-16,Furniture sets,false
27YRPVR6146L5ZI,27AJPTA1766T6ZD,62693.81,2025-07-18,Crude polymer granules,true
07NPOAT6825Y5Z6,09CNWXM9348C8ZL,235310.72,2025-07-18,Moulded plastic parts,true
27TZILH6929G4ZN,32LPQVH9585Z5Z0,472392.04,2025-07-18,Aluminium sheets,true
32JQHYS5486E9ZT,33DKOHF9808I3ZZ,102139.68,2025-07-19,Plywood panels,true
36DOAKR6492B1ZA,06QWIYO2144M6Z6,22463.12,2025-07-19,Rubber gaskets,true
27IPCHV6936J3ZF,07LYWHO7356O2Z6,1117369.56,2025-07-19,Steel coils,true
06CFKGF8704V3ZL,32FNBKA6990P7ZQ,142634.75,2025-07-19,Garment lots,false
36MFZZI1805O9Z6,09MDSAV0327Y3ZY,789245.85,2025-07-19,Kitchenware cartons,true
33DCFQP7960U6Z9,24RGHCF5815H7Z1,1154649.04,2025-07-20,Crude polymer granules,true
32MCPVJ0931T3ZJ,06XYZCA0026Z5ZI,74606.75,2025-07-20,Assembled pump units,true
06QCBYQ6201T5Z8,36UUJPD2134K1ZG,268147.87,2025-07-20,Garment lots,true
36UHMYC0921B6ZB,09YKOSO5432W8ZJ,189935.71,2025-07-20,Crude polymer granules,true
24PISLE8831I5ZS,06GPNPX2499U7Z8,404431.37,2025-07-21,Furniture sets,true
19DKRMK6116L4ZI,07FSGBM8265D9ZC,41724.89,2025-07-21,Auto spare kits,true
09CNWXM9348C8ZL,06XYZCA0026Z5ZI,953735.83,2025-07-21,Assembled pump units,true
06CFKGF8704V3ZL,32FNBKA6990P7ZQ,133033.40,2025-07-22,Kitchenware cartons,false
09CNWXM9348C8ZL,06XYZCA0026Z5ZI,812091.14,2025-07-22,Auto spare kits,true
19QLQGQ2532E7Z2,32FNBKA6990P7ZQ,118019.36,2025-07-22,Warranty replacement units,true
06HZHAM9303D1Z2,29QWAAN3943M1ZA,1817343.52,2025-07-23,Iron ore,true
36AOZCX8818C4Z4,06GPNPX2499U7Z8,321180.97,2025-07-23,Garment lots,true
06QCBYQ6201T5Z8,09MDSAV0327Y3ZY,124632.71,2025-07-23,Kitchenware cartons,true
09CNWXM9348C8ZL,06XYZCA0026Z5ZI,762270.34,2025-07-23,Auto spare kits,true
24LEGQZ0248F6ZJ,06GPNPX2499U7Z8,454733.16,2025-07-23,Assembled pump units,true
06MOGFE1378X5ZQ,06GPNPX2499U7Z8,84378.47,2025-07-23,Recovered packaging material,false
19GCSCE8452T4Z7,24XPYIF3293S1ZX,181508.08,2025-07-24,Rubber gaskets,true
32RTMUK0767J7ZR,24HGRZG4980H6ZH,204391.45,2025-07-24,Aluminium sheets,true
33DKOHF9808I3ZZ,06XLLCH1373K6Z0,128949.76,2025-07-24,Furniture sets,true
24TSKYG0110D8ZX,32IJUSV5003E7ZI,854347.16,2025-07-24,Raw cotton bales,true
19ODCUE4640B8ZZ,24ADBPZ9331Y7Z1,732062.05,2025-07-24,Assembled pump units,true
29KEPQP0012T8ZU,06VXENK5239T5Z6,4586952.08,2025-07-25,Unprocessed timber,true
32JQHYS5486E9ZT,07FSGBM8265D9ZC,101180.35,2025-07-25,Aluminium sheets,true
32MCPVJ0931T3ZJ,06XYZCA0026Z5ZI,75823.98,2025-07-25,Packaged fittings,true
32EJXJI9851G6ZJ,07FSGBM8265D9ZC,113794.81,2025-07-25,Kitchenware cartons,true
29HNSJS2359P1ZA,27KNVLF9413B7ZQ,262627.21,2025-07-25,Auto spare kits,false
29ONVRZ3130M6ZL,19YTTQI9334D1Z5,92797.43,2025-07-26,Aluminium sheets,true
33DCFQP7960U6Z9,24RGHCF5815H7Z1,962572.96,2025-07-27,Crude polymer granules,true
36SGHHT8031T6ZB,32LPQVH9585Z5Z0,37483.01,2025-07-27,Raw cotton bales,false
06CFKGF8704V3ZL,32FNBKA6990P7ZQ,134211.66,2025-07-27,Auto spare kits,false
29WPVPH3087E4Z8,29YDUXQ1768F6Z5,102977.08,2025-07-29,Bauxite,true
07RMQJW3353W3ZM,19ZFPYI2441K8ZA,286987.57,2025-07-29,Auto spare kits,true
27HXKTQ5235G4ZA,06GPNPX2499U7Z8,407547.91,2025-07-29,Packaged fittings,true
29ONVRZ3130M6ZL,06GPNPX2499U7Z8,124641.92,2025-07-30,Rubber gaskets,false
32LPQVH9585Z5Z0,07IHIOC8713E8ZN,218477.96,2025-07-30,Garment lots,false
19CMQIT5183T9ZU,32LPQVH9585Z5Z0,117405.00,2025-07-31,Plywood panels,true
32JQHYS5486E9ZT,07FSGBM8265D9ZC,103085.08,2025-08-01,Rubber gaskets,true
32TBUEX2464C3ZX,09CNWXM9348C8ZL,111400.52,2025-08-01,Cotton yarn,true
27YRPVR6146L5ZI,36LCLXV2521K3ZU,99873.65,2025-08-02,Crude polymer granules,true
29SLMYQ2307L6Z5,32FNBKA6990P7ZQ,1752454.03,2025-08-02,Aluminium sheets,true
06QCBYQ6201T5Z8,36UUJPD2134K1ZG,262371.80,2025-08-02,Kitchenware cartons,true
36RVGEN3898U2ZW,24WXKFC0232Q6ZN,16841.58,2025-08-03,Raw rubber sheets,true
07NPOAT6825Y5Z6,09THKGN0004S7ZJ,157748.51,2025-08-03,Moulded plastic parts,true
36MYFHN1078R2Z4,06MOGFE1378X5ZQ,184704.75,2025-08-03,Assembled pump units,true
33DKOHF9808I3ZZ,27KNVLF9413B7ZQ,131186.62,2025-08-03,Auto spare kits,true
07RMQJW3353W3ZM,06XLLCH1373K6Z0,288388.47,2025-08-04,Kitchenware cartons,true
27YRPVR6146L5ZI,27AJPTA1766T6ZD,61956.34,2025-08-05,Unprocessed timber,false
29HDPWO6467E4ZJ,09GDUDI3670A5ZE,264143.26,2025-08-06,Raw cotton bales,true
32TBUEX2464C3ZX,32FNBKA6990P7ZQ,89687.72,2025-08-06,Aluminium sheets,true
06QCBYQ6201T5Z8,36UUJPD2134K1ZG,206516.58,2025-08-06,Garment lots,true
09IWOVN2020F3ZK,32FNBKA6990P7ZQ,662119.92,2025-08-06,Garment lots,true
19RQFMU3728T6Z2,19ZFPYI2441K8ZA,13727.83,2025-08-07,Plywood panels,true
29GLIVA3486Y3ZR,07BSHGZ0028T6Z1,133445.81,2025-08-07,Garment lots,true
19RQFMU3728T6Z2,19ZFPYI2441K8ZA,14430.75,2025-08-09,Plywood panels,true
33GRWLO8497P9ZE,29USNIB2707Y3Z6,514176.18,2025-08-09,Auto spare kits,true
09TUUXS2191W1Z4,36UUJPD2134K1ZG,215963.55,2025-08-09,Packaged fittings,true
09MACAR1889T5Z3,07KYWMS0417O4Z8,274208.09,2025-08-10,Packaged fittings,true
27HXKTQ5235G4ZA,19QLQGQ2532E7Z2,542467.27,2025-08-11,Garment lots,true
09ICBGQ0685I5ZT,24EWMJL6724F1ZM,14889.28,2025-08-12,Unprocessed timber,true
33EGOOS9719X8ZP,27HXKTQ5235G4ZA,1766621.42,2025-08-12,Raw rubber sheets,true
27ZKLFW2886V7ZL,27CDMPY3420P3ZO,831096.70,2025-08-12,Steel coils,true
33MMSCL6404D5Z9,24LEGQZ0248F6ZJ,91526.07,2025-08-13,Aluminium sheets,true
27IPCHV6936J3ZF,27CDMPY3420P3ZO,2309475.75,2025-08-13,Rubber gaskets,true
29ONVRZ3130M6ZL,09TUUXS2191W1Z4,176710.54,2025-08-13,Aluminium sheets,true
32LPQVH9585Z5Z0,19ZFPYI2441K8ZA,346828.24,2025-08-14,Packaged fittings,true
06FDZJZ1871X1ZP,07UPVXB8379E6ZK,601587.36,2025-08-14,Garment lots,true
36WFQAG8528A9Z5,29USNIB2707Y3Z6,622896.38,2025-08-15,Cotton yarn,true
06CFKGF8704V3ZL,32FNBKA6990P7ZQ,112226.81,2025-08-15,Furniture sets,true
06QCBYQ6201T5Z8,36UUJPD2134K1ZG,258467.85,2025-08-15,Packaged fittings,true
33IIMMB0166U5Z6,29LQFOT4019W1ZL,1368804.91,2025-08-15,Auto spare kits,true
33ZCOYB3981K1ZV,36AOZCX8818C4Z4,11015.36,2025-08-16,Raw cotton bales,true
29YGPFN5167M1ZA,09THKGN0004S7ZJ,62352.20,2025-08-16,Packaged fittings,true
27IPCHV6936J3ZF,27CDMPY3420P3ZO,2321021.10,2025-08-17,Steel coils,true
27AADWX3409U6ZS,19ZFPYI2441K8ZA,21503.37,2025-08-17,Garment lots,true
32EJXJI9851G6ZJ,33JUGCQ0243X7ZK,110324.85,2025-08-18,Auto spare kits,true
24LEGQZ0248F6ZJ,27KNVLF9413B7ZQ,620609.47,2025-08-18,Kitchenware cartons,true
24OJGWG9976X2ZB,36JWQJO7718G8Z1,412875.79,2025-08-19,Aluminium sheets,true
29TPVLE8820A7ZX,06MOGFE1378X5ZQ,399751.82,2025-08-19,Auto spare kits,true
33GRWLO8497P9ZE,29USNIB2707Y3Z6,399932.42,2025-08-19,Kitchenware cartons,true
19SMNMV3040I7ZD,36QKUHT3363G8Z1,116504.95,2025-08-20,Unprocessed timber,true
29DSORG7805Q7ZD,33JUGCQ0243X7ZK,1545841.00,2025-08-20,Kitchenware cartons,true
36VDRMO4829X3Z0,32IMLSE5517H1ZB,246276.64,2025-08-20,Raw rubber sheets,false
06TORUY4649H3ZW,32KRNME6662U7ZG,532775.36,2025-08-21,Raw rubber sheets,true
32DPUMB3137F3Z0,29YDUXQ1768F6Z5,31214.19,2025-08-21,Moulded plastic parts,true
32KQZTG2680A5ZT,06QCBYQ6201T5Z8,147513.12,2025-08-21,Aluminium sheets,true
06QCBYQ6201T5Z8,36UUJPD2134K1ZG,236211.17,2025-08-21,Kitchenware cartons,true
32IMLSE5517H1ZB,24ADBPZ9331Y7Z1,138942.00,2025-08-21,Packaged fittings,false
24LEGQZ0248F6ZJ,06GPNPX2499U7Z8,473559.06,2025-08-22,Furniture sets,false
19YTTQI9334D1Z5,33JUGCQ0243X7ZK,871678.34,2025-08-22,Packaged fittings,true
33EOHXD6723F6ZQ,24WXKFC0232Q6ZN,635603.62,2025-08-23,Iron ore,true
09XRXZF7343R2ZD,32JQHYS5486E9ZT,740925.57,2025-08-23,Crude polymer granules,true
36GDMFJ3180O4ZC,24CPKFI4802U8Z3,428866.76,2025-08-23,Moulded plastic parts,true
32AQGJY0057D6ZV,32DPUMB3137F3Z0,349776.11,2025-08-24,Iron ore,true
33MMSCL6404D5Z9,33GRWLO8497P9ZE,148487.38,2025-08-24,Cotton yarn,true
06OUYEO4807S2ZY,07IHIOC8713E8ZN,107370.97,2025-08-24,Plywood panels,true
32MCPVJ0931T3ZJ,06MOGFE1378X5ZQ,80874.30,2025-08-24,Auto spare kits,true
07KTVJS9657V4ZX,07KYWMS0417O4Z8,274956.17,2025-08-24,Kitchenware cartons,true
06UCZBM8689B1ZC,32LPQVH9585Z5Z0,112299.63,2025-08-25,Iron ore,true
27YRPVR6146L5ZI,36LCLXV2521K3ZU,97025.51,2025-08-25,Raw cotton bales,true
24LIHCR1961J7Z7,09JOQVF4504B8ZC,100261.68,2025-08-25,Cotton yarn,true
19LQXPV3933P1ZE,19CIPWV1049V1ZO,287683.15,2025-08-25,Iron ore,true
19YTTQI9334D1Z5,07OWSPV4756N1ZN,805549.81,2025-08-26,Auto spare kits,true
06UCZBM8689B1ZC,09JOQVF4504B8ZC,152615.89,2025-08-27,Crude polymer granules,true
32BTVLO0183D3ZZ,27KNVLF9413B7ZQ,29258.48,2025-08-27,Aluminium sheets,true
07WKVKZ7853Z8ZD,32FNBKA6990P7ZQ,20124.99,2025-08-27,Aluminium sheets,false
07WKVKZ7853Z8ZD,32FNBKA6990P7ZQ,21772.27,2025-08-28,Rubber gaskets,true
29HNSJS2359P1ZA,19ODCUE4640B8ZZ,711211.03,2025-08-28,Kitchenware cartons,false
36QKUHT3363G8Z1,09VPWSE5537W2Z0,1470415.85,2025-08-29,Furniture sets,true
29EOAZQ4256B3ZB,29YGPFN5167M1ZA,176502.42,2025-08-30,Rubber gaskets,true
06NPUYZ0199O3ZQ,09MACAR1889T5Z3,332222.50,2025-08-30,Rubber gaskets,true
32CMSLO2200R6Z5,36WFQAG8528A9Z5,148282.80,2025-08-31,Iron ore,true
29KEPQP0012T8ZU,27CDMPY3420P3ZO,3424350.59,2025-08-31,Bauxite,true
06HZHAM9303D1Z2,27OVEWI9795R9Z8,1205962.38,2025-08-31,Iron ore,true
36QKUHT3363G8Z1,09VPWSE5537W2Z0,1373197.61,2025-08-31,Assembled pump units,true
24PISLE8831I5ZS,06GPNPX2499U7Z8,309532.30,2025-09-01,Packaged fittings,true
27HXKTQ5235G4ZA,32FNBKA6990P7ZQ,840373.18,2025-09-01,Auto spare kits,true
36UHMYC0921B6ZB,36MYFHN1078R2Z4,144651.74,2025-09-02,Iron ore,true
24TSKYG0110D8ZX,36DOAKR6492B1ZA,126824.24,2025-09-02,Crude polymer granules,true
32TBUEX2464C3ZX,33FOOWY4932K5ZW,94386.63,2025-09-02,Plywood panels,true
27YRPVR6146L5ZI,07NPOAT6825Y5Z6,91583.31,2025-09-03,Bauxite,true
29ZVHMB5624H3ZT,36WFQAG8528A9Z5,3787967.67,2025-09-04,Unprocessed timber,true
19LQXPV3933P1ZE,29QWAAN3943M1ZA,354349.35,2025-09-05,Raw cotton bales,true
24XCOGB4723J1Z4,29LQFOT4019W1ZL,525098.13,2025-09-05,Furniture sets,true
29WPVPH3087E4Z8,27SKWQX1255L5ZB,100947.56,2025-09-06,Bauxite,true
33NZNBC3282E6ZC,19AFHVR2881Q4Z4,17668.96,2025-09-06,Bauxite,true
36DOAKR6492B1ZA,06GPNPX2499U7Z8,15479.77,2025-09-06,Plywood panels,true
19CMQIT5183T9ZU,32LPQVH9585Z5Z0,111868.51,2025-09-06,Moulded plastic parts,false
09JOQVF4504B8ZC,07ABURL9979Q1Z0,86511.38,2025-09-06,Packaged fittings,true
24YIDDD6289H3ZT,32FNBKA6990P7ZQ,107847.90,2025-09-06,Kitchenware cartons,true
19LQXPV3933P1ZE,29QWAAN3943M1ZA,337981.61,2025-09-07,Crude polymer granules,true
33NIRBJ4576K8ZM,36QKUHT3363G8Z1,19730.76,2025-09-07,Steel coils,true
24HGRZG4980H6ZH,33JUGCQ0243X7ZK,317351.01,2025-09-07,Furniture sets,true
24PISLE8831I5ZS,06GPNPX2499U7Z8,392559.15,2025-09-08,Kitchenware cartons,true
24HGRZG4980H6ZH,07DHLQX8570T4Z7,117518.73,2025-09-08,Assembled pump units,true
36BEPHT0000S2ZM,29HNSJS2359P1ZA,668266.99,2025-09-08,Packaged fittings,true
27IPCHV6936J3ZF,27CDMPY3420P3ZO,2508764.70,2025-09-09,Rubber gaskets,false
29YGPFN5167M1ZA,09THKGN0004S7ZJ,58478.74,2025-09-09,Packaged fittings,true
27ZKLFW2886V7ZL,19BVGWK7086S6Z9,548961.46,2025-09-10,Rubber gaskets,true
32APDCZ4228J5Z9,36JWQJO7718G8Z1,218595.23,2025-09-11,Crude polymer granules,true
29EOAZQ4256B3ZB,29YGPFN5167M1ZA,177820.79,2025-09-11,Moulded plastic parts,true
32MCPVJ0931T3ZJ,06MOGFE1378X5ZQ,74956.70,2025-09-11,Packaged fittings,false
07LYWHO7356O2Z6,24XPYIF3293S1ZX,393745.90,2025-09-11,Furniture sets,true
06UCZBM8689B1ZC,32LPQVH9585Z5Z0,95254.72,2025-09-12,Raw cotton bales,true
27ZKLFW2886V7ZL,27SKWQX1255L5ZB,582632.81,2025-09-12,Moulded plastic parts,false
29YGPFN5167M1ZA,19QLQGQ2532E7Z2,35678.29,2025-09-12,Packaged fittings,true
32DPUMB3137F3Z0,29YDUXQ1768F6Z5,32204.45,2025-09-13,Plywood panels,true
29EOAZQ4256B3ZB,29YGPFN5167M1ZA,168600.25,2025-09-13,Aluminium sheets,true
36LCLXV2521K3ZU,24CGIRZ2877Z7ZD,48763.40,2025-09-13,Moulded plastic parts,true
07JUHCS8296Y9Z9,32MCPVJ0931T3ZJ,291506.47,2025-09-14,Bauxite,false
19GCSCE8452T4Z7,24XPYIF3293S1ZX,164542.60,2025-09-14,Steel coils,true
07NPOAT6825Y5Z6,09THKGN0004S7ZJ,167301.72,2025-09-14,Plywood panels,false
29EOAZQ4256B3ZB,29YGPFN5167M1ZA,179473.78,2025-09-14,Rubber gaskets,true
27IPCHV6936J3ZF,27CDMPY3420P3ZO,2915569.63,2025-09-14,Moulded plastic parts,false
07RQSPW5140Z2ZH,09VPWSE5537W2Z0,461355.81,2025-09-15,Rubber gaskets,true
24OJGWG9976X2ZB,36JWQJO7718G8Z1,392333.65,2025-09-15,Cotton yarn,false
07RMQJW3353W3ZM,09VPWSE5537W2Z0,261432.79,2025-09-15,Garment lots,false
29TIWPY0487R5ZH,33GRWLO8497P9ZE,203849.61,2025-09-16,Steel coils,false
32KRNME6662U7ZG,09ZBWBM8578V6ZU,587353.28,2025-09-16,Aluminium sheets,true
07WWTVC3072D6Z6,07UPVXB8379E6ZK,125802.40,2025-09-16,Auto spare kits,true
24CPKFI4802U8Z3,19XTXAC5360U3ZZ,281286.88,2025-09-16,Kitchenware cartons,true
32IMLSE5517H1ZB,19QLQGQ2532E7Z2,287735.62,2025-09-16,Kitchenware cartons,true
33NZNBC3282E6ZC,19AFHVR2881Q4Z4,14160.96,2025-09-17,Raw cotton bales,true
33MDFOF7954Z9ZL,07XBHEJ9668L1Z2,1373389.82,2025-09-17,Iron ore,true
29QWAAN3943M1ZA,19AFHVR2881Q4Z4,258503.84,2025-09-17,Cotton yarn,true
32KRNME6662U7ZG,07LYWHO7356O2Z6,956963.89,2025-09-17,Moulded plastic parts,true
24QSNHV0585V8Z8,09MACAR1889T5Z3,710567.17,2025-09-17,Moulded plastic parts,true
09LRSNL8397M2ZC,36UUJPD2134K1ZG,2313204.86,2025-09-17,Garment lots,false
36RVGEN3898U2ZW,07WKVKZ7853Z8ZD,22072.75,2025-09-18,Raw rubber sheets,true
19DKRMK6116L4ZI,36UUJPD2134K1ZG,87943.94,2025-09-18,Assembled pump units,true
32LPQVH9585Z5Z0,09ZBWBM8578V6ZU,178724.76,2025-09-18,Auto spare kits,true
19CIPWV1049V1ZO,06XLLCH1373K6Z0,118029.93,2025-09-18,Furniture sets,true
33NZNBC3282E6ZC,27JXTFP9055S6Z9,12548.56,2025-09-19,Unprocessed timber,true
36LCLXV2521K3ZU,27SKWQX1255L5ZB,72233.95,2025-09-19,Aluminium sheets,true
24TQBMB5563K9ZK,06GPNPX2499U7Z8,230032.15,2025-09-19,Furniture sets,true
06VXENK5239T5Z6,06XYZCA0026Z5ZI,1438316.52,2025-09-19,Assembled pump units,true
07HSPWQ4695A1ZI,07ABURL9979Q1Z0,1593355.56,2025-09-19,Auto spare kits,true
27JGLFA5617I5Z0,32IMLSE5517H1ZB,322405.93,2025-09-19,Iron ore,false
36RVGEN3898U2ZW,29QWAAN3943M1ZA,20452.86,2025-09-20,Raw cotton bales,true
09ICBGQ0685I5ZT,29EOAZQ4256B3ZB,25670.75,2025-09-20,Raw rubber sheets,true
29QWAAN3943M1ZA,36QKUHT3363G8Z1,420768.01,2025-09-20,Rubber gaskets,false
09TUUXS2191W1Z4,06ZYUMR8310X1ZI,246387.79,2025-09-20,Kitchenware cartons,true
06UCZBM8689B1ZC,33YGMLY4610W6ZS,161406.82,2025-09-21,Raw rubber sheets,true
33NZNBC3282E6ZC,19AFHVR2881Q4Z4,18621.20,2025-09-21,Unprocessed timber,true
27JSEGL9722A2ZS,29TPVLE8820A7ZX,36983.49,2025-09-21,Aluminium sheets,true
32KRNME6662U7ZG,06FDZJZ1871X1ZP,657970.55,2025-09-21,Plywood panels,true
36AOZCX8818C4Z4,06GPNPX2499U7Z8,326899.76,2025-09-21,Furniture sets,true
27JXTFP9055S6Z9,09VPWSE5537W2Z0,22001.25,2025-09-22,Moulded plastic parts,true
36LCLXV2521K3ZU,07RMQJW3353W3ZM,63185.12,2025-09-22,Plywood panels,true
06OUYEO4807S2ZY,24QJQGQ3620U1Z2,48323.36,2025-09-22,Rubber gaskets,true
27HXKTQ5235G4ZA,29USNIB2707Y3Z6,501024.64,2025-09-22,Assembled pump units,true
09MACAR1889T5Z3,24XPYIF3293S1ZX,380499.44,2025-09-22,Kitchenware cartons,true
07WKVKZ7853Z8ZD,27SKWQX1255L5ZB,52864.74,2025-09-23,Cotton yarn,true
29TIWPY0487R5ZH,27SKWQX1255L5ZB,135306.82,2025-09-23,Aluminium sheets,true
09TUUXS2191W1Z4,19YNUSU1543Z9ZL,85358.30,2025-09-23,Assembled pump units,true
29TIWPY0487R5ZH,06MOGFE1378X5ZQ,116254.20,2025-09-24,Rubber gaskets,true
36JMBCS5285U5Z4,27AADWX3409U6ZS,40483.34,2025-09-25,Iron ore,true
29TIWPY0487R5ZH,24ADBPZ9331Y7Z1,196376.83,2025-09-25,Cotton yarn,true
36LCLXV2521K3ZU,27HXKTQ5235G4ZA,79473.88,2025-09-25,Cotton yarn,true
24YIDDD6289H3ZT,29LQFOT4019W1ZL,143980.40,2025-09-25,Auto spare kits,false
33MMSCL6404D5Z9,06XYZCA0026Z5ZI,189734.15,2025-09-26,Steel coils,true
33LZEGM8299Z8ZJ,06XYZCA0026Z5ZI,70940.00,2025-09-26,Garment lots,true
07HSPWQ4695A1ZI,07ABURL9979Q1Z0,1611442.19,2025-09-26,Packaged fittings,true
09TUUXS2191W1Z4,07OWSPV4756N1ZN,119338.14,2025-09-26,Furniture sets,true
19CIPWV1049V1ZO,07IHIOC8713E8ZN,134892.29,2025-09-26,Assembled pump units,true
36LCLXV2521K3ZU,24QJQGQ3620U1Z2,72440.09,2025-09-27,Steel coils,true
33IIMMB0166U5Z6,19YNUSU1543Z9ZL,1167854.77,2025-09-27,Furniture sets,true
09MACAR1889T5Z3,07FSGBM8265D9ZC,314761.96,2025-09-27,Kitchenware cartons,true
36JMBCS5285U5Z4,29OZSVL9371R7ZY,32307.63,2025-09-28,Crude polymer granules,false
33NZNBC3282E6ZC,27JXTFP9055S6Z9,11385.09,2025-09-28,Unprocessed timber,true
36IBYDQ7801O8ZC,19ORCRZ5136S8ZX,61546.91,2025-09-28,Steel coils,true
27CPIOO2175D8Z4,09VPWSE5537W2Z0,96304.80,2025-09-28,Rubber gaskets,true
19YTTQI9334D1Z5,33JUGCQ0243X7ZK,913348.84,2025-09-28,Kitchenware cartons,true
06UCZBM8689B1ZC,29HNSJS2359P1ZA,365878.31,2025-09-28,Crude polymer granules,false
24TSKYG0110D8ZX,32DPUMB3137F3Z0,126685.03,2025-09-29,Iron ore,true
36LCLXV2521K3ZU,07RMQJW3353W3ZM,61222.59,2025-09-29,Steel coils,false
07RMQJW3353W3ZM,06XYZCA0026Z5ZI,166621.82,2025-09-29,Packaged fittings,false
06ENRLT9528T9Z3,06GPNPX2499U7Z8,143329.56,2025-09-29,Auto spare kits,true
24TSKYG0110D8ZX,36ZZRVY7581R1ZE,135422.55,2025-09-30,Crude polymer granules,true
32ZOIZY9544B1ZL,24HGRZG4980H6ZH,174150.45,2025-09-30,Steel coils,true
29OZSVL9371R7ZY,36MFZZI1805O9Z6,2884144.09,2025-09-30,Cotton yarn,true
19WSEJA6123K9ZZ,29TPVLE8820A7ZX,976214.42,2025-10-01,Iron ore,true
36LCLXV2521K3ZU,07RMQJW3353W3ZM,54158.58,2025-10-01,Cotton yarn,false
33DCFQP7960U6Z9,27AVHXG6804R4Z7,606943.34,2025-10-02,Raw rubber sheets,true
27YRPVR6146L5ZI,36LCLXV2521K3ZU,93274.34,2025-10-02,Raw cotton bales,true
07RQSPW5140Z2ZH,07FSGBM8265D9ZC,358429.58,2025-10-02,Plywood panels,false
36DOAKR6492B1ZA,07FSGBM8265D9ZC,13404.34,2025-10-02,Steel coils,true
19QGJES9032L6ZO,07HSPWQ4695A1ZI,669089.02,2025-10-02,Aluminium sheets,true
32KRNME6662U7ZG,09ZBWBM8578V6ZU,619166.49,2025-10-02,Moulded plastic parts,true
07XBHEJ9668L1Z2,19ZFPYI2441K8ZA,574790.70,2025-10-02,Auto spare kits,true
24LEGQZ0248F6ZJ,19XTXAC5360U3ZZ,817290.98,2025-10-02,Kitchenware cartons,false
09MACAR1889T5Z3,24XPYIF3293S1ZX,386478.53,2025-10-02,Furniture sets,true
36LCLXV2521K3ZU,09IWOVN2020F3ZK,69219.32,2025-10-03,Steel coils,true
36MYFHN1078R2Z4,06MOGFE1378X5ZQ,181376.97,2025-10-03,Auto spare kits,true
27HXKTQ5235G4ZA,36UUJPD2134K1ZG,607178.76,2025-10-03,Auto spare kits,true
09TUUXS2191W1Z4,07UPVXB8379E6ZK,134136.97,2025-10-03,Auto spare kits,true
32AQGJY0057D6ZV,07HSPWQ4695A1ZI,229716.64,2025-10-04,Iron ore,true
07XBHEJ9668L1Z2,19ZFPYI2441K8ZA,539464.75,2025-10-04,Assembled pump units,false
07WWTVC3072D6Z6,24XPYIF3293S1ZX,109832.45,2025-10-04,Garment lots,false
29HDPWO6467E4ZJ,29GLIVA3486Y3ZR,572241.52,2025-10-05,Iron ore,true
33ZCOYB3981K1ZV,33INJVJ6049L7ZN,23794.74,2025-10-05,Crude polymer granules,true
06HZHAM9303D1Z2,27IPCHV6936J3ZF,1626590.40,2025-10-05,Raw rubber sheets,true
36LCLXV2521K3ZU,27SKWQX1255L5ZB,72868.16,2025-10-05,Steel coils,true
32YKCYT1305Z3ZM,06MOGFE1378X5ZQ,166297.87,2025-10-05,Furniture sets,true
32EJXJI9851G6ZJ,32YKCYT1305Z3ZM,4120424.55,2025-10-05,Packaged fittings,true
24LIHCR1961J7Z7,06XYZCA0026Z5ZI,111908.24,2025-10-06,Steel coils,true
07RMQJW3353W3ZM,06XLLCH1373K6Z0,296421.32,2025-10-06,Kitchenware cartons,true
29HDPWO6467E4ZJ,09GDUDI3670A5ZE,287462.16,2025-10-07,Raw cotton bales,true
36LCLXV2521K3ZU,27HXKTQ5235G4ZA,74907.66,2025-10-07,Aluminium sheets,true
27CPIOO2175D8Z4,09VPWSE5537W2Z0,104739.59,2025-10-07,Cotton yarn,false
07HSPWQ4695A1ZI,06PACMQ7731H2Z6,1446980.76,2025-10-07,Packaged fittings,true
33NZNBC3282E6ZC,27JXTFP9055S6Z9,14413.24,2025-10-08,Crude polymer granules,true
33NZNBC3282E6ZC,27JXTFP9055S6Z9,13729.47,2025-10-08,Raw rubber sheets,true
33NZNBC3282E6ZC,19AFHVR2881Q4Z4,15644.85,2025-10-08,Raw cotton bales,true
09MACAR1889T5Z3,24XPYIF3293S1ZX,324776.84,2025-10-08,Furniture sets,true
06HKRKP4434B1ZM,24LIHCR1961J7Z7,656253.69,2025-10-09,Raw rubber sheets,true
29NVUAL1821K7ZE,36MFZZI1805O9Z6,231304.41,2025-10-09,Cotton yarn,true
07JUHCS8296Y9Z9,29OZSVL9371R7ZY,251458.55,2025-10-10,Raw rubber sheets,true
27YRPVR6146L5ZI,32JQHYS5486E9ZT,43634.38,2025-10-10,Raw rubber sheets,false
19QGJES9032L6ZO,07HSPWQ4695A1ZI,637996.82,2025-10-10,Cotton yarn,true
06NPUYZ0199O3ZQ,24IWPHR7389W2Z5,100000.59,2025-10-10,Aluminium sheets,true
29GLIVA3486Y3ZR,07UPVXB8379E6ZK,107849.79,2025-10-10,Assembled pump units,false
06HKRKP4434B1ZM,19FQVDH2460H4ZO,468016.48,2025-10-11,Crude polymer granules,true
33GRWLO8497P9ZE,09THKGN0004S7ZJ,921948.91,2025-10-11,Packaged fittings,true
06UCZBM8689B1ZC,32IMLSE5517H1ZB,92486.72,2025-10-11,Raw cotton bales,true
07NPOAT6825Y5Z6,09CNWXM9348C8ZL,213080.29,2025-10-12,Moulded plastic parts,true
36LCLXV2521K3ZU,09IWOVN2020F3ZK,81036.29,2025-10-12,Plywood panels,true
27HXKTQ5235G4ZA,32FNBKA6990P7ZQ,890970.74,2025-10-12,Auto spare kits,true
19DKRMK6116L4ZI,36UUJPD2134K1ZG,101171.88,2025-10-12,Auto spare kits,true
07KTVJS9657V4ZX,36UUJPD2134K1ZG,277290.88,2025-10-12,Furniture sets,true
19QAOYF9022E9Z3,36QKUHT3363G8Z1,2679796.26,2025-10-13,Iron ore,true
33NZNBC3282E6ZC,19AFHVR2881Q4Z4,18255.80,2025-10-13,Unprocessed timber,true
06KUHPQ3830N7ZC,36MYFHN1078R2Z4,82594.29,2025-10-13,Plywood panels,false
24TQBMB5563K9ZK,32FNBKA6990P7ZQ,187524.42,2025-10-14,Assembled pump units,false
06VXENK5239T5Z6,06XYZCA0026Z5ZI,1318737.61,2025-10-14,Garment lots,true
24CPKFI4802U8Z3,09ZBWBM8578V6ZU,126233.54,2025-10-14,Assembled pump units,true
27TZILH6929G4ZN,07XBHEJ9668L1Z2,660482.19,2025-10-15,Moulded plastic parts,true
24HGRZG4980H6ZH,07KYWMS0417O4Z8,246323.94,2025-10-15,Furniture sets,true
09MACAR1889T5Z3,06PACMQ7731H2Z6,235363.32,2025-10-15,Assembled pump units,true
32KRNME6662U7ZG,09ZBWBM8578V6ZU,591181.46,2025-10-16,Rubber gaskets,true
24OJGWG9976X2ZB,33GRWLO8497P9ZE,622543.54,2025-10-16,Aluminium sheets,true
27ZKLFW2886V7ZL,19BVGWK7086S6Z9,449107.87,2025-10-16,Plywood panels,true
36ETOYM3140L4ZH,07DHLQX8570T4Z7,2736052.80,2025-10-16,Garment lots,true
06UCZBM8689B1ZC,24SORHP9066Z2ZO,146454.95,2025-10-17,Iron ore,true
33NZNBC3282E6ZC,27JXTFP9055S6Z9,13663.16,2025-10-17,Unprocessed timber,true
33EGOOS9719X8ZP,27HXKTQ5235G4ZA,1796051.51,2025-10-17,Raw cotton bales,true
36LCLXV2521K3ZU,07RMQJW3353W3ZM,69125.05,2025-10-17,Plywood panels,true
07XBHEJ9668L1Z2,19ZFPYI2441K8ZA,541549.53,2025-10-17,Packaged fittings,false
19LQXPV3933P1ZE,29QWAAN3943M1ZA,363900.67,2025-10-18,Crude polymer granules,false
32LPQVH9585Z5Z0,07IHIOC8713E8ZN,195088.22,2025-10-18,Packaged fittings,false
24LEGQZ0248F6ZJ,19ZFPYI2441K8ZA,1155572.41,2025-10-18,Garment lots,true
06HZHAM9303D1Z2,29QWAAN3943M1ZA,1701781.39,2025-10-19,Raw rubber sheets,true
27LPMFO3207W6ZE,33GRWLO8497P9ZE,286050.96,2025-10-20,Aluminium sheets,true
33NRDCU7320N2Z5,36UUJPD2134K1ZG,685557.77,2025-10-21,Moulded plastic parts,false
36LCLXV2521K3ZU,27SKWQX1255L5ZB,68308.03,2025-10-21,Aluminium sheets,true
06KUHPQ3830N7ZC,33JUGCQ0243X7ZK,63132.37,2025-10-22,Moulded plastic parts,false
09LRSNL8397M2ZC,19QLQGQ2532E7Z2,3436999.04,2025-10-22,Assembled pump units,true
07JUHCS8296Y9Z9,32IJUSV5003E7ZI,290495.86,2025-10-22,Iron ore,true
36LCLXV2521K3ZU,09IWOVN2020F3ZK,69483.24,2025-10-23,Cotton yarn,true
32KQZTG2680A5ZT,06QCBYQ6201T5Z8,153192.47,2025-10-23,Plywood panels,true
36UHMYC0921B6ZB,09TYOFZ7611E9ZS,294311.88,2025-10-24,Raw rubber sheets,true
27YRPVR6146L5ZI,32JQHYS5486E9ZT,45937.06,2025-10-24,Raw rubber sheets,true
06KUHPQ3830N7ZC,32YKCYT1305Z3ZM,66093.07,2025-10-25,Aluminium sheets,true
36LCLXV2521K3ZU,24QJQGQ3620U1Z2,82237.08,2025-10-25,Moulded plastic parts,true
36LCLXV2521K3ZU,07RMQJW3353W3ZM,66116.12,2025-10-25,Moulded plastic parts,true
19NYPEV4329L9Z0,19UCSSH0140I9ZM,816902.19,2025-10-26,Unprocessed timber,true
07NPOAT6825Y5Z6,09CNWXM9348C8ZL,234248.08,2025-10-26,Cotton yarn,true
19QGJES9032L6ZO,07HSPWQ4695A1ZI,629212.13,2025-10-27,Rubber gaskets,true
32LPQVH9585Z5Z0,06TMEUI5957D8ZT,389191.76,2025-10-27,Packaged fittings,true
33DCFQP7960U6Z9,24RGHCF5815H7Z1,1008638.39,2025-10-28,Unprocessed timber,true
32DPUMB3137F3Z0,19ORCRZ5136S8ZX,23262.12,2025-10-28,Aluminium sheets,true
06NPUYZ0199O3ZQ,36QKUHT3363G8Z1,111648.33,2025-10-28,Moulded plastic parts,true
07XBHEJ9668L1Z2,19ZFPYI2441K8ZA,489551.33,2025-10-28,Packaged fittings,true
24LEGQZ0248F6ZJ,19ZFPYI2441K8ZA,1144615.81,2025-10-28,Auto spare kits,true
33NIRBJ4576K8ZM,36UUJPD2134K1ZG,17276.44,2025-10-29,Steel coils,true
33LZEGM8299Z8ZJ,06XLLCH1373K6Z0,119231.31,2025-10-29,Assembled pump units,true
33GRWLO8497P9ZE,29LQFOT4019W1ZL,1097030.61,2025-10-29,Garment lots,true
09TUUXS2191W1Z4,06ZYUMR8310X1ZI,237651.12,2025-10-29,Garment lots,true
29HNSJS2359P1ZA,33JUGCQ0243X7ZK,785852.15,2025-10-29,Kitchenware cartons,true
09GDUDI3670A5ZE,24BUWJE4861D5ZC,359332.44,2025-10-30,Aluminium sheets,true
27OVEWI9795R9Z8,06QWIYO2144M6Z6,286128.25,2025-10-30,Steel coils,true
33GRWLO8497P9ZE,29LQFOT4019W1ZL,929177.13,2025-10-30,Garment lots,true
07HSPWQ4695A1ZI,07ABURL9979Q1Z0,1656853.22,2025-10-30,Garment lots,false
32LPQVH9585Z5Z0,06TMEUI5957D8ZT,373162.25,2025-10-30,Packaged fittings,false
36UHMYC0921B6ZB,24WXKFC0232Q6ZN,160596.71,2025-10-31,Crude polymer granules,true
29TIWPY0487R5ZH,33GRWLO8497P9ZE,225675.83,2025-10-31,Moulded plastic parts,true
33IIMMB0166U5Z6,29LQFOT4019W1ZL,1046069.86,2025-10-31,Furniture sets,true
07HSPWQ4695A1ZI,06PACMQ7731H2Z6,1637213.63,2025-10-31,Assembled pump units,true
27JGLFA5617I5Z0,32JTXAZ6068Y4ZY,37227.84,2025-11-01,Raw rubber sheets,true
32AQGJY0057D6ZV,07HSPWQ4695A1ZI,235508.88,2025-11-01,Raw cotton bales,true
36DOAKR6492B1ZA,07LYWHO7356O2Z6,17423.65,2025-11-01,Rubber gaskets,true
36LCLXV2521K3ZU,29USNIB2707Y3Z6,70205.15,2025-11-01,Moulded plastic parts,true
06SUIUY3480N6ZO,33GRWLO8497P9ZE,1701516.93,2025-11-02,Crude polymer granules,true
36MYFHN1078R2Z4,32FNBKA6990P7ZQ,181935.82,2025-11-02,Assembled pump units,true
36MYFHN1078R2Z4,32FNBKA6990P7ZQ,173001.84,2025-11-02,Auto spare kits,true
33DRDIN3277R8ZV,32FNBKA6990P7ZQ,561463.69,2025-11-02,Garment lots,false
07KTVJS9657V4ZX,36UUJPD2134K1ZG,303240.31,2025-11-03,Auto spare kits,true
19NYPEV4329L9Z0,36MYFHN1078R2Z4,525468.01,2025-11-04,Bauxite,true
36WFQAG8528A9Z5,19ZFPYI2441K8ZA,830423.95,2025-11-04,Steel coils,true
32JTXAZ6068Y4ZY,07IHIOC8713E8ZN,303291.33,2025-11-04,Moulded plastic parts,true
29NVUAL1821K7ZE,29YGPFN5167M1ZA,103101.00,2025-11-04,Aluminium sheets,true
29GBWZR4282Y6Z3,06TMEUI5957D8ZT,622960.84,2025-11-04,Assembled pump units,true
24LEGQZ0248F6ZJ,19XTXAC5360U3ZZ,668084.42,2025-11-04,Packaged fittings,true
36VDRMO4829X3Z0,29DSORG7805Q7ZD,12285.85,2025-11-05,Raw rubber sheets,true
19UCSSH0140I9ZM,06MOGFE1378X5ZQ,518758.06,2025-11-05,Plywood panels,true
33DRDIN3277R8ZV,32FNBKA6990P7ZQ,597245.86,2025-11-05,Auto spare kits,false
32JRVFD9935D4Z3,07DHLQX8570T4Z7,133509.87,2025-11-05,Garment lots,true
32IMLSE5517H1ZB,06TMEUI5957D8ZT,578547.46,2025-11-05,Assembled pump units,true
33NZNBC3282E6ZC,27JXTFP9055S6Z9,13020.56,2025-11-06,Iron ore,true
33NZNBC3282E6ZC,19DKRMK6116L4ZI,14723.67,2025-11-06,Raw rubber sheets,true
27JXTFP9055S6Z9,09VPWSE5537W2Z0,24320.18,2025-11-06,Steel coils,true
33NZNBC3282E6ZC,19DKRMK6116L4ZI,17730.16,2025-11-07,Crude polymer granules,true
32ZOIZY9544B1ZL,32YKCYT1305Z3ZM,123224.06,2025-11-07,Plywood panels,true
07RMQJW3353W3ZM,19ZFPYI2441K8ZA,305538.75,2025-11-07,Assembled pump units,true
07HSPWQ4695A1ZI,07ABURL9979Q1Z0,1464211.16,2025-11-07,Furniture sets,true
09THKGN0004S7ZJ,07KYWMS0417O4Z8,434477.09,2025-11-07,Returned unsold stock,true
19FWLNA7151E6Z5,19ODCUE4640B8ZZ,452200.21,2025-11-07,Crude polymer granules,true
32CMSLO2200R6Z5,36WFQAG8528A9Z5,170877.28,2025-11-08,Iron ore,true
32KRNME6662U7ZG,06FDZJZ1871X1ZP,511298.89,2025-11-08,Aluminium sheets,true
19NYPEV4329L9Z0,19UCSSH0140I9ZM,832049.08,2025-11-09,Unprocessed timber,true
27ZKLFW2886V7ZL,07OWSPV4756N1ZN,707745.45,2025-11-09,Rubber gaskets,false
19FQVDH2460H4ZO,24XPYIF3293S1ZX,548785.20,2025-11-09,Aluminium sheets,true
07HSPWQ4695A1ZI,06PACMQ7731H2Z6,1451128.34,2025-11-09,Kitchenware cartons,true
19NYPEV4329L9Z0,07KTVJS9657V4ZX,742391.91,2025-11-10,Unprocessed timber,true
33MMSCL6404D5Z9,27AADWX3409U6ZS,178267.51,2025-11-10,Rubber gaskets,true
36LCLXV2521K3ZU,24QJQGQ3620U1Z2,75901.70,2025-11-10,Cotton yarn,true
07WWTVC3072D6Z6,07DHLQX8570T4Z7,141943.41,2025-11-10,Furniture sets,true
32LPQVH9585Z5Z0,07OWSPV4756N1ZN,207533.50,2025-11-10,Garment lots,false
33DKOHF9808I3ZZ,29USNIB2707Y3Z6,108484.77,2025-11-10,Kitchenware cartons,true
06QWIYO2144M6Z6,19YNUSU1543Z9ZL,653849.98,2025-11-10,Assembled pump units,true
33MMSCL6404D5Z9,33GRWLO8497P9ZE,145952.87,2025-11-11,Steel coils,true
09GDUDI3670A5ZE,24BUWJE4861D5ZC,280172.47,2025-11-11,Steel coils,true
24OJGWG9976X2ZB,33GRWLO8497P9ZE,707359.24,2025-11-11,Moulded plastic parts,true
09JOQVF4504B8ZC,36UUJPD2134K1ZG,161916.39,2025-11-11,Garment lots,true
07XBHEJ9668L1Z2,06GPNPX2499U7Z8,249433.97,2025-11-11,Packaged fittings,true
33EGOOS9719X8ZP,32IJUSV5003E7ZI,381779.94,2025-11-11,Unprocessed timber,true
36UHMYC0921B6ZB,19GCSCE8452T4Z7,156673.57,2025-11-12,Iron ore,true
09ICBGQ0685I5ZT,29EOAZQ4256B3ZB,22563.82,2025-11-12,Bauxite,true
33FOOWY4932K5ZW,09ZBWBM8578V6ZU,254200.33,2025-11-12,Packaged fittings,true
27WVWUH1002U7ZN,09UAURV3740O9Z4,998653.31,2025-11-12,Furniture sets,true
07RQSPW5140Z2ZH,09VPWSE5537W2Z0,491112.48,2025-11-13,Rubber gaskets,true
33NIRBJ4576K8ZM,33DRDIN3277R8ZV,21573.24,2025-11-13,Rubber gaskets,true
19FWLNA7151E6Z5,06CXXPI1433H7ZT,795770.61,2025-11-13,Raw cotton bales,true
29HEAIS4524P9Z7,19ORCRZ5136S8ZX,83834.46,2025-11-14,Cotton yarn,false
24LIHCR1961J7Z7,06FDZJZ1871X1ZP,105350.11,2025-11-14,Aluminium sheets,true
36QKUHT3363G8Z1,07DHLQX8570T4Z7,1852365.58,2025-11-14,Auto spare kits,true
29YGPFN5167M1ZA,29DFJDI9306B7ZJ,60040.71,2025-11-14,Auto spare kits,true
36JMBCS5285U5Z4,36BEPHT0000S2ZM,165737.48,2025-11-14,Crude polymer granules,true
32LTYIF5947E9ZG,33NRDCU7320N2Z5,323363.88,2025-11-15,Iron ore,true
36HNWSS6393V2ZK,09IWOVN2020F3ZK,1802526.91,2025-11-15,Crude polymer granules,true
29ZVHMB5624H3ZT,32TBUEX2464C3ZX,1860016.46,2025-11-15,Bauxite,true
06HZHAM9303D1Z2,29QWAAN3943M1ZA,2065681.83,2025-11-15,Crude polymer granules,true
32JTXAZ6068Y4ZY,19AFHVR2881Q4Z4,180922.72,2025-11-15,Moulded plastic parts,true
24OJGWG9976X2ZB,33GRWLO8497P9ZE,626497.13,2025-11-15,Moulded plastic parts,true
36LCLXV2521K3ZU,29USNIB2707Y3Z6,80877.18,2025-11-15,Aluminium sheets,true
32EJXJI9851G6ZJ,32YKCYT1305Z3ZM,4692220.54,2025-11-15,Kitchenware cartons,true
24SORHP9066Z2ZO,24IWPHR7389W2Z5,24996.47,2025-11-16,Plywood panels,true
24XCOGB4723J1Z4,27WAABE0101S7ZY,416765.95,2025-11-16,Packaged fittings,true
29WPVPH3087E4Z8,36VJYBT3192K3ZG,265964.58,2025-11-16,Raw rubber sheets,true
36BOCZB4319K6Z2,24PISLE8831I5ZS,2110995.79,2025-11-17,Crude polymer granules,true
32DPUMB3137F3Z0,06TMEUI5957D8ZT,46518.52,2025-11-17,Cotton yarn,false
36IBYDQ7801O8ZC,24XPYIF3293S1ZX,26374.58,2025-11-17,Steel coils,true
29QWAAN3943M1ZA,07WWTVC3072D6Z6,640574.62,2025-11-17,Moulded plastic parts,true
07WKVKZ7853Z8ZD,32FNBKA6990P7ZQ,18526.40,2025-11-17,Plywood panels,true
24LIHCR1961J7Z7,09JOQVF4504B8ZC,99287.98,2025-11-17,Cotton yarn,true
32LTYIF5947E9ZG,33NRDCU7320N2Z5,313412.31,2025-11-18,Unprocessed timber,true
19NYPEV4329L9Z0,27CPIOO2175D8Z4,1123993.43,2025-11-18,Iron ore,true
32TBUEX2464C3ZX,27SKWQX1255L5ZB,73019.47,2025-11-18,Steel coils,true
36LCLXV2521K3ZU,24QJQGQ3620U1Z2,76190.17,2025-11-18,Cotton yarn,true
33ENOTV3814J8ZG,07HCRNB9139B4ZP,600117.44,2025-11-18,Raw cotton bales,true
19NYPEV4329L9Z0,27ZKLFW2886V7ZL,1575257.94,2025-11-19,Raw cotton bales,true
36LCLXV2521K3ZU,27SKWQX1255L5ZB,55636.86,2025-11-19,Rubber gaskets,true
19DKRMK6116L4ZI,07UPVXB8379E6ZK,76758.36,2025-11-19,Furniture sets,false
19DKRMK6116L4ZI,07UPVXB8379E6ZK,88487.94,2025-11-19,Packaged fittings,true
06TORUY4649H3ZW,32KRNME6662U7ZG,610192.82,2025-11-20,Raw cotton bales,true
07NPOAT6825Y5Z6,36MFZZI1805O9Z6,196404.29,2025-11-20,Cotton yarn,true
33DRDIN3277R8ZV,07FSGBM8265D9ZC,534604.79,2025-11-20,Furniture sets,true
27WVWUH1002U7ZN,29DFJDI9306B7ZJ,592483.71,2025-11-20,Auto spare kits,true
27JGLFA5617I5Z0,32JTXAZ6068Y4ZY,34284.52,2025-11-21,Raw rubber sheets,true
19NYPEV4329L9Z0,19UCSSH0140I9ZM,807376.21,2025-11-21,Crude polymer granules,true
33EGOOS9719X8ZP,09TYOFZ7611E9ZS,1764693.25,2025-11-21,Unprocessed timber,true
32LTYIF5947E9ZG,27WVWUH1002U7ZN,310122.92,2025-11-21,Raw rubber sheets,true
36SGHHT8031T6ZB,27ZKLFW2886V7ZL,23223.71,2025-11-22,Unprocessed timber,true
32OSLJF8100O5ZL,36ETOYM3140L4ZH,23307.15,2025-11-22,Rubber gaskets,true
32TBUEX2464C3ZX,27AJPTA1766T6ZD,76892.73,2025-11-22,Rubber gaskets,true
09TUUXS2191W1Z4,07UPVXB8379E6ZK,129078.35,2025-11-22,Auto spare kits,false
07MUBCR1590Q2ZD,07HCRNB9139B4ZP,3227395.90,2025-11-22,Scrap and offcuts,true
36VJYBT3192K3ZG,24XPYIF3293S1ZX,733693.04,2025-11-22,Furniture sets,true
06HKRKP4434B1ZM,29HEAIS4524P9Z7,455849.18,2025-11-23,Bauxite,true
33ZCOYB3981K1ZV,29HEAIS4524P9Z7,25996.62,2025-11-23,Unprocessed timber,true
32CMSLO2200R6Z5,36HIWMV4627A6ZF,159380.26,2025-11-24,Raw cotton bales,true
33NZNBC3282E6ZC,19DKRMK6116L4ZI,16086.65,2025-11-24,Iron ore,false
36DOAKR6492B1ZA,33DRDIN3277R8ZV,20284.00,2025-11-24,Moulded plastic parts,true
36HIWMV4627A6ZF,29MAUCO5537D8Z3,776650.33,2025-11-24,Steel coils,true
24CPKFI4802U8Z3,09MDSAV0327Y3ZY,134958.13,2025-11-24,Furniture sets,true
36BOCZB4319K6Z2,24PISLE8831I5ZS,2110245.41,2025-11-25,Raw rubber sheets,true
19NYPEV4329L9Z0,07KTVJS9657V4ZX,681412.02,2025-11-25,Iron ore,true
32DPUMB3137F3Z0,29YDUXQ1768F6Z5,39046.07,2025-11-25,Rubber gaskets,true
07HSPWQ4695A1ZI,07ABURL9979Q1Z0,1544845.19,2025-11-25,Garment lots,true
19ILQQI2408P3Z6,27LPMFO3207W6ZE,380000.00,2025-11-25,Packaged fittings,false
36LCLXV2521K3ZU,09IWOVN2020F3ZK,65366.80,2025-11-26,Moulded plastic parts,true
24QSNHV0585V8Z8,09MACAR1889T5Z3,807799.75,2025-11-26,Steel coils,false
24YIDDD6289H3ZT,29LQFOT4019W1ZL,175572.84,2025-11-26,Packaged fittings,true
09ICBGQ0685I5ZT,06CXXPI1433H7ZT,481655.98,2025-11-26,Bauxite,false
19ILQQI2408P3Z6,33MMSCL6404D5Z9,237815.53,2025-11-26,Assembled pump units,false
29SLMYQ2307L6Z5,24XPYIF3293S1ZX,3861952.41,2025-11-27,Aluminium sheets,true
29HEAIS4524P9Z7,24IWPHR7389W2Z5,58908.90,2025-11-27,Moulded plastic parts,true
19UCSSH0140I9ZM,06MOGFE1378X5ZQ,441204.89,2025-11-27,Moulded plastic parts,true
07XBHEJ9668L1Z2,19ZFPYI2441K8ZA,538218.70,2025-11-27,Furniture sets,false
33NRDCU7320N2Z5,29LQFOT4019W1ZL,928069.52,2025-11-28,Cotton yarn,false
27ILOPH5801Q1ZO,06TMEUI5957D8ZT,41107.00,2025-11-28,Plywood panels,true
24TQBMB5563K9ZK,32FNBKA6990P7ZQ,176911.28,2025-11-28,Auto spare kits,false
07HSPWQ4695A1ZI,07ABURL9979Q1Z0,1775296.23,2025-11-28,Auto spare kits,true
32EJXJI9851G6ZJ,09ZBWBM8578V6ZU,66610.05,2025-11-28,Garment lots,true
27JGLFA5617I5Z0,06PIVDW3748J8ZT,680833.49,2025-11-28,Raw cotton bales,true
06PIVDW3748J8ZT,09THKGN0004S7ZJ,117899.09,2025-11-28,Packaged fittings,true
19NYPEV4329L9Z0,06QWIYO2144M6Z6,1272616.10,2025-11-29,Crude polymer granules,true
27TZILH6929G4ZN,29MAUCO5537D8Z3,569175.65,2025-11-29,Steel coils,true
36LCLXV2521K3ZU,33DRDIN3277R8ZV,46192.69,2025-11-29,Cotton yarn,true
36LCLXV2521K3ZU,07RMQJW3353W3ZM,65319.03,2025-11-29,Cotton yarn,false
29ONVRZ3130M6ZL,33DRDIN3277R8ZV,118900.60,2025-11-29,Steel coils,true
36LCLXV2521K3ZU,27SKWQX1255L5ZB,66517.82,2025-11-30,Steel coils,true
36QKUHT3363G8Z1,07IHIOC8713E8ZN,1078950.66,2025-11-30,Furniture sets,true
27HXKTQ5235G4ZA,36UUJPD2134K1ZG,558931.92,2025-11-30,Garment lots,true
07HSPWQ4695A1ZI,32FNBKA6990P7ZQ,961024.43,2025-11-30,Kitchenware cartons,true
24BUWJE4861D5ZC,06GPNPX2499U7Z8,831067.40,2025-12-01,Packaged fittings,true
07HSPWQ4695A1ZI,06XYZCA0026Z5ZI,1829676.73,2025-12-01,Furniture sets,true
24IWPHR7389W2Z5,09ZBWBM8578V6ZU,1820413.00,2025-12-01,Assembled pump units,true
36UHMYC0921B6ZB,09UAURV3740O9Z4,237773.82,2025-12-01,Raw cotton bales,true
19NYPEV4329L9Z0,36MYFHN1078R2Z4,532376.58,2025-12-02,Raw cotton bales,true
36HIWMV4627A6ZF,29MAUCO5537D8Z3,837222.32,2025-12-02,Steel coils,true
24BUWJE4861D5ZC,24XPYIF3293S1ZX,393597.70,2025-12-02,Packaged fittings,true
36MYFHN1078R2Z4,06XLLCH1373K6Z0,221270.39,2025-12-02,Garment lots,true
27ILOPH5801Q1ZO,06TMEUI5957D8ZT,37782.75,2025-12-03,Aluminium sheets,true
19SMNMV3040I7ZD,19CIPWV1049V1ZO,140001.82,2025-12-03,Unprocessed timber,true
36CVMQV4934B6Z0,36LCLXV2521K3ZU,30570.11,2025-12-04,Raw rubber sheets,true
36JMBCS5285U5Z4,27AADWX3409U6ZS,41408.94,2025-12-04,Iron ore,true
29QWAAN3943M1ZA,06VXENK5239T5Z6,397940.57,2025-12-04,Steel coils,false
36LCLXV2521K3ZU,27SKWQX1255L5ZB,61542.85,2025-12-04,Moulded plastic parts,true
33DRDIN3277R8ZV,09MDSAV0327Y3ZY,638210.67,2025-12-04,Auto spare kits,false
27SKWQX1255L5ZB,06TMEUI5957D8ZT,7647100.06,2025-12-04,Packaged fittings,true
33MMSCL6404D5Z9,33GUQQC4750Y8Z5,92623.96,2025-12-05,Moulded plastic parts,true
36HIWMV4627A6ZF,36UUJPD2134K1ZG,695650.98,2025-12-05,Steel coils,true
29HEAIS4524P9Z7,06TMEUI5957D8ZT,67994.44,2025-12-05,Plywood panels,true
27IPCHV6936J3ZF,29DFJDI9306B7ZJ,1902318.14,2025-12-05,Steel coils,true
24SORHP9066Z2ZO,24IWPHR7389W2Z5,28235.10,2025-12-05,Plywood panels,true
24QSNHV0585V8Z8,06QWIYO2144M6Z6,1241937.61,2025-12-05,Cotton yarn,false
24IWPHR7389W2Z5,09ZBWBM8578V6ZU,1440384.34,2025-12-05,Packaged fittings,true
36RVGEN3898U2ZW,06CXXPI1433H7ZT,283741.53,2025-12-05,Raw cotton bales,true
19NYPEV4329L9Z0,07KTVJS9657V4ZX,731799.49,2025-12-06,Raw cotton bales,true
36LCLXV2521K3ZU,24CGIRZ2877Z7ZD,48848.02,2025-12-06,Plywood panels,true
29TPVLE8820A7ZX,09ZBWBM8578V6ZU,451516.25,2025-12-06,Kitchenware cartons,true
07XBHEJ9668L1Z2,06GPNPX2499U7Z8,274638.41,2025-12-06,Assembled pump units,true
29GOJDW2619G6ZM,09THKGN0004S7ZJ,181923.22,2025-12-06,Packaged fittings,true
33ENOTV3814J8ZG,24LEGQZ0248F6ZJ,1960909.86,2025-12-07,Iron ore,false
06UCZBM8689B1ZC,19MIHQQ3170D1ZS,158969.65,2025-12-07,Unprocessed timber,true
29QWAAN3943M1ZA,24PISLE8831I5ZS,584187.99,2025-12-07,Steel coils,false
07XFBLY2148W1ZG,24BUWJE4861D5ZC,187642.09,2025-12-07,Plywood panels,true
27ILOPH5801Q1ZO,06TMEUI5957D8ZT,49208.15,2025-12-07,Cotton yarn,true
07HSPWQ4695A1ZI,06PACMQ7731H2Z6,1692495.00,2025-12-07,Kitchenware cartons,true
32CMSLO2200R6Z5,36BEPHT0000S2ZM,609607.40,2025-12-07,Raw cotton bales,true
33ENOTV3814J8ZG,07LYWHO7356O2Z6,1160047.35,2025-12-08,Iron ore,true
36HNWSS6393V2ZK,24IWPHR7389W2Z5,887570.76,2025-12-08,Unprocessed timber,true
19NYPEV4329L9Z0,27ZKLFW2886V7ZL,1366723.65,2025-12-08,Iron ore,true
33EGOOS9719X8ZP,09TYOFZ7611E9ZS,1748026.72,2025-12-08,Iron ore,true
29HEAIS4524P9Z7,07BSHGZ0028T6Z1,68136.98,2025-12-08,Aluminium sheets,true
06NPUYZ0199O3ZQ,24IWPHR7389W2Z5,115055.31,2025-12-08,Steel coils,true
06WCSBT3786Y8ZK,06XLLCH1373K6Z0,614627.21,2025-12-08,Kitchenware cartons,false
32BTVLO0183D3ZZ,19ZFPYI2441K8ZA,25386.20,2025-12-09,Aluminium sheets,true
33DRDIN3277R8ZV,09MDSAV0327Y3ZY,645535.68,2025-12-09,Kitchenware cartons,true
27MLHJA7771D8ZP,09YKOSO5432W8ZJ,54534.60,2025-12-09,Unprocessed timber,false
36BOCZB4319K6Z2,07HSPWQ4695A1ZI,3995728.57,2025-12-10,Raw cotton bales,true
29QWAAN3943M1ZA,27HXKTQ5235G4ZA,355033.95,2025-12-10,Steel coils,true
19RQFMU3728T6Z2,36UUJPD2134K1ZG,9915.31,2025-12-10,Steel coils,true
33NIRBJ4576K8ZM,33DRDIN3277R8ZV,19401.46,2025-12-10,Cotton yarn,true
06CXXPI1433H7ZT,09ZBWBM8578V6ZU,284798.87,2025-12-10,Auto spare kits,true
24TPTFH7609E1Z9,07VZKFB6019K1ZT,1299068.57,2025-12-11,Raw rubber sheets,true
06SUIUY3480N6ZO,33GRWLO8497P9ZE,1823483.91,2025-12-11,Crude polymer granules,true
32KRNME6662U7ZG,07LYWHO7356O2Z6,930066.39,2025-12-11,Steel coils,true
19CMQIT5183T9ZU,29YDUXQ1768F6Z5,140111.49,2025-12-11,Plywood panels,false
07MUBCR1590Q2ZD,32FNBKA6990P7ZQ,768721.09,2025-12-11,Assembled pump units,true
06SUIUY3480N6ZO,33GRWLO8497P9ZE,2163877.50,2025-12-12,Raw cotton bales,true
07NPOAT6825Y5Z6,33DRDIN3277R8ZV,285051.77,2025-12-12,Steel coils,true
27OVEWI9795R9Z8,27AJPTA1766T6ZD,122309.15,2025-12-12,Cotton yarn,true
07HSPWQ4695A1ZI,06PACMQ7731H2Z6,1934849.75,2025-12-12,Packaged fittings,true
24OJGWG9976X2ZB,33GRWLO8497P9ZE,699963.86,2025-12-13,Plywood panels,false
36LCLXV2521K3ZU,29USNIB2707Y3Z6,72622.24,2025-12-13,Moulded plastic parts,true
24BUWJE4861D5ZC,06GPNPX2499U7Z8,1023896.21,2025-12-13,Packaged fittings,true
07XBHEJ9668L1Z2,06GPNPX2499U7Z8,258229.31,2025-12-13,Auto spare kits,true
24TQBMB5563K9ZK,06GPNPX2499U7Z8,181933.20,2025-12-13,Kitchenware cartons,false
27WVWUH1002U7ZN,19ZFPYI2441K8ZA,515036.41,2025-12-13,Auto spare kits,false
36DOAKR6492B1ZA,33DRDIN3277R8ZV,17896.78,2025-12-14,Cotton yarn,true
07NPOAT6825Y5Z6,09CNWXM9348C8ZL,206959.70,2025-12-14,Cotton yarn,true
24XPYIF3293S1ZX,24XCOGB4723J1Z4,162481.64,2025-12-14,Warranty replacement units,true
29WPVPH3087E4Z8,07HCRNB9139B4ZP,251185.81,2025-12-14,Iron ore,true
07HCRNB9139B4ZP,33JUGCQ0243X7ZK,673352.98,2025-12-14,Furniture sets,true
36VJYBT3192K3ZG,06PIVDW3748J8ZT,684001.91,2025-12-14,Returned unsold stock,true
29HEAIS4524P9Z7,24IWPHR7389W2Z5,50489.51,2025-12-15,Plywood panels,true
32BTVLO0183D3ZZ,19ZFPYI2441K8ZA,28782.55,2025-12-15,Plywood panels,true
36LCLXV2521K3ZU,09IWOVN2020F3ZK,67721.75,2025-12-15,Plywood panels,true
29HNSJS2359P1ZA,06MOGFE1378X5ZQ,267795.26,2025-12-15,Kitchenware cartons,true
06OUYEO4807S2ZY,24QJQGQ3620U1Z2,45941.29,2025-12-16,Plywood panels,true
24IWPHR7389W2Z5,27KNVLF9413B7ZQ,1012959.21,2025-12-16,Assembled pump units,true
24IWPHR7389W2Z5,09ZBWBM8578V6ZU,1621018.86,2025-12-16,Furniture sets,true
09XRXZF7343R2ZD,32IMLSE5517H1ZB,237388.32,2025-12-16,Crude polymer granules,true
33ENOTV3814J8ZG,06OUYEO4807S2ZY,1029203.30,2025-12-17,Unprocessed timber,true
36VDRMO4829X3Z0,32OSLJF8100O5ZL,12722.56,2025-12-17,Iron ore,true
29HEAIS4524P9Z7,29GOJDW2619G6ZM,37041.83,2025-12-17,Rubber gaskets,false
32LPQVH9585Z5Z0,19ZFPYI2441K8ZA,341687.57,2025-12-17,Kitchenware cartons,true
32LTYIF5947E9ZG,33NRDCU7320N2Z5,355706.32,2025-12-18,Bauxite,true
33NZNBC3282E6ZC,19DKRMK6116L4ZI,14975.46,2025-12-18,Bauxite,true
32JTXAZ6068Y4ZY,24BUWJE4861D5ZC,252453.35,2025-12-18,Plywood panels,true
33DRDIN3277R8ZV,07FSGBM8265D9ZC,446176.41,2025-12-18,Kitchenware cartons,true
32DPUMB3137F3Z0,19AFHVR2881Q4Z4,28972.16,2025-12-19,Aluminium sheets,true
36DOAKR6492B1ZA,29GLIVA3486Y3ZR,21185.97,2025-12-19,Aluminium sheets,true
33MMSCL6404D5Z9,06XYZCA0026Z5ZI,199925.40,2025-12-19,Steel coils,true
33ENOTV3814J8ZG,06OUYEO4807S2ZY,1098739.12,2025-12-20,Raw cotton bales,true
09ICBGQ0685I5ZT,24EWMJL6724F1ZM,13783.06,2025-12-21,Raw rubber sheets,true
32JTXAZ6068Y4ZY,19DKRMK6116L4ZI,214829.35,2025-12-21,Cotton yarn,true
32AQGJY0057D6ZV,32DPUMB3137F3Z0,297989.54,2025-12-22,Raw rubber sheets,true
29HEAIS4524P9Z7,19YTTQI9334D1Z5,67551.50,2025-12-22,Cotton yarn,true
19DKRMK6116L4ZI,07UPVXB8379E6ZK,88319.91,2025-12-22,Auto spare kits,true
07KTVJS9657V4ZX,07KYWMS0417O4Z8,253582.54,2025-12-22,Garment lots,true
24IWPHR7389W2Z5,07BSHGZ0028T6Z1,828762.37,2025-12-22,Auto spare kits,true
36HIWMV4627A6ZF,29MAUCO5537D8Z3,775574.02,2025-12-23,Cotton yarn,true
36AMNXO1723D1ZL,07DHLQX8570T4Z7,306572.04,2025-12-23,Furniture sets,true
07HSPWQ4695A1ZI,06XYZCA0026Z5ZI,1894720.61,2025-12-23,Packaged fittings,true
27EJNER1948V4ZB,09MDSAV0327Y3ZY,227865.91,2025-12-23,Packaged fittings,true
32CMSLO2200R6Z5,36HIWMV4627A6ZF,133824.67,2025-12-24,Crude polymer granules,true
06TORUY4649H3ZW,32KRNME6662U7ZG,605023.91,2025-12-24,Iron ore,true
07NPOAT6825Y5Z6,09CNWXM9348C8ZL,239419.41,2025-12-24,Steel coils,true
24DANYR9176S8Z7,36ETOYM3140L4ZH,1128773.84,2025-12-24,Rubber gaskets,true
24BUWJE4861D5ZC,24XPYIF3293S1ZX,465007.71,2025-12-25,Kitchenware cartons,true
09YKOSO5432W8ZJ,24ADBPZ9331Y7Z1,123922.35,2025-12-25,Packaged fittings,true
36VJYBT3192K3ZG,06TMEUI5957D8ZT,426865.90,2025-12-25,Garment lots,true
32DPUMB3137F3Z0,19ORCRZ5136S8ZX,26886.51,2025-12-26,Steel coils,true
27ZKLFW2886V7ZL,07LYWHO7356O2Z6,405768.48,2025-12-26,Steel coils,false
33DRDIN3277R8ZV,09MDSAV0327Y3ZY,638392.06,2025-12-26,Garment lots,false
19NYPEV4329L9Z0,07KTVJS9657V4ZX,735922.92,2025-12-27,Crude polymer granules,true
07HSPWQ4695A1ZI,06TMEUI5957D8ZT,1033837.52,2025-12-27,Kitchenware cartons,true
24YIDDD6289H3ZT,07DHLQX8570T4Z7,130873.26,2025-12-28,Furniture sets,true
24CGIRZ2877Z7ZD,06GPNPX2499U7Z8,9950.82,2025-12-28,Packaged fittings,true
06PIVDW3748J8ZT,27KNVLF9413B7ZQ,581889.80,2025-12-28,Packaged fittings,true
19MIHQQ3170D1ZS,09THKGN0004S7ZJ,29994.59,2025-12-29,Aluminium sheets,true
19NYPEV4329L9Z0,19UCSSH0140I9ZM,831756.14,2025-12-30,Raw rubber sheets,true
19NYPEV4329L9Z0,36MYFHN1078R2Z4,574734.61,2025-12-30,Unprocessed timber,true
33NZNBC3282E6ZC,33NIRBJ4576K8ZM,17434.93,2025-12-30,Bauxite,true
29GBWZR4282Y6Z3,07DHLQX8570T4Z7,625381.15,2025-12-30,Furniture sets,true
33DKOHF9808I3ZZ,29DFJDI9306B7ZJ,129576.24,2025-12-30,Assembled pump units,true
19NYPEV4329L9Z0,06QWIYO2144M6Z6,1320309.91,2025-12-31,Raw cotton bales,true
36UHMYC0921B6ZB,24HGRZG4980H6ZH,166541.68,2025-12-31,Bauxite,true
19MIHQQ3170D1ZS,06CFKGF8704V3ZL,49138.89,2025-12-31,Moulded plastic parts,true
27JSEGL9722A2ZS,09CNWXM9348C8ZL,53355.09,2025-12-31,Plywood panels,true
24LIHCR1961J7Z7,09JOQVF4504B8ZC,102115.48,2025-12-31,Rubber gaskets,true
09IWOVN2020F3ZK,06YQSZA9310B9ZO,677638.93,2025-12-31,Kitchenware cartons,true
06SUIUY3480N6ZO,09UAURV3740O9Z4,212558.71,2025-12-31,Unprocessed timber,false
06TORUY4649H3ZW,19ODCUE4640B8ZZ,160250.78,2025-12-31,Raw cotton bales,true
06UCZBM8689B1ZC,33YGMLY4610W6ZS,129417.24,2026-01-01,Bauxite,true
33DRDIN3277R8ZV,32FNBKA6990P7ZQ,578539.64,2026-01-01,Assembled pump units,true
07MUBCR1590Q2ZD,07DHLQX8570T4Z7,231648.08,2026-01-01,Assembled pump units,true
36VJYBT3192K3ZG,09VPWSE5537W2Z0,351160.38,2026-01-01,Assembled pump units,false
29HNSJS2359P1ZA,24ADBPZ9331Y7Z1,614334.04,2026-01-01,Garment lots,true
19SMNMV3040I7ZD,36MYFHN1078R2Z4,217852.46,2026-01-02,Raw rubber sheets,false
36GZLVK4903C3ZJ,36GDMFJ3180O4ZC,537769.69,2026-01-02,Unprocessed timber,false
27YRPVR6146L5ZI,32IJUSV5003E7ZI,341693.88,2026-01-02,Crude polymer granules,true
27YRPVR6146L5ZI,32ZOIZY9544B1ZL,64559.96,2026-01-03,Raw cotton bales,true
33ZCOYB3981K1ZV,29HEAIS4524P9Z7,20924.44,2026-01-03,Raw rubber sheets,true
09GDUDI3670A5ZE,09MDSAV0327Y3ZY,190733.79,2026-01-03,Moulded plastic parts,true
29ONVRZ3130M6ZL,33DRDIN3277R8ZV,115322.07,2026-01-03,Cotton yarn,true
36HNWSS6393V2ZK,09UAURV3740O9Z4,487602.14,2026-01-03,Bauxite,false
36UHMYC0921B6ZB,19GCSCE8452T4Z7,139903.12,2026-01-04,Bauxite,true
19FWLNA7151E6Z5,32JTXAZ6068Y4ZY,1091740.59,2026-01-04,Unprocessed timber,true
33ZCOYB3981K1ZV,29HEAIS4524P9Z7,25729.77,2026-01-04,Unprocessed timber,true
19MIHQQ3170D1ZS,24ADBPZ9331Y7Z1,43109.29,2026-01-04,Moulded plastic parts,true
19QGJES9032L6ZO,07HSPWQ4695A1ZI,577716.03,2026-01-04,Moulded plastic parts,true
33DRDIN3277R8ZV,09MDSAV0327Y3ZY,525845.05,2026-01-04,Furniture sets,true
33DCFQP7960U6Z9,29SLMYQ2307L6Z5,479792.87,2026-01-05,Crude polymer granules,true
29SLMYQ2307L6Z5,09MACAR1889T5Z3,1484165.93,2026-01-05,Moulded plastic parts,true
07VZKFB6019K1ZT,06ZYUMR8310X1ZI,820938.65,2026-01-05,Plywood panels,true
32KRNME6662U7ZG,09ZBWBM8578V6ZU,638860.06,2026-01-05,Plywood panels,true
06OUYEO4807S2ZY,33DRDIN3277R8ZV,108761.80,2026-01-05,Aluminium sheets,true
33GRWLO8497P9ZE,09THKGN0004S7ZJ,837513.11,2026-01-05,Kitchenware cartons,true
27ZKLFW2886V7ZL,27CDMPY3420P3ZO,801423.74,2026-01-06,Plywood panels,true
36VJYBT3192K3ZG,07DHLQX8570T4Z7,666803.33,2026-01-06,Kitchenware cartons,true
29HNSJS2359P1ZA,07KYWMS0417O4Z8,239290.34,2026-01-06,Auto spare kits,true
32LTYIF5947E9ZG,36LCLXV2521K3ZU,239142.06,2026-01-07,Bauxite,true
19NYPEV4329L9Z0,19UCSSH0140I9ZM,801595.26,2026-01-07,Bauxite,true
33DCFQP7960U6Z9,27AVHXG6804R4Z7,737660.42,2026-01-07,Bauxite,true
19MIHQQ3170D1ZS,24ADBPZ9331Y7Z1,42588.85,2026-01-07,Plywood panels,true
09TYOFZ7611E9ZS,06ZYUMR8310X1ZI,812843.90,2026-01-07,Steel coils,false
07NPOAT6825Y5Z6,33DRDIN3277R8ZV,228418.28,2026-01-07,Aluminium sheets,true
33NRDCU7320N2Z5,29LQFOT4019W1ZL,850156.16,2026-01-07,Rubber gaskets,true
06HKRKP4434B1ZM,29HEAIS4524P9Z7,446212.36,2026-01-08,Unprocessed timber,true
06HKRKP4434B1ZM,19AFHVR2881Q4Z4,341341.09,2026-01-08,Raw cotton bales,true
19MIHQQ3170D1ZS,06QWIYO2144M6Z6,29750.26,2026-01-08,Steel coils,true
07LYWHO7356O2Z6,09VPWSE5537W2Z0,1077544.50,2026-01-08,Packaged fittings,true
36JMBCS5285U5Z4,24IWPHR7389W2Z5,26563.43,2026-01-09,Iron ore,true
33ZCOYB3981K1ZV,36GDMFJ3180O4ZC,28266.34,2026-01-09,Iron ore,true
19GCSCE8452T4Z7,29LQFOT4019W1ZL,314131.61,2026-01-09,Rubber gaskets,true
19CMQIT5183T9ZU,33LZEGM8299Z8ZJ,158754.38,2026-01-09,Moulded plastic parts,true
09TUUXS2191W1Z4,32FNBKA6990P7ZQ,120976.46,2026-01-09,Garment lots,true
33XJXTK6255H1ZG,09JTCDQ6252P6Z4,275884.27,2026-01-09,Raw rubber sheets,true
29HNSJS2359P1ZA,06GPNPX2499U7Z8,355275.63,2026-01-09,Auto spare kits,true
36WGNVQ2730W3ZZ,24DANYR9176S8Z7,41791.52,2026-01-09,Trading goods - assorted,false
33EOHXD6723F6ZQ,32KRNME6662U7ZG,632645.35,2026-01-10,Iron ore,true
06UCZBM8689B1ZC,19MIHQQ3170D1ZS,180953.99,2026-01-10,Unprocessed timber,true
32DPUMB3137F3Z0,32MCPVJ0931T3ZJ,53684.63,2026-01-10,Cotton yarn,true
19MIHQQ3170D1ZS,09IWOVN2020F3ZK,56799.68,2026-01-10,Plywood panels,false
32BTVLO0183D3ZZ,19ZFPYI2441K8ZA,29295.33,2026-01-10,Steel coils,true
33EGOOS9719X8ZP,27WVWUH1002U7ZN,847183.71,2026-01-10,Crude polymer granules,true
33NZNBC3282E6ZC,33NIRBJ4576K8ZM,18221.09,2026-01-11,Bauxite,false
09TYOFZ7611E9ZS,27CDMPY3420P3ZO,1227678.33,2026-01-11,Aluminium sheets,true
36HIWMV4627A6ZF,36UUJPD2134K1ZG,544783.56,2026-01-11,Moulded plastic parts,true
24WXKFC0232Q6ZN,32EJXJI9851G6ZJ,413609.91,2026-01-11,Plywood panels,true
24YIDDD6289H3ZT,07DHLQX8570T4Z7,129956.45,2026-01-11,Garment lots,true
07HSPWQ4695A1ZI,06TMEUI5957D8ZT,1069788.44,2026-01-11,Assembled pump units,true
07HSPWQ4695A1ZI,06TMEUI5957D8ZT,1051359.66,2026-01-11,Packaged fittings,true
06WCSBT3786Y8ZK,07MUBCR1590Q2ZD,1852788.43,2026-01-11,Recovered packaging material,false
19NYPEV4329L9Z0,19UCSSH0140I9ZM,845961.05,2026-01-12,Crude polymer granules,true
32KOMDV4565M8ZD,07ABURL9979Q1Z0,184378.74,2026-01-12,Cotton yarn,false
36GZLVK4903C3ZJ,19ILQQI2408P3Z6,490262.32,2026-01-12,Raw rubber sheets,true
32LTYIF5947E9ZG,33NRDCU7320N2Z5,335082.63,2026-01-13,Unprocessed timber,false
19NYPEV4329L9Z0,07KTVJS9657V4ZX,669160.08,2026-01-13,Raw cotton bales,true
33MMSCL6404D5Z9,06XYZCA0026Z5ZI,177068.62,2026-01-13,Plywood panels,true
24LIHCR1961J7Z7,36AMNXO1723D1ZL,67669.98,2026-01-13,Aluminium sheets,true
27AJPTA1766T6ZD,06TMEUI5957D8ZT,366845.69,2026-01-13,Kitchenware cartons,true
27YRPVR6146L5ZI,07NPOAT6825Y5Z6,78827.15,2026-01-14,Bauxite,true
36GZLVK4903C3ZJ,24DANYR9176S8Z7,318092.85,2026-01-14,Iron ore,false
29HEAIS4524P9Z7,19YTTQI9334D1Z5,83570.51,2026-01-14,Moulded plastic parts,true
24SORHP9066Z2ZO,24IWPHR7389W2Z5,26143.43,2026-01-14,Moulded plastic parts,true
32KOMDV4565M8ZD,07ABURL9979Q1Z0,189392.59,2026-01-14,Aluminium sheets,true
24BUWJE4861D5ZC,06GPNPX2499U7Z8,816850.48,2026-01-14,Kitchenware cartons,true
33DRDIN3277R8ZV,29USNIB2707Y3Z6,228093.35,2026-01-14,Furniture sets,true
33ENOTV3814J8ZG,07LYWHO7356O2Z6,1199627.46,2026-01-15,Raw rubber sheets,false
36HNWSS6393V2ZK,09IWOVN2020F3ZK,1793836.72,2026-01-15,Crude polymer granules,true
33NZNBC3282E6ZC,33NIRBJ4576K8ZM,17748.32,2026-01-15,Iron ore,true
32KRNME6662U7ZG,07LYWHO7356O2Z6,744258.99,2026-01-15,Rubber gaskets,true
06UCZBM8689B1ZC,32LPQVH9585Z5Z0,106416.43,2026-01-16,Crude polymer granules,true
09ICBGQ0685I5ZT,29HEAIS4524P9Z7,21341.62,2026-01-16,Iron ore,true
29ONVRZ3130M6ZL,33GUQQC4750Y8Z5,105827.72,2026-01-16,Moulded plastic parts,true
27HXKTQ5235G4ZA,06GPNPX2499U7Z8,451331.98,2026-01-16,Furniture sets,true
06ENRLT9528T9Z3,06XYZCA0026Z5ZI,79836.57,2026-01-16,Furniture sets,true
19WSEJA6123K9ZZ,36ETOYM3140L4ZH,846334.61,2026-01-17,Unprocessed timber,true
33MDFOF7954Z9ZL,27SKWQX1255L5ZB,810438.37,2026-01-17,Iron ore,true
29YGPFN5167M1ZA,09THKGN0004S7ZJ,52269.42,2026-01-17,Furniture sets,true
36AOZCX8818C4Z4,06YQSZA9310B9ZO,127933.59,2026-01-17,Packaged fittings,true
32LPQVH9585Z5Z0,33JUGCQ0243X7ZK,143963.23,2026-01-17,Kitchenware cartons,true
19MIHQQ3170D1ZS,09THKGN0004S7ZJ,29581.93,2026-01-18,Plywood panels,true
27JSEGL9722A2ZS,09CNWXM9348C8ZL,54140.46,2026-01-18,Aluminium sheets,true
07MUBCR1590Q2ZD,07HCRNB9139B4ZP,1834203.89,2026-01-18,Scrap and offcuts,true
19WSEJA6123K9ZZ,29TPVLE8820A7ZX,1196759.69,2026-01-19,Unprocessed timber,true
33NZNBC3282E6ZC,33NIRBJ4576K8ZM,16522.46,2026-01-19,Iron ore,true
29SLMYQ2307L6Z5,32FNBKA6990P7ZQ,1789105.14,2026-01-19,Steel coils,true
29HEAIS4524P9Z7,06TMEUI5957D8ZT,56305.65,2026-01-19,Cotton yarn,true
27CDMPY3420P3ZO,33JUGCQ0243X7ZK,3269952.99,2026-01-19,Garment lots,true
36BOCZB4319K6Z2,19ODCUE4640B8ZZ,427335.47,2026-01-19,Iron ore,true
19ODCUE4640B8ZZ,06GPNPX2499U7Z8,363658.00,2026-01-19,Garment lots,false
33ENOTV3814J8ZG,24LEGQZ0248F6ZJ,1585211.92,2026-01-20,Unprocessed timber,true
36VDRMO4829X3Z0,29HEAIS4524P9Z7,8995.84,2026-01-20,Unprocessed timber,true
19GCSCE8452T4Z7,06TMEUI5957D8ZT,177278.33,2026-01-20,Aluminium sheets,true
27JSEGL9722A2ZS,27CDMPY3420P3ZO,55222.50,2026-01-20,Rubber gaskets,true
24GWHPF1178Z2ZP,06QCBYQ6201T5Z8,115465.21,2026-01-20,Plywood panels,true
32OSLJF8100O5ZL,07XBHEJ9668L1Z2,22589.80,2026-01-20,Rubber gaskets,false
24SORHP9066Z2ZO,24IWPHR7389W2Z5,28554.05,2026-01-20,Aluminium sheets,true
06TORUY4649H3ZW,07RMQJW3353W3ZM,441619.00,2026-01-21,Crude polymer granules,true
19NYPEV4329L9Z0,07KTVJS9657V4ZX,683687.58,2026-01-21,Iron ore,true
29QWAAN3943M1ZA,27HXKTQ5235G4ZA,346636.70,2026-01-21,Rubber gaskets,true
27IMDLL8847V8ZS,07HCRNB9139B4ZP,123112.00,2026-01-21,Unprocessed timber,true
33ENOTV3814J8ZG,36AOZCX8818C4Z4,1471267.95,2026-01-22,Iron ore,false
36HNWSS6393V2ZK,06VXENK5239T5Z6,1682142.69,2026-01-22,Crude polymer granules,true
09ICBGQ0685I5ZT,36DOAKR6492B1ZA,9808.73,2026-01-22,Iron ore,true
29TIWPY0487R5ZH,24BUWJE4861D5ZC,92260.67,2026-01-22,Cotton yarn,true
24SORHP9066Z2ZO,24QJQGQ3620U1Z2,28097.93,2026-01-22,Cotton yarn,true
07HCRNB9139B4ZP,27EJNER1948V4ZB,3090411.66,2026-01-22,Auto spare kits,false
36VJYBT3192K3ZG,06MOGFE1378X5ZQ,622748.35,2026-01-22,Assembled pump units,false
36BEPHT0000S2ZM,09MDSAV0327Y3ZY,153282.21,2026-01-22,Auto spare kits,false
33MMSCL6404D5Z9,24XPYIF3293S1ZX,74776.88,2026-01-23,Plywood panels,true
24BUWJE4861D5ZC,06GPNPX2499U7Z8,812592.42,2026-01-23,Kitchenware cartons,true
36WGNVQ2730W3ZZ,36LSELK1732T5ZX,95225.34,2026-01-23,Auto spare kits,true
29HDPWO6467E4ZJ,27OVEWI9795R9Z8,443673.05,2026-01-24,Bauxite,true
36WGNVQ2730W3ZZ,29GLIVA3486Y3ZR,70000.00,2026-01-24,Auto spare kits,true
29ONVRZ3130M6ZL,33DRDIN3277R8ZV,125664.15,2026-01-25,Rubber gaskets,true
27ILOPH5801Q1ZO,06TMEUI5957D8ZT,43582.01,2026-01-25,Aluminium sheets,true
09XRXZF7343R2ZD,36VJYBT3192K3ZG,657816.00,2026-01-25,Iron ore,true
29HEAIS4524P9Z7,29GOJDW2619G6ZM,43128.15,2026-01-26,Plywood panels,true
29YGPFN5167M1ZA,29DFJDI9306B7ZJ,68803.06,2026-01-26,Packaged fittings,true
27HXKTQ5235G4ZA,06GPNPX2499U7Z8,440203.81,2026-01-26,Garment lots,true
07HSPWQ4695A1ZI,06TMEUI5957D8ZT,1260658.87,2026-01-26,Auto spare kits,true
06PIVDW3748J8ZT,27WAABE0101S7ZY,628861.74,2026-01-26,Kitchenware cartons,true
24SORHP9066Z2ZO,33GUQQC4750Y8Z5,23107.65,2026-01-27,Cotton yarn,true
19YTTQI9334D1Z5,07OWSPV4756N1ZN,928826.56,2026-01-27,Kitchenware cartons,true
29GLIVA3486Y3ZR,29MAUCO5537D8Z3,202502.65,2026-01-27,Packaged fittings,true
33ENOTV3814J8ZG,07LYWHO7356O2Z6,1264865.32,2026-01-28,Iron ore,true
32AQGJY0057D6ZV,07HSPWQ4695A1ZI,252361.10,2026-01-28,Iron ore,false
33MMSCL6404D5Z9,33GRWLO8497P9ZE,129997.71,2026-01-28,Rubber gaskets,true
19MIHQQ3170D1ZS,09IWOVN2020F3ZK,59978.55,2026-01-28,Plywood panels,true
32KOMDV4565M8ZD,29LQFOT4019W1ZL,152438.20,2026-01-28,Rubber gaskets,true
09JOQVF4504B8ZC,19YNUSU1543Z9ZL,103946.32,2026-01-28,Auto spare kits,false
32LTYIF5947E9ZG,33NRDCU7320N2Z5,321684.46,2026-01-29,Unprocessed timber,true
33MMSCL6404D5Z9,33GUQQC4750Y8Z5,82270.85,2026-01-29,Moulded plastic parts,true
19MIHQQ3170D1ZS,06QWIYO2144M6Z6,28540.24,2026-01-29,Aluminium sheets,true
29HEAIS4524P9Z7,19YTTQI9334D1Z5,79073.65,2026-01-29,Rubber gaskets,true
36AOZCX8818C4Z4,07OWSPV4756N1ZN,199014.42,2026-01-29,Garment lots,true
33DRDIN3277R8ZV,29LQFOT4019W1ZL,373368.00,2026-01-29,Furniture sets,true
24CPKFI4802U8Z3,09MDSAV0327Y3ZY,121070.39,2026-01-29,Furniture sets,true
24XCOGB4723J1Z4,07OWSPV4756N1ZN,435769.24,2026-01-29,Packaged fittings,true
07HCRNB9139B4ZP,06GPNPX2499U7Z8,135618.84,2026-01-29,Auto spare kits,true
06PIVDW3748J8ZT,06TMEUI5957D8ZT,390297.15,2026-01-29,Packaged fittings,true
19QAOYF9022E9Z3,29OZSVL9371R7ZY,2008100.83,2026-01-30,Bauxite,true
32JTXAZ6068Y4ZY,24BUWJE4861D5ZC,239635.54,2026-01-30,Aluminium sheets,true
06OUYEO4807S2ZY,24QJQGQ3620U1Z2,44577.47,2026-01-30,Cotton yarn,true
24TQBMB5563K9ZK,06YQSZA9310B9ZO,328793.84,2026-01-30,Furniture sets,true
36MGSXI2233Q3ZO,06GPNPX2499U7Z8,253610.39,2026-01-30,Auto spare kits,true
07HCRNB9139B4ZP,06XLLCH1373K6Z0,529463.09,2026-01-30,Furniture sets,true
32IJUSV5003E7ZI,36BEPHT0000S2ZM,739444.62,2026-01-30,Scrap and offcuts,true
33NZNBC3282E6ZC,33NIRBJ4576K8ZM,16246.20,2026-01-31,Unprocessed timber,true
19MIHQQ3170D1ZS,06CFKGF8704V3ZL,50427.49,2026-01-31,Plywood panels,true
19MIHQQ3170D1ZS,06CFKGF8704V3ZL,46155.12,2026-01-31,Aluminium sheets,true
32KRNME6662U7ZG,06FDZJZ1871X1ZP,543038.43,2026-01-31,Aluminium sheets,true
32KOMDV4565M8ZD,29LQFOT4019W1ZL,185113.07,2026-01-31,Aluminium sheets,true
06OUYEO4807S2ZY,33DRDIN3277R8ZV,93163.38,2026-01-31,Moulded plastic parts,true
33DRDIN3277R8ZV,29LQFOT4019W1ZL,379083.06,2026-01-31,Kitchenware cartons,true
29HDPWO6467E4ZJ,06WCSBT3786Y8ZK,618960.00,2026-01-31,Raw cotton bales,true
33EOHXD6723F6ZQ,32KRNME6662U7ZG,602169.60,2026-02-01,Raw cotton bales,true
07JUHCS8296Y9Z9,27CDMPY3420P3ZO,253180.66,2026-02-01,Bauxite,true
36VDRMO4829X3Z0,27JSEGL9722A2ZS,18001.01,2026-02-01,Raw cotton bales,true
29HEAIS4524P9Z7,24IWPHR7389W2Z5,60253.29,2026-02-01,Cotton yarn,true
06CFKGF8704V3ZL,06TMEUI5957D8ZT,66960.11,2026-02-01,Garment lots,false
24YIDDD6289H3ZT,07ABURL9979Q1Z0,87833.43,2026-02-01,Auto spare kits,true
32LPQVH9585Z5Z0,19YNUSU1543Z9ZL,145239.61,2026-02-01,Furniture sets,true
36MGSXI2233Q3ZO,06GPNPX2499U7Z8,311049.84,2026-02-01,Assembled pump units,true
33ZCOYB3981K1ZV,07MUBCR1590Q2ZD,851331.82,2026-02-01,Raw cotton bales,true
06TORUY4649H3ZW,32KRNME6662U7ZG,634312.10,2026-02-02,Raw cotton bales,true
19SMNMV3040I7ZD,36MGSXI2233Q3ZO,205266.12,2026-02-02,Bauxite,true
07NPOAT6825Y5Z6,33DRDIN3277R8ZV,271184.96,2026-02-02,Cotton yarn,true
07WWTVC3072D6Z6,24XPYIF3293S1ZX,107649.07,2026-02-02,Assembled pump units,true
07MUBCR1590Q2ZD,07ABURL9979Q1Z0,367319.42,2026-02-02,Auto spare kits,false
32DPUMB3137F3Z0,32MCPVJ0931T3ZJ,48829.67,2026-02-03,Moulded plastic parts,true
36IBYDQ7801O8ZC,06YQSZA9310B9ZO,35419.67,2026-02-03,Cotton yarn,true
19RQFMU3728T6Z2,07ABURL9979Q1Z0,27326.42,2026-02-03,Cotton yarn,true
29TPVLE8820A7ZX,06YQSZA9310B9ZO,443250.98,2026-02-03,Auto spare kits,true
09JOQVF4504B8ZC,07ABURL9979Q1Z0,71072.23,2026-02-03,Auto spare kits,true
27WVWUH1002U7ZN,07DHLQX8570T4Z7,409416.22,2026-02-03,Packaged fittings,true
36HNWSS6393V2ZK,24IWPHR7389W2Z5,1001354.81,2026-02-04,Bauxite,false
36ILBRA0487B8ZC,07NPOAT6825Y5Z6,329890.49,2026-02-04,Bauxite,true
24GWHPF1178Z2ZP,06QCBYQ6201T5Z8,100999.43,2026-02-04,Moulded plastic parts,true
33ENOTV3814J8ZG,27EJNER1948V4ZB,294114.46,2026-02-04,Raw cotton bales,true
36VDRMO4829X3Z0,24CGIRZ2877Z7ZD,18336.16,2026-02-05,Unprocessed timber,true
33MMSCL6404D5Z9,24XPYIF3293S1ZX,76727.89,2026-02-05,Moulded plastic parts,true
19MIHQQ3170D1ZS,24ADBPZ9331Y7Z1,37869.30,2026-02-05,Plywood panels,true
36LSELK1732T5ZX,07JDIYG5643H5ZA,819207.91,2026-02-05,Cotton yarn,true
33NIRBJ4576K8ZM,36UUJPD2134K1ZG,17028.62,2026-02-05,Aluminium sheets,true
07WWTVC3072D6Z6,36UUJPD2134K1ZG,302340.27,2026-02-05,Packaged fittings,true
29QWAAN3943M1ZA,36QKUHT3363G8Z1,395569.53,2026-02-06,Moulded plastic parts,true
27AJPTA1766T6ZD,06TMEUI5957D8ZT,356622.20,2026-02-06,Furniture sets,true
09EYIVN1895O1ZO,19ZFPYI2441K8ZA,279289.38,2026-02-06,Garment lots,true
09TUUXS2191W1Z4,19YNUSU1543Z9ZL,101968.92,2026-02-06,Furniture sets,true
27YOFNE4012A3ZM,36BEPHT0000S2ZM,708783.83,2026-02-06,Raw rubber sheets,true
09ICBGQ0685I5ZT,24KMIVJ8686V9ZO,22690.43,2026-02-07,Iron ore,true
36IBYDQ7801O8ZC,24XPYIF3293S1ZX,34581.07,2026-02-07,Plywood panels,true
33DRDIN3277R8ZV,19YNUSU1543Z9ZL,579255.65,2026-02-07,Furniture sets,true
09LRSNL8397M2ZC,06MOGFE1378X5ZQ,1749398.71,2026-02-07,Furniture sets,true
09MACAR1889T5Z3,32FNBKA6990P7ZQ,621825.32,2026-02-07,Assembled pump units,true
06XLLCH1373K6Z0,06MOGFE1378X5ZQ,82073.40,2026-02-07,Inter-branch stock transfer,true
36WGNVQ2730W3ZZ,29NVUAL1821K7ZE,69311.55,2026-02-07,Packaged fittings,false
33ENOTV3814J8ZG,24LEGQZ0248F6ZJ,1972329.22,2026-02-08,Raw cotton bales,true
36ILBRA0487B8ZC,24KMIVJ8686V9ZO,574795.27,2026-02-08,Bauxite,true
29KYBFH6219O5ZE,32JTXAZ6068Y4ZY,149263.92,2026-02-08,Crude polymer granules,true
27HXKTQ5235G4ZA,06GPNPX2499U7Z8,356358.98,2026-02-08,Auto spare kits,true
33EOHXD6723F6ZQ,32KRNME6662U7ZG,775026.89,2026-02-09,Raw cotton bales,true
06TORUY4649H3ZW,29GBWZR4282Y6Z3,593447.26,2026-02-09,Raw rubber sheets,true
19CMQIT5183T9ZU,36MKQTJ8113D3ZB,108309.87,2026-02-09,Cotton yarn,true
27ZKLFW2886V7ZL,19BVGWK7086S6Z9,535600.13,2026-02-09,Rubber gaskets,true
24QJQGQ3620U1Z2,09VPWSE5537W2Z0,1464803.44,2026-02-09,Auto spare kits,true
24CGIRZ2877Z7ZD,06GPNPX2499U7Z8,7408.51,2026-02-09,Furniture sets,true
36MGSXI2233Q3ZO,06GPNPX2499U7Z8,329408.91,2026-02-09,Garment lots,true
06HZHAM9303D1Z2,07MUBCR1590Q2ZD,313368.34,2026-02-09,Raw rubber sheets,true
36DOAKR6492B1ZA,33JUGCQ0243X7ZK,13061.10,2026-02-10,Cotton yarn,true
24RGHCF5815H7Z1,36MKQTJ8113D3ZB,453921.03,2026-02-10,Rubber gaskets,true
32JTXAZ6068Y4ZY,24BUWJE4861D5ZC,244350.11,2026-02-10,Moulded plastic parts,true
24TQBMB5563K9ZK,06YQSZA9310B9ZO,313356.13,2026-02-10,Furniture sets,true
07KTVJS9657V4ZX,07XBHEJ9668L1Z2,3834936.30,2026-02-10,Furniture sets,true
19MIHQQ3170D1ZS,27AVHXG6804R4Z7,40257.46,2026-02-11,Rubber gaskets,true
36LSELK1732T5ZX,07JDIYG5643H5ZA,877287.74,2026-02-11,Moulded plastic parts,true
19CMQIT5183T9ZU,32HMMVM9374W1ZA,135960.37,2026-02-11,Moulded plastic parts,true
36MKQTJ8113D3ZB,32HMMVM9374W1ZA,356892.47,2026-02-11,Furniture sets,true
07RMQJW3353W3ZM,32HMMVM9374W1ZA,148988.34,2026-02-11,Furniture sets,true
29GBWZR4282Y6Z3,06TMEUI5957D8ZT,524364.31,2026-02-11,Furniture sets,true
19ILQQI2408P3Z6,27LPMFO3207W6ZE,240000.00,2026-02-11,Trading goods - assorted,true
19WSEJA6123K9ZZ,27ZKLFW2886V7ZL,2004751.74,2026-02-12,Bauxite,true
24RGHCF5815H7Z1,36MYFHN1078R2Z4,450147.19,2026-02-12,Steel coils,true
19MIHQQ3170D1ZS,24ADBPZ9331Y7Z1,46284.45,2026-02-12,Aluminium sheets,true
19MIHQQ3170D1ZS,06CFKGF8704V3ZL,48676.70,2026-02-12,Plywood panels,true
09GDUDI3670A5ZE,24BUWJE4861D5ZC,336659.81,2026-02-12,Cotton yarn,false
32BTVLO0183D3ZZ,36MGSXI2233Q3ZO,22122.25,2026-02-12,Aluminium sheets,true
07WKVKZ7853Z8ZD,36MFZZI1805O9Z6,49727.68,2026-02-12,Plywood panels,true
19ILQQI2408P3Z6,29GLIVA3486Y3ZR,420000.00,2026-02-12,Assembled pump units,true
36BOCZB4319K6Z2,07HSPWQ4695A1ZI,4640099.96,2026-02-13,Raw cotton bales,true
33MMSCL6404D5Z9,06XYZCA0026Z5ZI,165954.60,2026-02-13,Rubber gaskets,true
29HEAIS4524P9Z7,29GOJDW2619G6ZM,37193.05,2026-02-13,Steel coils,true
19QAOYF9022E9Z3,07HCRNB9139B4ZP,401750.70,2026-02-13,Bauxite,true
19MIHQQ3170D1ZS,06CFKGF8704V3ZL,43223.54,2026-02-14,Plywood panels,true
32TBUEX2464C3ZX,36MKQTJ8113D3ZB,135154.62,2026-02-14,Rubber gaskets,true
36MFZZI1805O9Z6,32HMMVM9374W1ZA,436779.03,2026-02-14,Auto spare kits,true
24XCOGB4723J1Z4,07UPVXB8379E6ZK,507398.23,2026-02-14,Auto spare kits,true
32YKCYT1305Z3ZM,32EJXJI9851G6ZJ,4185509.79,2026-02-14,Packaged fittings,true
36HNWSS6393V2ZK,07JDIYG5643H5ZA,1008704.00,2026-02-15,Iron ore,true
32JTXAZ6068Y4ZY,19DKRMK6116L4ZI,185149.14,2026-02-15,Rubber gaskets,true
09GDUDI3670A5ZE,19YTTQI9334D1Z5,170948.00,2026-02-15,Moulded plastic parts,true
19QGJES9032L6ZO,29GOJDW2619G6ZM,212107.39,2026-02-15,Plywood panels,false
24CGIRZ2877Z7ZD,06GPNPX2499U7Z8,9406.70,2026-02-15,Kitchenware cartons,true
19WSEJA6123K9ZZ,27WVWUH1002U7ZN,133281.43,2026-02-15,Unprocessed timber,true
07JUHCS8296Y9Z9,09TYOFZ7611E9ZS,261831.97,2026-02-16,Iron ore,true
29WPVPH3087E4Z8,27SKWQX1255L5ZB,83594.85,2026-02-16,Crude polymer granules,true
09TYOFZ7611E9ZS,27CDMPY3420P3ZO,1075067.80,2026-02-16,Cotton yarn,true
32JTXAZ6068Y4ZY,19DKRMK6116L4ZI,208554.38,2026-02-16,Cotton yarn,true
29TIWPY0487R5ZH,24BUWJE4861D5ZC,87058.55,2026-02-16,Rubber gaskets,false
27ILOPH5801Q1ZO,06TMEUI5957D8ZT,38616.34,2026-02-16,Cotton yarn,true
19WSEJA6123K9ZZ,09UAURV3740O9Z4,537003.80,2026-02-16,Iron ore,true
33ENOTV3814J8ZG,36AOZCX8818C4Z4,1493869.47,2026-02-17,Crude polymer granules,false
19MIHQQ3170D1ZS,06QWIYO2144M6Z6,31172.83,2026-02-17,Cotton yarn,true
19MIHQQ3170D1ZS,27AVHXG6804R4Z7,40065.67,2026-02-17,Plywood panels,true
19MIHQQ3170D1ZS,06CFKGF8704V3ZL,44054.73,2026-02-17,Cotton yarn,true
33LZEGM8299Z8ZJ,32HMMVM9374W1ZA,177923.91,2026-02-17,Packaged fittings,true
09TUUXS2191W1Z4,32FNBKA6990P7ZQ,100989.12,2026-02-17,Furniture sets,true
36ILBRA0487B8ZC,29DSORG7805Q7ZD,581866.48,2026-02-18,Iron ore,true
32JQHYS5486E9ZT,33DKOHF9808I3ZZ,119142.98,2026-02-18,Moulded plastic parts,true
19GCSCE8452T4Z7,24XPYIF3293S1ZX,163524.25,2026-02-18,Aluminium sheets,true
33MMSCL6404D5Z9,06MOGFE1378X5ZQ,116151.81,2026-02-18,Rubber gaskets,true
36AOZCX8818C4Z4,06YQSZA9310B9ZO,123531.64,2026-02-18,Packaged fittings,true
24TQBMB5563K9ZK,32FNBKA6990P7ZQ,195830.08,2026-02-18,Packaged fittings,true
24CGIRZ2877Z7ZD,06GPNPX2499U7Z8,9837.64,2026-02-18,Furniture sets,true
19ODCUE4640B8ZZ,07IHIOC8713E8ZN,196013.95,2026-02-18,Assembled pump units,true
32DPUMB3137F3Z0,06TMEUI5957D8ZT,40738.83,2026-02-19,Moulded plastic parts,true
36MKQTJ8113D3ZB,07BSHGZ0028T6Z1,572921.93,2026-02-19,Kitchenware cartons,true
33LZEGM8299Z8ZJ,07DHLQX8570T4Z7,180793.63,2026-02-19,Garment lots,true
24CGIRZ2877Z7ZD,06GPNPX2499U7Z8,9367.87,2026-02-19,Kitchenware cartons,true
09LRSNL8397M2ZC,06MOGFE1378X5ZQ,2193242.48,2026-02-19,Assembled pump units,true
24HGRZG4980H6ZH,07DHLQX8570T4Z7,120878.13,2026-02-19,Auto spare kits,true
33EOHXD6723F6ZQ,32KRNME6662U7ZG,599048.94,2026-02-20,Crude polymer granules,true
33MMSCL6404D5Z9,36IRGOE6167K2ZD,125507.71,2026-02-20,Aluminium sheets,true
29QWAAN3943M1ZA,06VXENK5239T5Z6,384340.70,2026-02-20,Moulded plastic parts,true
29HEAIS4524P9Z7,07JDIYG5643H5ZA,51565.98,2026-02-20,Plywood panels,true
07RMQJW3353W3ZM,32HMMVM9374W1ZA,159918.78,2026-02-20,Assembled pump units,true
36MYFHN1078R2Z4,32HMMVM9374W1ZA,143867.18,2026-02-20,Kitchenware cartons,true
33FOOWY4932K5ZW,29USNIB2707Y3Z6,278096.69,2026-02-20,Auto spare kits,true
29GLIVA3486Y3ZR,33JUGCQ0243X7ZK,130717.64,2026-02-20,Kitchenware cartons,false
36WGNVQ2730W3ZZ,36HIWMV4627A6ZF,46415.08,2026-02-20,Garment lots,true
36ILBRA0487B8ZC,36HIWMV4627A6ZF,334505.22,2026-02-21,Iron ore,true
36UHMYC0921B6ZB,09GDUDI3670A5ZE,268812.43,2026-02-21,Iron ore,true
36UHMYC0921B6ZB,24HGRZG4980H6ZH,190070.06,2026-02-21,Crude polymer granules,true
29QWAAN3943M1ZA,19AFHVR2881Q4Z4,267069.16,2026-02-21,Plywood panels,false
24LIHCR1961J7Z7,36AMNXO1723D1ZL,64555.08,2026-02-21,Plywood panels,true
27ZKLFW2886V7ZL,07OWSPV4756N1ZN,680842.43,2026-02-21,Rubber gaskets,true
06CFKGF8704V3ZL,06TMEUI5957D8ZT,69840.19,2026-02-21,Packaged fittings,true
27AVHXG6804R4Z7,06GPNPX2499U7Z8,180312.68,2026-02-21,Kitchenware cartons,true
27AJPTA1766T6ZD,06TMEUI5957D8ZT,323596.23,2026-02-21,Assembled pump units,true
24XPYIF3293S1ZX,24XCOGB4723J1Z4,122917.15,2026-02-21,Scrap and offcuts,true
36WGNVQ2730W3ZZ,32HMMVM9374W1ZA,43659.04,2026-02-21,Kitchenware cartons,true
33ENOTV3814J8ZG,24LEGQZ0248F6ZJ,2025899.20,2026-02-22,Unprocessed timber,true
06UCZBM8689B1ZC,33GRWLO8497P9ZE,47957.92,2026-02-22,Raw cotton bales,true
24XPYIF3293S1ZX,24XCOGB4723J1Z4,96618.66,2026-02-22,Returned unsold stock,true
36BEPHT0000S2ZM,19XTXAC5360U3ZZ,490370.00,2026-02-22,Garment lots,false
33MMSCL6404D5Z9,36IRGOE6167K2ZD,126014.25,2026-02-23,Aluminium sheets,true
19MIHQQ3170D1ZS,24ADBPZ9331Y7Z1,42279.61,2026-02-23,Plywood panels,true
29HEAIS4524P9Z7,19ORCRZ5136S8ZX,73506.86,2026-02-23,Steel coils,true
32KOMDV4565M8ZD,29LQFOT4019W1ZL,201727.08,2026-02-23,Plywood panels,true
36GDMFJ3180O4ZC,36MKQTJ8113D3ZB,270914.96,2026-02-23,Steel coils,true
33FOOWY4932K5ZW,29DFJDI9306B7ZJ,384859.04,2026-02-23,Assembled pump units,true
19YNUSU1543Z9ZL,07ABURL9979Q1Z0,573857.38,2026-02-23,Inter-branch stock transfer,true
19FWLNA7151E6Z5,09JTCDQ6252P6Z4,196685.83,2026-02-23,Iron ore,true
36WGNVQ2730W3ZZ,27CDMPY3420P3ZO,51827.59,2026-02-23,Assembled pump units,false
36ILBRA0487B8ZC,36HIWMV4627A6ZF,376728.15,2026-02-24,Raw cotton bales,false
06CFKGF8704V3ZL,06TMEUI5957D8ZT,86434.40,2026-02-24,Auto spare kits,true
09TUUXS2191W1Z4,07UPVXB8379E6ZK,125871.07,2026-02-24,Kitchenware cartons,true
09LOVSQ6828E1ZX,07DHLQX8570T4Z7,113586.43,2026-02-24,Auto spare kits,true
27JSEGL9722A2ZS,09CNWXM9348C8ZL,57526.50,2026-02-25,Plywood panels,true
29HEAIS4524P9Z7,07JDIYG5643H5ZA,40468.56,2026-02-25,Plywood panels,true
24SORHP9066Z2ZO,36IRGOE6167K2ZD,25857.66,2026-02-25,Steel coils,true
07RMQJW3353W3ZM,32HMMVM9374W1ZA,129122.40,2026-02-25,Furniture sets,true
24BUWJE4861D5ZC,06GPNPX2499U7Z8,1000868.45,2026-02-25,Furniture sets,true
36MYFHN1078R2Z4,32HMMVM9374W1ZA,148202.48,2026-02-25,Packaged fittings,true
36MYFHN1078R2Z4,27WAABE0101S7ZY,238201.15,2026-02-25,Garment lots,true
07JDIYG5643H5ZA,19XTXAC5360U3ZZ,1358661.85,2026-02-25,Kitchenware cartons,true
27AJPTA1766T6ZD,06TMEUI5957D8ZT,319025.22,2026-02-25,Auto spare kits,true
07HCRNB9139B4ZP,27EJNER1948V4ZB,2248317.41,2026-02-25,Furniture sets,true
19VCJYK5835R1ZP,24SORHP9066Z2ZO,823926.63,2026-02-25,Auto spare kits,true
27YRPVR6146L5ZI,32JQHYS5486E9ZT,45418.15,2026-02-26,Raw cotton bales,true
19FWLNA7151E6Z5,36MKQTJ8113D3ZB,1369061.45,2026-02-26,Iron ore,true
33MMSCL6404D5Z9,06XYZCA0026Z5ZI,221889.25,2026-02-26,Plywood panels,true
09TYOFZ7611E9ZS,27CDMPY3420P3ZO,1072941.45,2026-02-26,Steel coils,true
06NPUYZ0199O3ZQ,24IWPHR7389W2Z5,100937.01,2026-02-26,Aluminium sheets,true
36MYFHN1078R2Z4,32HMMVM9374W1ZA,159040.19,2026-02-26,Auto spare kits,true
33GRWLO8497P9ZE,09THKGN0004S7ZJ,837570.88,2026-02-26,Kitchenware cartons,true
29HDPWO6467E4ZJ,06CXXPI1433H7ZT,609549.20,2026-02-26,Crude polymer granules,true
33ZCOYB3981K1ZV,33INJVJ6049L7ZN,26536.91,2026-02-27,Iron ore,true
33MMSCL6404D5Z9,06MOGFE1378X5ZQ,143907.52,2026-02-27,Aluminium sheets,true
19MIHQQ3170D1ZS,24ADBPZ9331Y7Z1,43029.54,2026-02-27,Plywood panels,true
33NIRBJ4576K8ZM,27WAABE0101S7ZY,19604.81,2026-02-27,Plywood panels,true
29HEAIS4524P9Z7,33DRDIN3277R8ZV,70058.72,2026-02-27,Moulded plastic parts,true
32KOMDV4565M8ZD,07ABURL9979Q1Z0,152299.90,2026-02-27,Plywood panels,true
24IWPHR7389W2Z5,07BSHGZ0028T6Z1,911919.92,2026-02-27,Furniture sets,false
36GSPSS3446D1Z8,07HCRNB9139B4ZP,686623.49,2026-02-27,Raw rubber sheets,true
32IMLSE5517H1ZB,32IJUSV5003E7ZI,460164.66,2026-02-27,Assembled pump units,true
36ILBRA0487B8ZC,06VXENK5239T5Z6,579460.27,2026-02-28,Raw rubber sheets,true
27YRPVR6146L5ZI,32JQHYS5486E9ZT,35756.46,2026-02-28,Bauxite,true
32JTXAZ6068Y4ZY,19AFHVR2881Q4Z4,188017.15,2026-02-28,Cotton yarn,true
24SORHP9066Z2ZO,36IRGOE6167K2ZD,30530.20,2026-02-28,Moulded plastic parts,true
19VCJYK5835R1ZP,06QCBYQ6201T5Z8,550000.00,2026-02-28,Auto spare kits,false
36JMBCS5285U5Z4,24IWPHR7389W2Z5,30859.11,2026-03-01,Unprocessed timber,true
27JSEGL9722A2ZS,09CNWXM9348C8ZL,59140.91,2026-03-01,Moulded plastic parts,true
29QWAAN3943M1ZA,36IRGOE6167K2ZD,520148.90,2026-03-01,Rubber gaskets,true
32KRNME6662U7ZG,06FDZJZ1871X1ZP,619344.60,2026-03-01,Moulded plastic parts,true
06UCZBM8689B1ZC,09TAYZE2279X1Z7,895489.17,2026-03-01,Iron ore,true
06UCZBM8689B1ZC,19MIHQQ3170D1ZS,140729.55,2026-03-02,Bauxite,true
19LQXPV3933P1ZE,29QWAAN3943M1ZA,319685.39,2026-03-02,Iron ore,true
33MMSCL6404D5Z9,29DSORG7805Q7ZD,124599.85,2026-03-02,Cotton yarn,true
29OTMAB3690O3Z2,27CDMPY3420P3ZO,7118.48,2026-03-02,Plywood panels,true
29TIWPY0487R5ZH,24BUWJE4861D5ZC,94312.51,2026-03-02,Rubber gaskets,true
19YTTQI9334D1Z5,29MAUCO5537D8Z3,568155.02,2026-03-02,Furniture sets,true
19ILQQI2408P3Z6,07OWSPV4756N1ZN,107514.09,2026-03-02,Auto spare kits,false
06TORUY4649H3ZW,24WXKFC0232Q6ZN,727480.28,2026-03-03,Raw rubber sheets,false
33DRDIN3277R8ZV,29USNIB2707Y3Z6,201898.65,2026-03-03,Auto spare kits,true
24TQBMB5563K9ZK,06YQSZA9310B9ZO,311897.15,2026-03-03,Auto spare kits,false
07LYWHO7356O2Z6,07DHLQX8570T4Z7,926092.36,2026-03-03,Garment lots,true
33JUGCQ0243X7ZK,29LQFOT4019W1ZL,425471.99,2026-03-03,Recovered packaging material,true
09ICBGQ0685I5ZT,27EJNER1948V4ZB,727893.59,2026-03-03,Crude polymer granules,true
09TAYZE2279X1Z7,06MOGFE1378X5ZQ,572587.28,2026-03-03,Kitchenware cartons,true
27RLWOP1961W9ZE,09UAURV3740O9Z4,897109.59,2026-03-03,Bauxite,true
19FWLNA7151E6Z5,36MKQTJ8113D3ZB,1158813.07,2026-03-04,Crude polymer granules,true
19GCSCE8452T4Z7,06CFKGF8704V3ZL,149996.61,2026-03-04,Rubber gaskets,true
33NRDCU7320N2Z5,29LQFOT4019W1ZL,707839.24,2026-03-04,Steel coils,true
24FKAOJ6947C4ZF,29OZSVL9371R7ZY,1923578.41,2026-03-04,Trading goods - general,false
19MIHQQ3170D1ZS,09THKGN0004S7ZJ,31879.92,2026-03-05,Aluminium sheets,true
24LIHCR1961J7Z7,06MOGFE1378X5ZQ,126865.77,2026-03-05,Rubber gaskets,true
36GDMFJ3180O4ZC,33FOOWY4932K5ZW,431615.25,2026-03-05,Moulded plastic parts,true
36GDMFJ3180O4ZC,29DFJDI9306B7ZJ,452172.96,2026-03-05,Cotton yarn,true
24CGIRZ2877Z7ZD,06GPNPX2499U7Z8,9473.52,2026-03-05,Auto spare kits,true
24XCOGB4723J1Z4,24XPYIF3293S1ZX,528475.51,2026-03-05,Packaged fittings,true
06CXXPI1433H7ZT,06TMEUI5957D8ZT,457732.48,2026-03-05,Packaged fittings,false
29DPWOY6467E1ZV,33YETHK5759C7ZW,919584.94,2026-03-05,Recovered packaging material,false
33YETHK5759C7ZW,07NHZUY6060O5Z4,1528798.15,2026-03-05,Garment lots,false
36WGNVQ2730W3ZZ,29NVUAL1821K7ZE,52117.84,2026-03-05,Garment lots,false
24OJGWG9976X2ZB,06GPNPX2499U7Z8,728286.26,2026-03-06,Rubber gaskets,true
36MKQTJ8113D3ZB,06PACMQ7731H2Z6,412539.19,2026-03-06,Garment lots,true
07UPVXB8379E6ZK,36IRGOE6167K2ZD,29086.90,2026-03-06,Recovered packaging material,true
33XJXTK6255H1ZG,06ENRLT9528T9Z3,55823.70,2026-03-06,Raw cotton bales,false
07HCRNB9139B4ZP,07OWSPV4756N1ZN,404832.20,2026-03-06,Packaged fittings,true
36GSPSS3446D1Z8,36BEPHT0000S2ZM,431009.90,2026-03-06,Unprocessed timber,true
36DOAKR6492B1ZA,33DRDIN3277R8ZV,20512.90,2026-03-07,Cotton yarn,true
32JTXAZ6068Y4ZY,19DKRMK6116L4ZI,187467.27,2026-03-07,Rubber gaskets,true
32KOMDV4565M8ZD,06XYZCA0026Z5ZI,268101.34,2026-03-07,Cotton yarn,true
24LIHCR1961J7Z7,36AMNXO1723D1ZL,74198.26,2026-03-07,Aluminium sheets,true
36MKQTJ8113D3ZB,07FSGBM8265D9ZC,491190.97,2026-03-07,Packaged fittings,true
24FKAOJ6947C4ZF,07WKVKZ7853Z8ZD,2750000.00,2026-03-07,Industrial consumables (assorted),false
24FKAOJ6947C4ZF,36WFQAG8528A9Z5,2570000.00,2026-03-07,Industrial consumables (assorted),false
06NPUYZ0199O3ZQ,32FNBKA6990P7ZQ,298238.98,2026-03-08,Plywood panels,true
09IWOVN2020F3ZK,32FNBKA6990P7ZQ,792690.86,2026-03-08,Packaged fittings,true
19VCJYK5835R1ZP,29OTMAB3690O3Z2,640000.00,2026-03-08,Trading goods - assorted,true
19VCJYK5835R1ZP,29NVUAL1821K7ZE,470017.60,2026-03-08,Kitchenware cartons,false
32RTMUK0767J7ZR,33FOOWY4932K5ZW,236095.91,2026-03-09,Steel coils,true
29OTMAB3690O3Z2,27WAABE0101S7ZY,6693.30,2026-03-09,Aluminium sheets,true
36IRGOE6167K2ZD,33JUGCQ0243X7ZK,62378.48,2026-03-09,Auto spare kits,true
33DRDIN3277R8ZV,09MDSAV0327Y3ZY,671019.34,2026-03-09,Packaged fittings,true
36RVGEN3898U2ZW,29OZSVL9371R7ZY,13170.30,2026-03-10,Bauxite,true
09ICBGQ0685I5ZT,24KMIVJ8686V9ZO,21190.12,2026-03-10,Unprocessed timber,true
19FWLNA7151E6Z5,36MKQTJ8113D3ZB,1194831.56,2026-03-10,Raw cotton bales,true
27JXTFP9055S6Z9,09EYIVN1895O1ZO,37958.33,2026-03-10,Steel coils,true
07JDIYG5643H5ZA,06YQSZA9310B9ZO,1117690.04,2026-03-10,Furniture sets,true
29DPWOY6467E1ZV,29LQFOT4019W1ZL,640339.65,2026-03-10,Assembled pump units,false
36BEPHT0000S2ZM,07UPVXB8379E6ZK,393226.87,2026-03-10,Auto spare kits,true
36BOCZB4319K6Z2,07HSPWQ4695A1ZI,4978317.10,2026-03-11,Unprocessed timber,true
09ICBGQ0685I5ZT,24KMIVJ8686V9ZO,19298.60,2026-03-11,Unprocessed timber,true
33ZCOYB3981K1ZV,29HEAIS4524P9Z7,27340.48,2026-03-11,Bauxite,true
24OJGWG9976X2ZB,06GPNPX2499U7Z8,639788.24,2026-03-11,Aluminium sheets,false
24LIHCR1961J7Z7,06FDZJZ1871X1ZP,113761.66,2026-03-11,Moulded plastic parts,true
24QSNHV0585V8Z8,09MACAR1889T5Z3,868898.01,2026-03-11,Cotton yarn,true
06CFKGF8704V3ZL,06TMEUI5957D8ZT,85294.41,2026-03-11,Packaged fittings,true
06WCSBT3786Y8ZK,27KNVLF9413B7ZQ,217457.05,2026-03-11,Garment lots,false
06NPUYZ0199O3ZQ,36IRGOE6167K2ZD,186453.30,2026-03-12,Moulded plastic parts,true
33LZEGM8299Z8ZJ,32HMMVM9374W1ZA,158326.89,2026-03-12,Auto spare kits,true
36MGSXI2233Q3ZO,06GPNPX2499U7Z8,336440.50,2026-03-12,Auto spare kits,true
09UAURV3740O9Z4,06CXXPI1433H7ZT,979530.93,2026-03-12,Returned unsold stock,true
06HKRKP4434B1ZM,07NHZUY6060O5Z4,143906.51,2026-03-12,Bauxite,true
24TSKYG0110D8ZX,06DEAEJ2851Y7ZA,68649.32,2026-03-12,Iron ore,true
27YOFNE4012A3ZM,33YGMLY4610W6ZS,188650.52,2026-03-13,Iron ore,true
19MIHQQ3170D1ZS,27AVHXG6804R4Z7,38510.88,2026-03-13,Aluminium sheets,true
32KQZTG2680A5ZT,32HMMVM9374W1ZA,126417.65,2026-03-13,Plywood panels,true
36IRGOE6167K2ZD,29DFJDI9306B7ZJ,99520.54,2026-03-13,Auto spare kits,true
06CFKGF8704V3ZL,06TMEUI5957D8ZT,67023.90,2026-03-13,Furniture sets,true
06CXXPI1433H7ZT,36VJYBT3192K3ZG,535997.68,2026-03-13,Inter-branch stock transfer,true
36SGHHT8031T6ZB,27SKWQX1255L5ZB,20409.38,2026-03-14,Crude polymer granules,true
27EJNER1948V4ZB,06WCSBT3786Y8ZK,1820505.44,2026-03-14,Returned unsold stock,true
36JMBCS5285U5Z4,07HCRNB9139B4ZP,646204.80,2026-03-14,Unprocessed timber,true
36VJYBT3192K3ZG,29DFJDI9306B7ZJ,109900.02,2026-03-14,Garment lots,true
06DEAEJ2851Y7ZA,06CFKGF8704V3ZL,16721.68,2026-03-14,Auto spare kits,true
19WSEJA6123K9ZZ,24QSNHV0585V8Z8,2078289.06,2026-03-15,Unprocessed timber,true
29ZVHMB5624H3ZT,24WXKFC0232Q6ZN,3839724.97,2026-03-15,Raw cotton bales,true
33EGOOS9719X8ZP,36WFQAG8528A9Z5,2084156.97,2026-03-15,Raw cotton bales,true
29KYBFH6219O5ZE,32JTXAZ6068Y4ZY,158597.56,2026-03-15,Crude polymer granules,true
32JQHYS5486E9ZT,07FSGBM8265D9ZC,91446.24,2026-03-15,Rubber gaskets,true
36LSELK1732T5ZX,07JDIYG5643H5ZA,919351.39,2026-03-15,Aluminium sheets,true
29QWAAN3943M1ZA,24PISLE8831I5ZS,712127.58,2026-03-15,Rubber gaskets,true
09GDUDI3670A5ZE,09MDSAV0327Y3ZY,215546.56,2026-03-15,Plywood panels,true
32KOMDV4565M8ZD,29LQFOT4019W1ZL,189271.08,2026-03-15,Aluminium sheets,true
24LIHCR1961J7Z7,06MOGFE1378X5ZQ,115387.11,2026-03-15,Moulded plastic parts,true
36MKQTJ8113D3ZB,07FSGBM8265D9ZC,424331.84,2026-03-15,Garment lots,true
24TQBMB5563K9ZK,06GPNPX2499U7Z8,237279.19,2026-03-15,Furniture sets,true
24TQBMB5563K9ZK,06GPNPX2499U7Z8,187065.41,2026-03-15,Furniture sets,false
09YKOSO5432W8ZJ,07DHLQX8570T4Z7,210676.36,2026-03-15,Kitchenware cartons,true
24TSKYG0110D8ZX,07TKLIK9045I2ZJ,766579.68,2026-03-15,Bauxite,true
33EGOOS9719X8ZP,36WFQAG8528A9Z5,2191782.00,2026-03-16,Raw cotton bales,true
32BTVLO0183D3ZZ,36MGSXI2233Q3ZO,26338.80,2026-03-16,Plywood panels,true
07HSPWQ4695A1ZI,06YQSZA9310B9ZO,839020.16,2026-03-16,Garment lots,true
07UPVXB8379E6ZK,36IRGOE6167K2ZD,73838.06,2026-03-16,Inter-branch stock transfer,true
06UCZBM8689B1ZC,19MIHQQ3170D1ZS,180950.80,2026-03-17,Crude polymer granules,true
29OTMAB3690O3Z2,29GOJDW2619G6ZM,8289.16,2026-03-17,Moulded plastic parts,true
29OZSVL9371R7ZY,33YFHAE9497P9ZG,1341873.13,2026-03-17,Cotton yarn,true
32KRNME6662U7ZG,09ZBWBM8578V6ZU,612006.02,2026-03-17,Moulded plastic parts,true
32KOMDV4565M8ZD,06XYZCA0026Z5ZI,210444.93,2026-03-17,Moulded plastic parts,true
09JOQVF4504B8ZC,07ABURL9979Q1Z0,72357.42,2026-03-17,Auto spare kits,true
09JTCDQ6252P6Z4,19XTXAC5360U3ZZ,179851.70,2026-03-17,Assembled pump units,true
33EOHXD6723F6ZQ,19CIPWV1049V1ZO,90904.58,2026-03-17,Raw cotton bales,true
19VCJYK5835R1ZP,29NVUAL1821K7ZE,530000.00,2026-03-17,Assembled pump units,true
06DEAEJ2851Y7ZA,29TIWPY0487R5ZH,79006.35,2026-03-17,Packaged fittings,true
33ENOTV3814J8ZG,24WXKFC0232Q6ZN,891364.76,2026-03-18,Raw cotton bales,true
36MKQTJ8113D3ZB,06PACMQ7731H2Z6,415298.47,2026-03-18,Garment lots,true
36ILBRA0487B8ZC,24KMIVJ8686V9ZO,622801.17,2026-03-19,Crude polymer granules,true
33EGOOS9719X8ZP,36WFQAG8528A9Z5,2090799.19,2026-03-19,Raw cotton bales,true
07RQSPW5140Z2ZH,24QJQGQ3620U1Z2,268479.51,2026-03-19,Moulded plastic parts,true
19CMQIT5183T9ZU,32HMMVM9374W1ZA,149043.70,2026-03-19,Cotton yarn,true
24SORHP9066Z2ZO,36IRGOE6167K2ZD,25588.79,2026-03-19,Rubber gaskets,true
36IRGOE6167K2ZD,07BSHGZ0028T6Z1,121392.20,2026-03-19,Kitchenware cartons,true
07JDIYG5643H5ZA,19XTXAC5360U3ZZ,1248140.22,2026-03-19,Furniture sets,false
07JDIYG5643H5ZA,09THKGN0004S7ZJ,2041532.04,2026-03-19,Auto spare kits,false
24TQBMB5563K9ZK,06YQSZA9310B9ZO,332734.19,2026-03-19,Packaged fittings,false
29GBWZR4282Y6Z3,27KNVLF9413B7ZQ,1681371.98,2026-03-19,Kitchenware cartons,true
07LYWHO7356O2Z6,09VPWSE5537W2Z0,1073836.01,2026-03-19,Garment lots,false
24HGRZG4980H6ZH,33JUGCQ0243X7ZK,361925.44,2026-03-19,Auto spare kits,false
27MLHJA7771D8ZP,09TAYZE2279X1Z7,846407.13,2026-03-19,Raw rubber sheets,true
24FKAOJ6947C4ZF,29OZSVL9371R7ZY,1160000.00,2026-03-19,Trading goods - general,false
29QWAAN3943M1ZA,24YIDDD6289H3ZT,352448.96,2026-03-20,Aluminium sheets,true
29OTMAB3690O3Z2,27WAABE0101S7ZY,7234.97,2026-03-20,Plywood panels,true
24KMIVJ8686V9ZO,19YTTQI9334D1Z5,105200.67,2026-03-20,Steel coils,true
33FOOWY4932K5ZW,36UUJPD2134K1ZG,297760.46,2026-03-20,Packaged fittings,true
19DKRMK6116L4ZI,19ZFPYI2441K8ZA,109855.80,2026-03-20,Garment lots,true
27AJPTA1766T6ZD,06TMEUI5957D8ZT,362343.61,2026-03-20,Furniture sets,true
06HZHAM9303D1Z2,09LOVSQ6828E1ZX,867835.26,2026-03-20,Raw cotton bales,false
29HDPWO6467E4ZJ,33YETHK5759C7ZW,843078.45,2026-03-20,Crude polymer granules,true
06DEAEJ2851Y7ZA,36IBYDQ7801O8ZC,16156.23,2026-03-20,Furniture sets,true
36WFQAG8528A9Z5,19ZFPYI2441K8ZA,974668.77,2026-03-21,Moulded plastic parts,true
33INJVJ6049L7ZN,33GUQQC4750Y8Z5,15111.01,2026-03-21,Moulded plastic parts,true
24OJGWG9976X2ZB,06GPNPX2499U7Z8,808175.98,2026-03-21,Steel coils,true
36MKQTJ8113D3ZB,07BSHGZ0028T6Z1,671590.19,2026-03-21,Assembled pump units,true
33ZCOYB3981K1ZV,27EJNER1948V4ZB,262690.06,2026-03-21,Unprocessed timber,true
33DCFQP7960U6Z9,29DPWOY6467E1ZV,408280.72,2026-03-21,Raw cotton bales,true
36HNWSS6393V2ZK,29SLMYQ2307L6Z5,1632770.30,2026-03-22,Iron ore,true
27IMDLL8847V8ZS,36MYFHN1078R2Z4,45241.19,2026-03-22,Raw rubber sheets,true
19XBETB1195X1Z0,24CGIRZ2877Z7ZD,5383.71,2026-03-22,Plywood panels,true
24SORHP9066Z2ZO,24IWPHR7389W2Z5,30403.53,2026-03-22,Cotton yarn,true
06WCSBT3786Y8ZK,24ADBPZ9331Y7Z1,301232.09,2026-03-22,Kitchenware cartons,false
29TUCVL2460C9ZK,29LQFOT4019W1ZL,248503.62,2026-03-22,Kitchenware cartons,true
36VDRMO4829X3Z0,29HEAIS4524P9Z7,10824.21,2026-03-23,Iron ore,true
36DOAKR6492B1ZA,29GLIVA3486Y3ZR,21657.26,2026-03-23,Moulded plastic parts,true
24KMIVJ8686V9ZO,09THKGN0004S7ZJ,148023.29,2026-03-23,Aluminium sheets,true
24KMIVJ8686V9ZO,29GBWZR4282Y6Z3,163178.20,2026-03-23,Steel coils,true
33DRDIN3277R8ZV,09MDSAV0327Y3ZY,559212.87,2026-03-23,Garment lots,true
07MUBCR1590Q2ZD,07OWSPV4756N1ZN,392398.68,2026-03-23,Packaged fittings,false
36VDRMO4829X3Z0,06CXXPI1433H7ZT,841091.78,2026-03-23,Bauxite,false
36MVINV2704L6ZF,24ADBPZ9331Y7Z1,597024.99,2026-03-23,Garment lots,true
29HEAIS4524P9Z7,19ORCRZ5136S8ZX,80485.94,2026-03-24,Moulded plastic parts,false
24FKAOJ6947C4ZF,27LABTZ8624C8ZL,1587586.21,2026-03-24,Miscellaneous industrial goods,false
09GDUDI3670A5ZE,24BUWJE4861D5ZC,284190.24,2026-03-25,Cotton yarn,true
24KMIVJ8686V9ZO,29GBWZR4282Y6Z3,148097.54,2026-03-25,Aluminium sheets,true
32KOMDV4565M8ZD,29LQFOT4019W1ZL,158539.86,2026-03-25,Aluminium sheets,true
24CGIRZ2877Z7ZD,06YQSZA9310B9ZO,10029.98,2026-03-25,Auto spare kits,true
27AVHXG6804R4Z7,06YQSZA9310B9ZO,185161.10,2026-03-25,Garment lots,true
09TUUXS2191W1Z4,32FNBKA6990P7ZQ,119319.40,2026-03-25,Garment lots,true
07TKLIK9045I2ZJ,29DPWOY6467E1ZV,1107694.68,2026-03-25,Kitchenware cartons,true
27YRPVR6146L5ZI,36WGNVQ2730W3ZZ,42749.39,2026-03-25,Raw cotton bales,false
29OTMAB3690O3Z2,36UCUGG4046W7ZA,6822.73,2026-03-26,Cotton yarn,true
19XBETB1195X1Z0,36JWQJO7718G8Z1,7739.08,2026-03-26,Aluminium sheets,true
19XBETB1195X1Z0,09THKGN0004S7ZJ,6794.35,2026-03-26,Steel coils,true
36GDMFJ3180O4ZC,36MKQTJ8113D3ZB,243647.11,2026-03-26,Rubber gaskets,true
19FQVDH2460H4ZO,36JWQJO7718G8Z1,1186483.69,2026-03-26,Cotton yarn,true
19FQVDH2460H4ZO,36UCUGG4046W7ZA,1413090.03,2026-03-26,Aluminium sheets,true
19DKRMK6116L4ZI,24XPYIF3293S1ZX,68002.38,2026-03-26,Packaged fittings,true
27AVHXG6804R4Z7,06YQSZA9310B9ZO,227138.47,2026-03-26,Kitchenware cartons,true
19YTTQI9334D1Z5,29MAUCO5537D8Z3,633778.95,2026-03-26,Furniture sets,true
32AQGJY0057D6ZV,27ZKLFW2886V7ZL,131840.17,2026-03-27,Unprocessed timber,true
36ILBRA0487B8ZC,29TIWPY0487R5ZH,997763.06,2026-03-27,Raw rubber sheets,true
36VDRMO4829X3Z0,19GCSCE8452T4Z7,17218.19,2026-03-27,Raw cotton bales,true
06HZHAM9303D1Z2,27IPCHV6936J3ZF,1650216.07,2026-03-27,Bauxite,true
33INJVJ6049L7ZN,33GUQQC4750Y8Z5,19730.30,2026-03-27,Rubber gaskets,true
24KMIVJ8686V9ZO,19YTTQI9334D1Z5,112441.79,2026-03-27,Rubber gaskets,true
36MKQTJ8113D3ZB,06ZYUMR8310X1ZI,373759.39,2026-03-27,Kitchenware cartons,true
36AOZCX8818C4Z4,06YQSZA9310B9ZO,132591.77,2026-03-27,Packaged fittings,true
36AOZCX8818C4Z4,06YQSZA9310B9ZO,111890.22,2026-03-27,Kitchenware cartons,true
06CFKGF8704V3ZL,06YQSZA9310B9ZO,56365.12,2026-03-27,Garment lots,false
06CFKGF8704V3ZL,06TMEUI5957D8ZT,78485.82,2026-03-27,Packaged fittings,true
06QCBYQ6201T5Z8,06GPNPX2499U7Z8,191628.97,2026-03-27,Furniture sets,true
07JDIYG5643H5ZA,09THKGN0004S7ZJ,2151493.52,2026-03-27,Assembled pump units,false
06FDZJZ1871X1ZP,06TMEUI5957D8ZT,733429.99,2026-03-27,Furniture sets,true
06TORUY4649H3ZW,07HCRNB9139B4ZP,382787.93,2026-03-27,Crude polymer granules,false
07QRPZY1803G2ZH,09LOVSQ6828E1ZX,897509.46,2026-03-27,Recovered packaging material,true
19QAOYF9022E9Z3,32BIIMM0016N5ZM,601623.43,2026-03-27,Iron ore,true
19ILQQI2408P3Z6,27LPMFO3207W6ZE,245169.82,2026-03-27,Garment lots,false
27IMDLL8847V8ZS,36MYFHN1078R2Z4,41993.11,2026-03-28,Unprocessed timber,true
33MMSCL6404D5Z9,33GRWLO8497P9ZE,143318.32,2026-03-28,Moulded plastic parts,true
29QWAAN3943M1ZA,07WWTVC3072D6Z6,714478.07,2026-03-28,Plywood panels,true
27LPMFO3207W6ZE,27AJPTA1766T6ZD,93552.19,2026-03-28,Plywood panels,true
19QGJES9032L6ZO,29LQFOT4019W1ZL,286083.33,2026-03-28,Plywood panels,true
32KQZTG2680A5ZT,32HMMVM9374W1ZA,123268.07,2026-03-28,Aluminium sheets,true
32KOMDV4565M8ZD,06XYZCA0026Z5ZI,260936.05,2026-03-28,Cotton yarn,false
06FDZJZ1871X1ZP,06TMEUI5957D8ZT,674481.94,2026-03-28,Auto spare kits,false
06DEAEJ2851Y7ZA,24RGHCF5815H7Z1,23715.05,2026-03-28,Garment lots,true
36CVMQV4934B6Z0,36LCLXV2521K3ZU,30257.66,2026-03-29,Raw rubber sheets,true
06TORUY4649H3ZW,32KRNME6662U7ZG,659289.03,2026-03-29,Unprocessed timber,true
32AQGJY0057D6ZV,36MKQTJ8113D3ZB,177071.79,2026-03-29,Crude polymer granules,true
36HNWSS6393V2ZK,19QGJES9032L6ZO,1920815.02,2026-03-29,Bauxite,true
36ILBRA0487B8ZC,33IIMMB0166U5Z6,639180.09,2026-03-29,Raw cotton bales,true
19WSEJA6123K9ZZ,27ZKLFW2886V7ZL,2182595.69,2026-03-29,Unprocessed timber,true
27IMDLL8847V8ZS,29DSORG7805Q7ZD,69176.68,2026-03-29,Unprocessed timber,false
33ZCOYB3981K1ZV,33INJVJ6049L7ZN,24521.58,2026-03-29,Iron ore,true
24LIHCR1961J7Z7,09JOQVF4504B8ZC,111454.25,2026-03-29,Aluminium sheets,true
29YGPFN5167M1ZA,27KNVLF9413B7ZQ,71509.23,2026-03-29,Auto spare kits,false
07QRPZY1803G2ZH,07KYWMS0417O4Z8,517843.31,2026-03-29,Assembled pump units,false
07TKLIK9045I2ZJ,29DPWOY6467E1ZV,1425312.98,2026-03-29,Inter-branch stock transfer,true
19NYPEV4329L9Z0,07NHZUY6060O5Z4,131882.28,2026-03-29,Bauxite,true
24FKAOJ6947C4ZF,19AFHVR2881Q4Z4,1380000.00,2026-03-29,Industrial consumables (assorted),false
36HNWSS6393V2ZK,06VXENK5239T5Z6,2182200.19,2026-03-30,Crude polymer granules,true
36ILBRA0487B8ZC,33IIMMB0166U5Z6,641800.07,2026-03-30,Bauxite,true
36QICOS8271Q4ZI,33NRDCU7320N2Z5,9361509.15,2026-03-30,Raw rubber sheets,true
33XJXTK6255H1ZG,24DANYR9176S8Z7,1175791.88,2026-03-30,Iron ore,true
27IMDLL8847V8ZS,24LEGQZ0248F6ZJ,121145.25,2026-03-30,Unprocessed timber,true
27JXTFP9055S6Z9,09EYIVN1895O1ZO,38504.16,2026-03-30,Plywood panels,true
24WXKFC0232Q6ZN,24YIDDD6289H3ZT,331489.78,2026-03-30,Cotton yarn,false
24KMIVJ8686V9ZO,33GUQQC4750Y8Z5,174589.32,2026-03-30,Cotton yarn,true
06OUYEO4807S2ZY,07ABURL9979Q1Z0,115179.24,2026-03-30,Cotton yarn,true
36IRGOE6167K2ZD,06XLLCH1373K6Z0,150303.67,2026-03-30,Assembled pump units,true
24TQBMB5563K9ZK,24XPYIF3293S1ZX,372862.36,2026-03-30,Packaged fittings,true
19DKRMK6116L4ZI,24XPYIF3293S1ZX,55523.57,2026-03-30,Packaged fittings,true
27JGLFA5617I5Z0,07MUBCR1590Q2ZD,333878.05,2026-03-30,Raw rubber sheets,true
36HNWSS6393V2ZK,29TUCVL2460C9ZK,561047.27,2026-03-30,Crude polymer granules,true
24FKAOJ6947C4ZF,33LZEGM8299Z8ZJ,3388981.22,2026-03-30,General trading items,false
36DOAKR6492B1ZA,33DRDIN3277R8ZV,19156.54,2026-03-31,Steel coils,true
24KMIVJ8686V9ZO,07IHIOC8713E8ZN,140509.05,2026-03-31,Cotton yarn,true
36IRGOE6167K2ZD,06TMEUI5957D8ZT,157820.67,2026-03-31,Kitchenware cartons,true
33DRDIN3277R8ZV,06PACMQ7731H2Z6,184028.78,2026-03-31,Furniture sets,true
27EJNER1948V4ZB,06WCSBT3786Y8ZK,2645452.20,2026-03-31,Recovered packaging material,true
09TAYZE2279X1Z7,07QRPZY1803G2ZH,882332.16,2026-03-31,Inter-branch stock transfer,true
06PIVDW3748J8ZT,07BSHGZ0028T6Z1,715027.77,2026-03-31,Garment lots,true
36QICOS8271Q4ZI,09LRSNL8397M2ZC,5548329.42,2026-04-01,Bauxite,true
29OTMAB3690O3Z2,29GOJDW2619G6ZM,7877.15,2026-04-01,Moulded plastic parts,true
06CFKGF8704V3ZL,06YQSZA9310B9ZO,50477.27,2026-04-01,Garment lots,true
24TQBMB5563K9ZK,06YQSZA9310B9ZO,362445.66,2026-04-01,Kitchenware cartons,false
36CVMQV4934B6Z0,19XBETB1195X1Z0,40227.53,2026-04-02,Unprocessed timber,true
27YRPVR6146L5ZI,32ZOIZY9544B1ZL,79033.29,2026-04-02,Unprocessed timber,true
07XFBLY2148W1ZG,36MKQTJ8113D3ZB,161498.23,2026-04-02,Rubber gaskets,false
29HEAIS4524P9Z7,07BSHGZ0028T6Z1,68709.41,2026-04-02,Plywood panels,true
19XBETB1195X1Z0,09THKGN0004S7ZJ,7077.63,2026-04-02,Steel coils,true
32KOMDV4565M8ZD,06XYZCA0026Z5ZI,267604.03,2026-04-02,Aluminium sheets,true
33DRDIN3277R8ZV,06PACMQ7731H2Z6,233649.00,2026-04-02,Kitchenware cartons,true
33GUQQC4750Y8Z5,19QLQGQ2532E7Z2,626503.03,2026-04-02,Packaged fittings,true
07NHZUY6060O5Z4,06ZYUMR8310X1ZI,175859.48,2026-04-02,Assembled pump units,true
33YETHK5759C7ZW,19QLQGQ2532E7Z2,640803.29,2026-04-02,Furniture sets,true
09ICBGQ0685I5ZT,29EOAZQ4256B3ZB,22621.51,2026-04-03,Raw cotton bales,true
19GCSCE8452T4Z7,06TMEUI5957D8ZT,166641.84,2026-04-03,Aluminium sheets,true
33XXUIM3478V9Z4,09MDSAV0327Y3ZY,5014.77,2026-04-03,Cotton yarn,true
29NVUAL1821K7ZE,36MGSXI2233Q3ZO,207532.89,2026-04-03,Plywood panels,true
19XBETB1195X1Z0,36JWQJO7718G8Z1,8126.79,2026-04-03,Moulded plastic parts,true
06VXENK5239T5Z6,06PACMQ7731H2Z6,2604759.08,2026-04-03,Packaged fittings,true
06HZHAM9303D1Z2,06WCSBT3786Y8ZK,102590.06,2026-04-03,Bauxite,true
07NHZUY6060O5Z4,07TKLIK9045I2ZJ,1131458.23,2026-04-03,Assembled pump units,true
07TKLIK9045I2ZJ,32FNBKA6990P7ZQ,680271.15,2026-04-03,Kitchenware cartons,true
27IMDLL8847V8ZS,29DSORG7805Q7ZD,71429.35,2026-04-04,Crude polymer granules,true
29ZVHMB5624H3ZT,24WXKFC0232Q6ZN,3692491.77,2026-04-04,Bauxite,true
33ZCOYB3981K1ZV,29HEAIS4524P9Z7,26310.30,2026-04-04,Iron ore,true
33ZCOYB3981K1ZV,33INJVJ6049L7ZN,27829.61,2026-04-04,Raw cotton bales,true
33MMSCL6404D5Z9,24LEGQZ0248F6ZJ,80014.20,2026-04-04,Rubber gaskets,true
19CMQIT5183T9ZU,32HMMVM9374W1ZA,139232.82,2026-04-04,Steel coils,true
09MACAR1889T5Z3,32FNBKA6990P7ZQ,563861.08,2026-04-04,Garment lots,true
07NHZUY6060O5Z4,07TKLIK9045I2ZJ,1333617.46,2026-04-04,Furniture sets,true
24TPTFH7609E1Z9,19CMQIT5183T9ZU,1043846.95,2026-04-05,Crude polymer granules,true
36HNWSS6393V2ZK,07JDIYG5643H5ZA,1153362.55,2026-04-05,Raw cotton bales,true
36JMBCS5285U5Z4,29OZSVL9371R7ZY,31604.12,2026-04-05,Raw cotton bales,true
36JMBCS5285U5Z4,36IRGOE6167K2ZD,36118.32,2026-04-05,Iron ore,true
36ILBRA0487B8ZC,07NPOAT6825Y5Z6,322783.91,2026-04-05,Raw rubber sheets,true
36ILBRA0487B8ZC,29TIWPY0487R5ZH,1052514.75,2026-04-05,Bauxite,true
09ICBGQ0685I5ZT,36DOAKR6492B1ZA,9889.63,2026-04-05,Raw cotton bales,true
27IMDLL8847V8ZS,24XCOGB4723J1Z4,53593.94,2026-04-05,Raw cotton bales,true
27YRPVR6146L5ZI,32JQHYS5486E9ZT,43135.59,2026-04-05,Crude polymer granules,true
32DPUMB3137F3Z0,19ORCRZ5136S8ZX,25805.92,2026-04-05,Rubber gaskets,true
24QSNHV0585V8Z8,09MACAR1889T5Z3,709450.42,2026-04-05,Aluminium sheets,true
07JDIYG5643H5ZA,09THKGN0004S7ZJ,2205675.37,2026-04-05,Assembled pump units,false
24FKAOJ6947C4ZF,06XYZCA0026Z5ZI,2990000.00,2026-04-05,Assorted electronic components,false
19WSEJA6123K9ZZ,36ETOYM3140L4ZH,798829.77,2026-04-06,Crude polymer granules,true
27IMDLL8847V8ZS,24LEGQZ0248F6ZJ,115048.33,2026-04-06,Unprocessed timber,true
24KMIVJ8686V9ZO,07LYWHO7356O2Z6,153691.11,2026-04-06,Cotton yarn,true
24SORHP9066Z2ZO,24IWPHR7389W2Z5,26733.97,2026-04-06,Cotton yarn,false
32YKCYT1305Z3ZM,09ZBWBM8578V6ZU,123296.13,2026-04-06,Furniture sets,true
36WGNVQ2730W3ZZ,27LABTZ8624C8ZL,34930.14,2026-04-06,Auto spare kits,true
06DEAEJ2851Y7ZA,29TIWPY0487R5ZH,103278.30,2026-04-06,Kitchenware cartons,true
06TORUY4649H3ZW,24XCOGB4723J1Z4,937613.76,2026-04-07,Raw cotton bales,false
27YOFNE4012A3ZM,33GRWLO8497P9ZE,97629.23,2026-04-07,Unprocessed timber,true
33NIRBJ4576K8ZM,33DRDIN3277R8ZV,24441.95,2026-04-07,Plywood panels,true
19XBETB1195X1Z0,29YDUXQ1768F6Z5,10357.49,2026-04-07,Aluminium sheets,false
24KMIVJ8686V9ZO,19YTTQI9334D1Z5,107107.48,2026-04-07,Rubber gaskets,true
19UCSSH0140I9ZM,29YDUXQ1768F6Z5,649702.80,2026-04-07,Moulded plastic parts,true
36IRGOE6167K2ZD,09THKGN0004S7ZJ,123985.02,2026-04-07,Garment lots,true
19SMNMV3040I7ZD,09JTCDQ6252P6Z4,103391.87,2026-04-07,Bauxite,true
19VCJYK5835R1ZP,09IWOVN2020F3ZK,881334.42,2026-04-07,Packaged fittings,false
27IMDLL8847V8ZS,27SKWQX1255L5ZB,98295.06,2026-04-08,Bauxite,true
09GDUDI3670A5ZE,29GBWZR4282Y6Z3,382410.23,2026-04-08,Steel coils,false
29OTMAB3690O3Z2,36UCUGG4046W7ZA,6585.04,2026-04-08,Cotton yarn,true
27TZILH6929G4ZN,32LPQVH9585Z5Z0,389648.06,2026-04-08,Plywood panels,true
06NPUYZ0199O3ZQ,36IRGOE6167K2ZD,143783.38,2026-04-08,Plywood panels,true
29TPVLE8820A7ZX,07OWSPV4756N1ZN,215030.23,2026-04-08,Furniture sets,true
36AMNXO1723D1ZL,29MAUCO5537D8Z3,437660.51,2026-04-08,Packaged fittings,true
06VXENK5239T5Z6,07KYWMS0417O4Z8,1876589.33,2026-04-08,Assembled pump units,true
29GOJDW2619G6ZM,06YQSZA9310B9ZO,388881.21,2026-04-08,Packaged fittings,true
09EYIVN1895O1ZO,29USNIB2707Y3Z6,217563.39,2026-04-08,Auto spare kits,true
32FNBKA6990P7ZQ,19XTXAC5360U3ZZ,129100.18,2026-04-08,Recovered packaging material,false
33QZOGD3619C2Z5,32BIIMM0016N5ZM,423429.79,2026-04-08,Raw cotton bales,true
19VCJYK5835R1ZP,07LYWHO7356O2Z6,410000.00,2026-04-08,Packaged fittings,false
36CVMQV4934B6Z0,29OTMAB3690O3Z2,20919.30,2026-04-09,Raw cotton bales,true
27YOFNE4012A3ZM,33YGMLY4610W6ZS,160281.67,2026-04-09,Unprocessed timber,true
27IMDLL8847V8ZS,36MYFHN1078R2Z4,47940.78,2026-04-09,Raw rubber sheets,true
36SGHHT8031T6ZB,19AFHVR2881Q4Z4,66794.45,2026-04-09,Unprocessed timber,true
32TBUEX2464C3ZX,36MKQTJ8113D3ZB,146144.49,2026-04-09,Moulded plastic parts,true
24TQBMB5563K9ZK,32HMMVM9374W1ZA,305683.16,2026-04-09,Garment lots,true
29GOJDW2619G6ZM,06YQSZA9310B9ZO,354374.23,2026-04-09,Garment lots,true
19YNUSU1543Z9ZL,07ABURL9979Q1Z0,533975.70,2026-04-09,Returned unsold stock,true
36QICOS8271Q4ZI,09TAYZE2279X1Z7,494636.26,2026-04-09,Unprocessed timber,true
07NHZUY6060O5Z4,09MDSAV0327Y3ZY,98254.60,2026-04-09,Auto spare kits,false
19ODCUE4640B8ZZ,32IMLSE5517H1ZB,612567.98,2026-04-09,Packaged fittings,true
33XMQHZ6732E8Z4,06HELVU6748U6Z8,471544.53,2026-04-09,Recovered packaging material,false
36MVINV2704L6ZF,07IHIOC8713E8ZN,713665.62,2026-04-09,Kitchenware cartons,true
32AQGJY0057D6ZV,36AOZCX8818C4Z4,192445.70,2026-04-10,Raw cotton bales,true
33NZNBC3282E6ZC,36JWQJO7718G8Z1,15915.49,2026-04-10,Crude polymer granules,true
32DPUMB3137F3Z0,06TMEUI5957D8ZT,39452.95,2026-04-10,Cotton yarn,true
06KUHPQ3830N7ZC,33JUGCQ0243X7ZK,65479.34,2026-04-10,Steel coils,false
07NPOAT6825Y5Z6,36UCUGG4046W7ZA,200166.23,2026-04-10,Aluminium sheets,true
27IPCHV6936J3ZF,29MAUCO5537D8Z3,1435754.48,2026-04-10,Aluminium sheets,true
24WXKFC0232Q6ZN,32EJXJI9851G6ZJ,467105.78,2026-04-10,Moulded plastic parts,true
06SUIUY3480N6ZO,36MVINV2704L6ZF,781505.97,2026-04-10,Crude polymer granules,true
32DPUMB3137F3Z0,32MCPVJ0931T3ZJ,46577.49,2026-04-11,Aluminium sheets,true
32JQHYS5486E9ZT,33DKOHF9808I3ZZ,92923.81,2026-04-11,Steel coils,true
24RGHCF5815H7Z1,36MKQTJ8113D3ZB,533361.96,2026-04-11,Plywood panels,true
29HEAIS4524P9Z7,07JDIYG5643H5ZA,51826.33,2026-04-11,Steel coils,true
32BTVLO0183D3ZZ,36MGSXI2233Q3ZO,27922.29,2026-04-11,Moulded plastic parts,true
19XBETB1195X1Z0,09THKGN0004S7ZJ,8142.78,2026-04-11,Rubber gaskets,true
24OJGWG9976X2ZB,06GPNPX2499U7Z8,662494.15,2026-04-11,Moulded plastic parts,true
27CDMPY3420P3ZO,33JUGCQ0243X7ZK,4208161.15,2026-04-11,Garment lots,true
36MGSXI2233Q3ZO,06YQSZA9310B9ZO,319576.06,2026-04-11,Auto spare kits,true
06PIVDW3748J8ZT,27WVWUH1002U7ZN,712576.13,2026-04-11,Inter-branch stock transfer,true
27RLWOP1961W9ZE,27LPMFO3207W6ZE,12796.02,2026-04-12,Bauxite,true
27IMDLL8847V8ZS,36MYFHN1078R2Z4,38744.26,2026-04-12,Crude polymer granules,true
07NPOAT6825Y5Z6,36MFZZI1805O9Z6,200773.24,2026-04-12,Cotton yarn,true
24KMIVJ8686V9ZO,09THKGN0004S7ZJ,171403.23,2026-04-12,Aluminium sheets,true
24KMIVJ8686V9ZO,07LYWHO7356O2Z6,143553.17,2026-04-12,Plywood panels,true
24IWPHR7389W2Z5,09ZBWBM8578V6ZU,1619794.02,2026-04-12,Kitchenware cartons,true
06HKRKP4434B1ZM,07QRPZY1803G2ZH,492266.49,2026-04-12,Raw cotton bales,true
27YOFNE4012A3ZM,29HNSJS2359P1ZA,698882.69,2026-04-12,Raw cotton bales,true
29TUCVL2460C9ZK,32BIIMM0016N5ZM,616026.89,2026-04-12,Inter-branch stock transfer,false
06UCZBM8689B1ZC,07JDIYG5643H5ZA,90096.92,2026-04-13,Unprocessed timber,true
36UHMYC0921B6ZB,36MYFHN1078R2Z4,119580.10,2026-04-13,Raw rubber sheets,true
29OTMAB3690O3Z2,27CDMPY3420P3ZO,5754.50,2026-04-13,Rubber gaskets,true
19XBETB1195X1Z0,36JWQJO7718G8Z1,8317.42,2026-04-13,Cotton yarn,false
24WXKFC0232Q6ZN,36AOZCX8818C4Z4,449448.61,2026-04-13,Cotton yarn,true
19CMQIT5183T9ZU,32LPQVH9585Z5Z0,98125.87,2026-04-13,Aluminium sheets,false
24KMIVJ8686V9ZO,24XCOGB4723J1Z4,118848.20,2026-04-13,Moulded plastic parts,true
07JDIYG5643H5ZA,32HMMVM9374W1ZA,1596744.57,2026-04-13,Kitchenware cartons,true
24XCOGB4723J1Z4,07UPVXB8379E6ZK,533954.79,2026-04-13,Packaged fittings,true
09LOVSQ6828E1ZX,29LQFOT4019W1ZL,453003.52,2026-04-13,Packaged fittings,true
33ENOTV3814J8ZG,36LSELK1732T5ZX,996519.79,2026-04-14,Bauxite,true
36ILBRA0487B8ZC,07RMQJW3353W3ZM,648169.29,2026-04-14,Raw rubber sheets,true
32KQZTG2680A5ZT,06QCBYQ6201T5Z8,148519.20,2026-04-14,Moulded plastic parts,true
24LIHCR1961J7Z7,29GOJDW2619G6ZM,97770.20,2026-04-14,Rubber gaskets,true
24QSNHV0585V8Z8,09MACAR1889T5Z3,902796.83,2026-04-14,Rubber gaskets,true
19UCSSH0140I9ZM,29YDUXQ1768F6Z5,737630.88,2026-04-14,Plywood panels,true
36GZLVK4903C3ZJ,07TKLIK9045I2ZJ,664094.43,2026-04-14,Raw rubber sheets,true
19VCJYK5835R1ZP,27HXKTQ5235G4ZA,680000.00,2026-04-14,Furniture sets,true
33ENOTV3814J8ZG,24WXKFC0232Q6ZN,1116456.56,2026-04-15,Crude polymer granules,true
36HNWSS6393V2ZK,19QGJES9032L6ZO,1819070.18,2026-04-15,Crude polymer granules,true
24GWHPF1178Z2ZP,06QCBYQ6201T5Z8,115492.34,2026-04-15,Steel coils,true
19CMQIT5183T9ZU,32HMMVM9374W1ZA,152024.80,2026-04-15,Moulded plastic parts,true
27TZILH6929G4ZN,32LPQVH9585Z5Z0,433337.36,2026-04-15,Aluminium sheets,true
24KMIVJ8686V9ZO,07IHIOC8713E8ZN,150498.48,2026-04-15,Steel coils,true
32LPQVH9585Z5Z0,07OWSPV4756N1ZN,263019.53,2026-04-15,Furniture sets,true
24CPKFI4802U8Z3,07DHLQX8570T4Z7,467214.58,2026-04-15,Garment lots,true
09LOVSQ6828E1ZX,09TAYZE2279X1Z7,1107455.01,2026-04-15,Inter-branch stock transfer,true
32LTYIF5947E9ZG,33YETHK5759C7ZW,316062.91,2026-04-15,Raw rubber sheets,true
24FKAOJ6947C4ZF,07XBHEJ9668L1Z2,5851929.45,2026-04-15,Miscellaneous industrial goods,false
33DCFQP7960U6Z9,24RGHCF5815H7Z1,1160434.18,2026-04-16,Unprocessed timber,true
27YOFNE4012A3ZM,33YGMLY4610W6ZS,163096.04,2026-04-16,Raw rubber sheets,true
27IMDLL8847V8ZS,27SKWQX1255L5ZB,118581.82,2026-04-16,Bauxite,true
24KMIVJ8686V9ZO,07IHIOC8713E8ZN,129222.27,2026-04-16,Moulded plastic parts,true
36IRGOE6167K2ZD,06XLLCH1373K6Z0,160915.15,2026-04-16,Kitchenware cartons,true
06QCBYQ6201T5Z8,06GPNPX2499U7Z8,200253.92,2026-04-16,Furniture sets,true
19DKRMK6116L4ZI,19ZFPYI2441K8ZA,94982.88,2026-04-16,Assembled pump units,false
27AVHXG6804R4Z7,06YQSZA9310B9ZO,209077.20,2026-04-16,Packaged fittings,true
06HKRKP4434B1ZM,27EJNER1948V4ZB,324433.55,2026-04-16,Iron ore,true
07NHZUY6060O5Z4,24ADBPZ9331Y7Z1,605564.21,2026-04-16,Garment lots,true
07NHZUY6060O5Z4,06XLLCH1373K6Z0,179742.90,2026-04-16,Assembled pump units,true
32IMLSE5517H1ZB,32IJUSV5003E7ZI,468278.72,2026-04-16,Assembled pump units,false
36CVMQV4934B6Z0,33XMQHZ6732E8Z4,406755.31,2026-04-16,Iron ore,true
27RLWOP1961W9ZE,29TIWPY0487R5ZH,31595.48,2026-04-17,Crude polymer granules,true
36QICOS8271Q4ZI,24OJGWG9976X2ZB,8017392.60,2026-04-17,Crude polymer granules,true
27IMDLL8847V8ZS,24LEGQZ0248F6ZJ,129075.33,2026-04-17,Bauxite,false
33MMSCL6404D5Z9,06MOGFE1378X5ZQ,122049.18,2026-04-17,Moulded plastic parts,true
24RGHCF5815H7Z1,07KYWMS0417O4Z8,272067.55,2026-04-17,Steel coils,true
36LSELK1732T5ZX,07JDIYG5643H5ZA,1025137.12,2026-04-17,Rubber gaskets,true
29NVUAL1821K7ZE,33DKOHF9808I3ZZ,114458.21,2026-04-17,Steel coils,true
29ONVRZ3130M6ZL,32FNBKA6990P7ZQ,165740.68,2026-04-17,Moulded plastic parts,true
32EJXJI9851G6ZJ,07FSGBM8265D9ZC,103649.28,2026-04-17,Garment lots,true
06TORUY4649H3ZW,36MGSXI2233Q3ZO,786551.61,2026-04-18,Raw cotton bales,true
36ILBRA0487B8ZC,33IIMMB0166U5Z6,659256.12,2026-04-18,Iron ore,false
27IMDLL8847V8ZS,24LEGQZ0248F6ZJ,119940.33,2026-04-18,Iron ore,true
27IMDLL8847V8ZS,24QJQGQ3620U1Z2,72505.24,2026-04-18,Iron ore,true
33QZOGD3619C2Z5,32ZOIZY9544B1ZL,277056.19,2026-04-18,Iron ore,false
32JQHYS5486E9ZT,07FSGBM8265D9ZC,104524.89,2026-04-18,Moulded plastic parts,true
32JTXAZ6068Y4ZY,24BUWJE4861D5ZC,277518.76,2026-04-18,Steel coils,true
29OTMAB3690O3Z2,36UCUGG4046W7ZA,6571.28,2026-04-18,Cotton yarn,true
07WKVKZ7853Z8ZD,27SKWQX1255L5ZB,42489.05,2026-04-18,Cotton yarn,true
19XBETB1195X1Z0,29DFJDI9306B7ZJ,6128.46,2026-04-18,Plywood panels,true
19XBETB1195X1Z0,09THKGN0004S7ZJ,6997.29,2026-04-18,Plywood panels,true
06NPUYZ0199O3ZQ,24IWPHR7389W2Z5,99933.84,2026-04-18,Aluminium sheets,true
24KMIVJ8686V9ZO,29GBWZR4282Y6Z3,163007.34,2026-04-18,Cotton yarn,true
24SORHP9066Z2ZO,24QJQGQ3620U1Z2,27030.39,2026-04-18,Rubber gaskets,true
32EJXJI9851G6ZJ,09ZBWBM8578V6ZU,70218.35,2026-04-18,Kitchenware cartons,true
32LPQVH9585Z5Z0,07OWSPV4756N1ZN,227507.97,2026-04-18,Furniture sets,true
09TAYZE2279X1Z7,07QRPZY1803G2ZH,1283656.37,2026-04-18,Packaged fittings,false
29DPWOY6467E1ZV,33YETHK5759C7ZW,1196310.67,2026-04-18,Recovered packaging material,true
36RVGEN3898U2ZW,36BEPHT0000S2ZM,885576.11,2026-04-18,Raw cotton bales,false
06SUIUY3480N6ZO,19ODCUE4640B8ZZ,664783.39,2026-04-18,Raw cotton bales,true
06UCZBM8689B1ZC,07JDIYG5643H5ZA,100396.72,2026-04-19,Crude polymer granules,true
27IMDLL8847V8ZS,24XCOGB4723J1Z4,59035.96,2026-04-19,Iron ore,true
29QWAAN3943M1ZA,36IRGOE6167K2ZD,600249.01,2026-04-19,Steel coils,true
33NRDCU7320N2Z5,07JDIYG5643H5ZA,1881576.86,2026-04-19,Cotton yarn,false
29OTMAB3690O3Z2,29GOJDW2619G6ZM,8269.58,2026-04-19,Cotton yarn,true
07RMQJW3353W3ZM,36UUJPD2134K1ZG,272978.31,2026-04-19,Auto spare kits,true
27EJNER1948V4ZB,07UPVXB8379E6ZK,414810.34,2026-04-19,Packaged fittings,false
27RLWOP1961W9ZE,07TKLIK9045I2ZJ,759933.92,2026-04-19,Unprocessed timber,true
32LTYIF5947E9ZG,32IJUSV5003E7ZI,696169.67,2026-04-19,Crude polymer granules,true
06HELVU6748U6Z8,36MVINV2704L6ZF,436409.57,2026-04-19,Furniture sets,true
32BIIMM0016N5ZM,06YQSZA9310B9ZO,544373.77,2026-04-19,Packaged fittings,true
06HELVU6748U6Z8,07IHIOC8713E8ZN,89140.79,2026-04-19,Kitchenware cartons,false
06DEAEJ2851Y7ZA,29TIWPY0487R5ZH,59999.51,2026-04-19,Garment lots,false
06DEAEJ2851Y7ZA,19QLQGQ2532E7Z2,60146.92,2026-04-19,Trading goods - assorted,false
24PVOMJ2656K2ZL,27TZILH6929G4ZN,1568099.88,2026-04-20,Raw rubber sheets,true
33XJXTK6255H1ZG,32JTXAZ6068Y4ZY,732259.39,2026-04-20,Raw rubber sheets,true
27IMDLL8847V8ZS,27SKWQX1255L5ZB,112282.85,2026-04-20,Bauxite,true
27IMDLL8847V8ZS,27SKWQX1255L5ZB,91155.84,2026-04-20,Crude polymer granules,true
27IMDLL8847V8ZS,24LEGQZ0248F6ZJ,108818.00,2026-04-20,Bauxite,true
27IMDLL8847V8ZS,24QJQGQ3620U1Z2,66403.46,2026-04-20,Unprocessed timber,true
33INJVJ6049L7ZN,32FNBKA6990P7ZQ,15340.53,2026-04-20,Plywood panels,true
29HEAIS4524P9Z7,29GOJDW2619G6ZM,35101.46,2026-04-20,Aluminium sheets,false
29OTMAB3690O3Z2,27WAABE0101S7ZY,6932.64,2026-04-20,Aluminium sheets,true
29OTMAB3690O3Z2,36UCUGG4046W7ZA,7583.42,2026-04-20,Steel coils,true
27TZILH6929G4ZN,32LPQVH9585Z5Z0,487703.20,2026-04-20,Steel coils,true
29YGPFN5167M1ZA,19YNUSU1543Z9ZL,62115.79,2026-04-20,Packaged fittings,false
29TPVLE8820A7ZX,06YQSZA9310B9ZO,424651.21,2026-04-20,Furniture sets,true
07UPVXB8379E6ZK,36IRGOE6167K2ZD,133754.21,2026-04-20,Scrap and offcuts,true
19QLQGQ2532E7Z2,32FNBKA6990P7ZQ,121212.27,2026-04-20,Returned unsold stock,true
36QICOS8271Q4ZI,06ENRLT9528T9Z3,141624.03,2026-04-20,Raw cotton bales,true
29WPVPH3087E4Z8,36MVINV2704L6ZF,83922.29,2026-04-20,Iron ore,true
29HDPWO6467E4ZJ,32LPQVH9585Z5Z0,213291.22,2026-04-21,Iron ore,true
24KMIVJ8686V9ZO,29GBWZR4282Y6Z3,156581.21,2026-04-21,Steel coils,true
09JOQVF4504B8ZC,36UUJPD2134K1ZG,186688.77,2026-04-21,Auto spare kits,true
06QCBYQ6201T5Z8,06GPNPX2499U7Z8,218741.32,2026-04-21,Kitchenware cartons,true
24LEGQZ0248F6ZJ,06GPNPX2499U7Z8,415845.62,2026-04-21,Assembled pump units,true
27JGLFA5617I5Z0,32JRVFD9935D4Z3,118274.62,2026-04-21,Bauxite,true
27EJNER1948V4ZB,29DFJDI9306B7ZJ,122736.08,2026-04-21,Assembled pump units,false
32BIIMM0016N5ZM,09THKGN0004S7ZJ,591456.25,2026-04-21,Packaged fittings,true
32BIIMM0016N5ZM,07OWSPV4756N1ZN,587753.95,2026-04-21,Furniture sets,false
19ILQQI2408P3Z6,09IWOVN2020F3ZK,241221.72,2026-04-21,Kitchenware cartons,true
24PVOMJ2656K2ZL,33MMSCL6404D5Z9,1196407.60,2026-04-22,Crude polymer granules,true
24GWHPF1178Z2ZP,33BBUTI9480T1ZR,97579.67,2026-04-22,Cotton yarn,true
07NPOAT6825Y5Z6,33DRDIN3277R8ZV,247608.01,2026-04-22,Rubber gaskets,true
07XFBLY2148W1ZG,36MKQTJ8113D3ZB,155223.43,2026-04-22,Aluminium sheets,true
29HEAIS4524P9Z7,19ORCRZ5136S8ZX,69003.23,2026-04-22,Steel coils,true
29HEAIS4524P9Z7,06TMEUI5957D8ZT,53860.43,2026-04-22,Moulded plastic parts,true
29ONVRZ3130M6ZL,29GBWZR4282Y6Z3,70700.34,2026-04-22,Plywood panels,true
09LOVSQ6828E1ZX,07IHIOC8713E8ZN,449917.12,2026-04-22,Assembled pump units,false
24PVOMJ2656K2ZL,32RTMUK0767J7ZR,774958.39,2026-04-23,Unprocessed timber,true
36ILBRA0487B8ZC,29DSORG7805Q7ZD,620284.29,2026-04-23,Crude polymer granules,true
24RGHCF5815H7Z1,07FSGBM8265D9ZC,438757.49,2026-04-23,Plywood panels,true
29HEAIS4524P9Z7,33BBUTI9480T1ZR,57155.43,2026-04-23,Moulded plastic parts,true
29HEAIS4524P9Z7,07BSHGZ0028T6Z1,71562.01,2026-04-23,Steel coils,true
19QGJES9032L6ZO,29GOJDW2619G6ZM,242667.80,2026-04-23,Cotton yarn,true
19XBETB1195X1Z0,29YDUXQ1768F6Z5,8933.81,2026-04-23,Steel coils,true
19CMQIT5183T9ZU,32LPQVH9585Z5Z0,130172.39,2026-04-23,Moulded plastic parts,false
09EYIVN1895O1ZO,33ZCRFD0565L9ZA,218873.56,2026-04-23,Packaged fittings,true
19ODCUE4640B8ZZ,06TMEUI5957D8ZT,439021.46,2026-04-23,Packaged fittings,true
06UCZBM8689B1ZC,06VXENK5239T5Z6,104597.70,2026-04-24,Unprocessed timber,true
27RLWOP1961W9ZE,29TIWPY0487R5ZH,26616.19,2026-04-24,Raw cotton bales,true
29HEAIS4524P9Z7,06TMEUI5957D8ZT,59607.25,2026-04-24,Moulded plastic parts,true
32OSLJF8100O5ZL,07XBHEJ9668L1Z2,23423.91,2026-04-24,Moulded plastic parts,true
06GPNPX2499U7Z8,09VPWSE5537W2Z0,76293.24,2026-04-24,Recovered packaging material,false
29ZVHMB5624H3ZT,19CIPWV1049V1ZO,219983.70,2026-04-24,Bauxite,true
07QRPZY1803G2ZH,09LOVSQ6828E1ZX,1165881.08,2026-04-24,Scrap and offcuts,false
06SUIUY3480N6ZO,06HELVU6748U6Z8,794976.10,2026-04-24,Crude polymer granules,true
24FKAOJ6947C4ZF,29YGPFN5167M1ZA,3390000.00,2026-04-24,Industrial consumables (assorted),false
19VCJYK5835R1ZP,27HXKTQ5235G4ZA,880000.00,2026-04-24,Auto spare kits,true
32JTXAZ6068Y4ZY,07IHIOC8713E8ZN,305112.67,2026-04-25,Cotton yarn,true
33DRDIN3277R8ZV,06PACMQ7731H2Z6,189130.09,2026-04-25,Assembled pump units,false
33GRWLO8497P9ZE,33ZCRFD0565L9ZA,969553.06,2026-04-25,Assembled pump units,true
29GBWZR4282Y6Z3,33BBUTI9480T1ZR,722747.78,2026-04-25,Assembled pump units,true
36RVGEN3898U2ZW,07NHZUY6060O5Z4,614347.11,2026-04-25,Iron ore,true
07NHZUY6060O5Z4,19YNUSU1543Z9ZL,598743.46,2026-04-25,Assembled pump units,true
29HNSJS2359P1ZA,19ODCUE4640B8ZZ,654857.34,2026-04-25,Scrap and offcuts,true
19ODCUE4640B8ZZ,32IMLSE5517H1ZB,549422.36,2026-04-25,Assembled pump units,true
29TUCVL2460C9ZK,32BIIMM0016N5ZM,570702.24,2026-04-25,Recovered packaging material,true
06DEAEJ2851Y7ZA,06GPNPX2499U7Z8,46812.45,2026-04-25,Furniture sets,true
06CFKGF8704V3ZL,06YQSZA9310B9ZO,54109.11,2026-04-26,Kitchenware cartons,false
32YKCYT1305Z3ZM,06MOGFE1378X5ZQ,165145.05,2026-04-26,Furniture sets,true
07BSHGZ0028T6Z1,33ZCRFD0565L9ZA,555541.49,2026-04-26,Recovered packaging material,true
36MVINV2704L6ZF,06ZYUMR8310X1ZI,560890.80,2026-04-26,Assembled pump units,true
06TORUY4649H3ZW,36MGSXI2233Q3ZO,718573.20,2026-04-27,Crude polymer granules,true
32APDCZ4228J5Z9,29YDUXQ1768F6Z5,293667.40,2026-04-27,Iron ore,true
27IMDLL8847V8ZS,07JDIYG5643H5ZA,57296.65,2026-04-27,Crude polymer granules,true
27IMDLL8847V8ZS,24QJQGQ3620U1Z2,82866.22,2026-04-27,Iron ore,true
29OTMAB3690O3Z2,36UCUGG4046W7ZA,6578.21,2026-04-27,Rubber gaskets,true
36GDMFJ3180O4ZC,29DFJDI9306B7ZJ,411431.33,2026-04-27,Cotton yarn,true
33GUQQC4750Y8Z5,09ZBWBM8578V6ZU,1377570.44,2026-04-27,Auto spare kits,true
09LOVSQ6828E1ZX,09TAYZE2279X1Z7,1485500.10,2026-04-27,Scrap and offcuts,false
33EOHXD6723F6ZQ,36VJYBT3192K3ZG,290950.02,2026-04-27,Bauxite,false
06TORUY4649H3ZW,06PIVDW3748J8ZT,106152.82,2026-04-27,Raw rubber sheets,true
33MDFOF7954Z9ZL,36MVINV2704L6ZF,467197.87,2026-04-27,Raw rubber sheets,true
09QVIWP3873R2Z7,29NVUAL1821K7ZE,142891.28,2026-04-27,Trading goods - assorted,true
33EOHXD6723F6ZQ,32KRNME6662U7ZG,737991.80,2026-04-28,Crude polymer granules,true
36CVMQV4934B6Z0,29OTMAB3690O3Z2,23228.52,2026-04-28,Raw cotton bales,true
27IMDLL8847V8ZS,24QJQGQ3620U1Z2,73132.51,2026-04-28,Crude polymer granules,true
36HIWMV4627A6ZF,33ZCRFD0565L9ZA,1352338.04,2026-04-28,Steel coils,true
29HEAIS4524P9Z7,33DRDIN3277R8ZV,67879.79,2026-04-28,Moulded plastic parts,true
24TQBMB5563K9ZK,06YQSZA9310B9ZO,402230.81,2026-04-28,Assembled pump units,true
06HKRKP4434B1ZM,09LOVSQ6828E1ZX,165919.27,2026-04-28,Crude polymer granules,true
19NYPEV4329L9Z0,07QRPZY1803G2ZH,84059.44,2026-04-28,Iron ore,true
06HELVU6748U6Z8,36MVINV2704L6ZF,520285.72,2026-04-28,Kitchenware cartons,false
24FKAOJ6947C4ZF,07JDIYG5643H5ZA,2510000.00,2026-04-28,Trading goods - general,false
09QVIWP3873R2Z7,33DKOHF9808I3ZZ,86369.03,2026-04-28,Garment lots,true
36ILBRA0487B8ZC,24KMIVJ8686V9ZO,677741.71,2026-04-29,Unprocessed timber,true
36QICOS8271Q4ZI,09LRSNL8397M2ZC,5859365.68,2026-04-29,Raw rubber sheets,true
32DPUMB3137F3Z0,32MCPVJ0931T3ZJ,42450.09,2026-04-29,Plywood panels,true
24GWHPF1178Z2ZP,33BBUTI9480T1ZR,106758.44,2026-04-29,Steel coils,true
19XBETB1195X1Z0,07DHLQX8570T4Z7,12610.45,2026-04-29,Steel coils,true
24SORHP9066Z2ZO,06YQSZA9310B9ZO,22627.68,2026-04-29,Plywood panels,true
36MGSXI2233Q3ZO,24ADBPZ9331Y7Z1,194372.68,2026-04-29,Assembled pump units,true
24HGRZG4980H6ZH,06ZYUMR8310X1ZI,138753.79,2026-04-29,Assembled pump units,true
09LOVSQ6828E1ZX,09VPWSE5537W2Z0,469267.45,2026-04-29,Furniture sets,true
36HNWSS6393V2ZK,36VJYBT3192K3ZG,488614.40,2026-04-29,Raw rubber sheets,true
24FKAOJ6947C4ZF,32KQZTG2680A5ZT,3120000.00,2026-04-29,Mixed hardware consignment,false
36SGHHT8031T6ZB,19VCJYK5835R1ZP,524079.84,2026-04-29,Raw rubber sheets,true
36LSELK1732T5ZX,07JDIYG5643H5ZA,918068.58,2026-04-30,Cotton yarn,true
36HIWMV4627A6ZF,33ZCRFD0565L9ZA,1445240.05,2026-04-30,Rubber gaskets,true
29OTMAB3690O3Z2,29GOJDW2619G6ZM,7535.54,2026-04-30,Aluminium sheets,true
24KMIVJ8686V9ZO,07IHIOC8713E8ZN,129496.34,2026-04-30,Plywood panels,true
09JOQVF4504B8ZC,33BBUTI9480T1ZR,107935.16,2026-04-30,Auto spare kits,true
09TUUXS2191W1Z4,32FNBKA6990P7ZQ,109795.43,2026-04-30,Auto spare kits,true
19ZFPYI2441K8ZA,29DFJDI9306B7ZJ,130660.58,2026-04-30,Recovered packaging material,true
36SGHHT8031T6ZB,09JTCDQ6252P6Z4,64081.49,2026-04-30,Crude polymer granules,false
33EOHXD6723F6ZQ,09LOVSQ6828E1ZX,718777.89,2026-04-30,Raw cotton bales,true
36WGNVQ2730W3ZZ,29NVUAL1821K7ZE,58062.37,2026-04-30,Furniture sets,false
09QVIWP3873R2Z7,07XFBLY2148W1ZG,42845.55,2026-04-30,Furniture sets,false
06DEAEJ2851Y7ZA,24XPYIF3293S1ZX,78374.67,2026-04-30,Trading goods - assorted,false
27RLWOP1961W9ZE,27CPIOO2175D8Z4,27323.70,2026-05-01,Crude polymer granules,true
27YOFNE4012A3ZM,33YGMLY4610W6ZS,185852.14,2026-05-01,Raw cotton bales,true
27IMDLL8847V8ZS,27SKWQX1255L5ZB,98153.57,2026-05-01,Bauxite,true
24SORHP9066Z2ZO,33BBUTI9480T1ZR,19742.97,2026-05-01,Rubber gaskets,true
36MVINV2704L6ZF,29TUCVL2460C9ZK,683031.47,2026-05-01,Warranty replacement units,false
36MVINV2704L6ZF,09ZBWBM8578V6ZU,599787.02,2026-05-01,Kitchenware cartons,true
36WGNVQ2730W3ZZ,36HIWMV4627A6ZF,65576.74,2026-05-01,Furniture sets,false
19VCJYK5835R1ZP,27HXKTQ5235G4ZA,540000.00,2026-05-01,Garment lots,false
33EOHXD6723F6ZQ,32KRNME6662U7ZG,619902.89,2026-05-02,Raw rubber sheets,true
36ILBRA0487B8ZC,24KMIVJ8686V9ZO,718005.94,2026-05-02,Raw rubber sheets,true
09ICBGQ0685I5ZT,24KMIVJ8686V9ZO,18394.39,2026-05-02,Unprocessed timber,true
32DPUMB3137F3Z0,06TMEUI5957D8ZT,46299.54,2026-05-02,Aluminium sheets,false
33DRDIN3277R8ZV,32FNBKA6990P7ZQ,580814.62,2026-05-02,Kitchenware cartons,false
33DRDIN3277R8ZV,29MAUCO5537D8Z3,420205.57,2026-05-02,Furniture sets,true
24FKAOJ6947C4ZF,32KQZTG2680A5ZT,2810000.00,2026-05-02,Industrial consumables (assorted),false
19QAOYF9022E9Z3,32JTXAZ6068Y4ZY,3376553.45,2026-05-03,Unprocessed timber,false
36HNWSS6393V2ZK,24IWPHR7389W2Z5,841955.96,2026-05-03,Unprocessed timber,true
27RLWOP1961W9ZE,29TIWPY0487R5ZH,27913.77,2026-05-03,Raw rubber sheets,true
27RLWOP1961W9ZE,36JWQJO7718G8Z1,11993.94,2026-05-03,Bauxite,true
27IMDLL8847V8ZS,24XCOGB4723J1Z4,54040.18,2026-05-03,Raw rubber sheets,true
27LPMFO3207W6ZE,33GRWLO8497P9ZE,280640.92,2026-05-03,Plywood panels,true
29TIWPY0487R5ZH,33GRWLO8497P9ZE,206989.98,2026-05-03,Moulded plastic parts,true
24SORHP9066Z2ZO,09LRSNL8397M2ZC,21229.42,2026-05-03,Steel coils,true
29ONVRZ3130M6ZL,06GPNPX2499U7Z8,151004.80,2026-05-03,Plywood panels,true
24LIHCR1961J7Z7,36AMNXO1723D1ZL,65377.29,2026-05-03,Moulded plastic parts,true
19DKRMK6116L4ZI,24XPYIF3293S1ZX,56369.47,2026-05-03,Furniture sets,true
29GLIVA3486Y3ZR,29USNIB2707Y3Z6,187362.47,2026-05-03,Auto spare kits,true
19XTXAC5360U3ZZ,19ZFPYI2441K8ZA,130053.65,2026-05-03,Scrap and offcuts,true
33EGOOS9719X8ZP,32JRVFD9935D4Z3,190252.13,2026-05-03,Bauxite,true
33YETHK5759C7ZW,33JUGCQ0243X7ZK,515741.02,2026-05-03,Packaged fittings,true
33ENOTV3814J8ZG,36LSELK1732T5ZX,1316703.70,2026-05-04,Bauxite,false
32AQGJY0057D6ZV,36UCUGG4046W7ZA,234436.50,2026-05-04,Raw cotton bales,true
24GWHPF1178Z2ZP,36UCUGG4046W7ZA,108374.22,2026-05-04,Plywood panels,true
29OTMAB3690O3Z2,36UCUGG4046W7ZA,7235.37,2026-05-04,Moulded plastic parts,true
19XBETB1195X1Z0,36JWQJO7718G8Z1,8110.76,2026-05-04,Steel coils,true
19CMQIT5183T9ZU,36MKQTJ8113D3ZB,123475.66,2026-05-04,Rubber gaskets,true
19AFHVR2881Q4Z4,33ZCRFD0565L9ZA,909475.44,2026-05-04,Kitchenware cartons,true
36MGSXI2233Q3ZO,07FSGBM8265D9ZC,376565.85,2026-05-04,Furniture sets,true
36ILBRA0487B8ZC,07NPOAT6825Y5Z6,392079.53,2026-05-05,Unprocessed timber,true
27YRPVR6146L5ZI,07NPOAT6825Y5Z6,99366.71,2026-05-05,Crude polymer granules,true
29YGPFN5167M1ZA,09THKGN0004S7ZJ,53181.65,2026-05-05,Packaged fittings,false
27HXKTQ5235G4ZA,33JUGCQ0243X7ZK,994536.34,2026-05-05,Garment lots,true
36MGSXI2233Q3ZO,33ZCRFD0565L9ZA,217769.17,2026-05-05,Auto spare kits,true
06CXXPI1433H7ZT,29LQFOT4019W1ZL,530855.41,2026-05-05,Assembled pump units,true
07NHZUY6060O5Z4,07TKLIK9045I2ZJ,1215984.98,2026-05-05,Scrap and offcuts,true
33XMQHZ6732E8Z4,06GPNPX2499U7Z8,135007.61,2026-05-05,Assembled pump units,true
24FKAOJ6947C4ZF,07WKVKZ7853Z8ZD,1590000.00,2026-05-05,Industrial consumables (assorted),false
32JTXAZ6068Y4ZY,07IHIOC8713E8ZN,286687.30,2026-05-06,Plywood panels,true
32KOMDV4565M8ZD,24QJQGQ3620U1Z2,183402.29,2026-05-06,Steel coils,true
36IRGOE6167K2ZD,33JUGCQ0243X7ZK,68710.29,2026-05-06,Furniture sets,false
27EJNER1948V4ZB,27KNVLF9413B7ZQ,652609.44,2026-05-06,Kitchenware cartons,true
29DPWOY6467E1ZV,33YETHK5759C7ZW,1053457.01,2026-05-06,Packaged fittings,true
06DEAEJ2851Y7ZA,07JDIYG5643H5ZA,88522.29,2026-05-06,Furniture sets,false
06DEAEJ2851Y7ZA,06CFKGF8704V3ZL,27870.56,2026-05-06,Trading goods - assorted,true
06DEAEJ2851Y7ZA,29NVUAL1821K7ZE,60000.00,2026-05-06,Kitchenware cartons,false
19SMNMV3040I7ZD,36DOAKR6492B1ZA,166850.32,2026-05-07,Unprocessed timber,true
33INJVJ6049L7ZN,32HMMVM9374W1ZA,15442.90,2026-05-07,Steel coils,true
24GWHPF1178Z2ZP,33BBUTI9480T1ZR,108485.32,2026-05-07,Steel coils,false
29TIWPY0487R5ZH,24BUWJE4861D5ZC,110308.08,2026-05-07,Steel coils,true
24CGIRZ2877Z7ZD,06YQSZA9310B9ZO,8497.67,2026-05-07,Auto spare kits,true
27AVHXG6804R4Z7,06YQSZA9310B9ZO,193216.32,2026-05-07,Auto spare kits,true
27AVHXG6804R4Z7,06YQSZA9310B9ZO,223915.97,2026-05-07,Auto spare kits,true
27WVWUH1002U7ZN,09UAURV3740O9Z4,974151.91,2026-05-07,Auto spare kits,true
09QVIWP3873R2Z7,29NVUAL1821K7ZE,79513.59,2026-05-07,Furniture sets,false
24PVOMJ2656K2ZL,24IWPHR7389W2Z5,567188.29,2026-05-08,Raw cotton bales,true
27IMDLL8847V8ZS,24XCOGB4723J1Z4,47004.73,2026-05-08,Iron ore,true
36DOAKR6492B1ZA,06GPNPX2499U7Z8,17279.00,2026-05-08,Aluminium sheets,true
27HXKTQ5235G4ZA,29USNIB2707Y3Z6,477672.19,2026-05-08,Furniture sets,true
32LPQVH9585Z5Z0,33JUGCQ0243X7ZK,144462.81,2026-05-08,Assembled pump units,true
36QICOS8271Q4ZI,07NHZUY6060O5Z4,247260.68,2026-05-08,Iron ore,true
33NIRBJ4576K8ZM,36IRGOE6167K2ZD,14552.14,2026-05-09,Aluminium sheets,true
24WXKFC0232Q6ZN,29GBWZR4282Y6Z3,417973.25,2026-05-09,Rubber gaskets,true
36IRGOE6167K2ZD,06XLLCH1373K6Z0,158253.31,2026-05-09,Assembled pump units,true
24TQBMB5563K9ZK,32HMMVM9374W1ZA,256362.03,2026-05-09,Assembled pump units,true
29GBWZR4282Y6Z3,06TMEUI5957D8ZT,675710.78,2026-05-09,Garment lots,true
09JTCDQ6252P6Z4,07FSGBM8265D9ZC,70706.92,2026-05-09,Furniture sets,false
24TSKYG0110D8ZX,27EJNER1948V4ZB,484081.11,2026-05-09,Iron ore,false
24FKAOJ6947C4ZF,29YGPFN5167M1ZA,1726025.78,2026-05-09,Miscellaneous industrial goods,false
24PVOMJ2656K2ZL,24IWPHR7389W2Z5,524519.27,2026-05-10,Bauxite,true
24PVOMJ2656K2ZL,27TZILH6929G4ZN,1512536.10,2026-05-10,Unprocessed timber,true
33ENOTV3814J8ZG,33DRDIN3277R8ZV,1491448.20,2026-05-10,Raw cotton bales,true
33NZNBC3282E6ZC,19MIHQQ3170D1ZS,14419.60,2026-05-10,Iron ore,true
06HZHAM9303D1Z2,07NPOAT6825Y5Z6,878692.74,2026-05-10,Iron ore,true
27ZKLFW2886V7ZL,27SKWQX1255L5ZB,579128.98,2026-05-10,Cotton yarn,false
36MKQTJ8113D3ZB,07FSGBM8265D9ZC,386130.32,2026-05-10,Packaged fittings,true
32EJXJI9851G6ZJ,19DQPPY2036U8ZN,107439.69,2026-05-10,Auto spare kits,true
33YFHAE9497P9ZG,33BBUTI9480T1ZR,146175.56,2026-05-10,Garment lots,true
19QAOYF9022E9Z3,07QRPZY1803G2ZH,871846.75,2026-05-10,Raw cotton bales,true
29TUCVL2460C9ZK,06GPNPX2499U7Z8,434564.83,2026-05-10,Garment lots,true
24PVOMJ2656K2ZL,24IWPHR7389W2Z5,545460.94,2026-05-11,Raw rubber sheets,true
27IMDLL8847V8ZS,36MYFHN1078R2Z4,45630.45,2026-05-11,Iron ore,true
19MIHQQ3170D1ZS,32HMMVM9374W1ZA,64667.66,2026-05-11,Steel coils,true
24KMIVJ8686V9ZO,24XCOGB4723J1Z4,93656.66,2026-05-11,Aluminium sheets,false
36JWQJO7718G8Z1,19DQPPY2036U8ZN,458132.99,2026-05-11,Garment lots,true
33EOHXD6723F6ZQ,27EJNER1948V4ZB,751033.01,2026-05-11,Raw cotton bales,true
07QRPZY1803G2ZH,09LOVSQ6828E1ZX,1080987.91,2026-05-11,Garment lots,false
24PVOMJ2656K2ZL,06NPUYZ0199O3ZQ,685541.04,2026-05-12,Raw cotton bales,true
27IMDLL8847V8ZS,24XCOGB4723J1Z4,47903.68,2026-05-12,Raw cotton bales,true
33NZNBC3282E6ZC,19MIHQQ3170D1ZS,13680.26,2026-05-12,Unprocessed timber,true
33ZCOYB3981K1ZV,33INJVJ6049L7ZN,23507.66,2026-05-12,Crude polymer granules,true
36WFQAG8528A9Z5,06TMEUI5957D8ZT,556830.47,2026-05-12,Plywood panels,true
24GWHPF1178Z2ZP,36UCUGG4046W7ZA,95859.76,2026-05-12,Moulded plastic parts,true
19XBETB1195X1Z0,36JWQJO7718G8Z1,7817.13,2026-05-12,Moulded plastic parts,true
24BUWJE4861D5ZC,19DQPPY2036U8ZN,431181.13,2026-05-12,Packaged fittings,true
27MLHJA7771D8ZP,07NHZUY6060O5Z4,406173.15,2026-05-12,Bauxite,false
32BIIMM0016N5ZM,09VPWSE5537W2Z0,470052.90,2026-05-12,Packaged fittings,true
36WGNVQ2730W3ZZ,36LSELK1732T5ZX,70000.00,2026-05-12,Assembled pump units,true
06DEAEJ2851Y7ZA,06ZYUMR8310X1ZI,30000.00,2026-05-12,Packaged fittings,false
24PVOMJ2656K2ZL,32RTMUK0767J7ZR,672138.95,2026-05-13,Crude polymer granules,true
36BOCZB4319K6Z2,29SLMYQ2307L6Z5,5566398.34,2026-05-13,Unprocessed timber,true
33MMSCL6404D5Z9,36IRGOE6167K2ZD,123125.98,2026-05-13,Rubber gaskets,true
24KMIVJ8686V9ZO,07IHIOC8713E8ZN,133595.34,2026-05-13,Rubber gaskets,true
24LIHCR1961J7Z7,09JOQVF4504B8ZC,103038.47,2026-05-13,Steel coils,true
36IRGOE6167K2ZD,06TMEUI5957D8ZT,180405.69,2026-05-13,Assembled pump units,true
07RMQJW3353W3ZM,36UUJPD2134K1ZG,252504.47,2026-05-13,Furniture sets,false
06DEAEJ2851Y7ZA,06GPNPX2499U7Z8,70724.61,2026-05-13,Assembled pump units,true
27YOFNE4012A3ZM,33GRWLO8497P9ZE,122230.35,2026-05-14,Crude polymer granules,false
33NZNBC3282E6ZC,19MIHQQ3170D1ZS,14382.55,2026-05-14,Bauxite,true
29HEAIS4524P9Z7,19YTTQI9334D1Z5,81463.83,2026-05-14,Moulded plastic parts,false
24SORHP9066Z2ZO,24QJQGQ3620U1Z2,28789.35,2026-05-14,Moulded plastic parts,true
36AOZCX8818C4Z4,24XPYIF3293S1ZX,324783.17,2026-05-14,Auto spare kits,true
33LZEGM8299Z8ZJ,32HMMVM9374W1ZA,175807.41,2026-05-14,Packaged fittings,true
33LZEGM8299Z8ZJ,32HMMVM9374W1ZA,154466.22,2026-05-14,Auto spare kits,true
27SKWQX1255L5ZB,06XLLCH1373K6Z0,6897117.59,2026-05-14,Auto spare kits,true
36GSPSS3446D1Z8,09YKOSO5432W8ZJ,284554.14,2026-05-14,Iron ore,true
27EJNER1948V4ZB,29LQFOT4019W1ZL,638904.13,2026-05-14,Garment lots,true
09QVIWP3873R2Z7,06XYZCA0026Z5ZI,115630.66,2026-05-14,Furniture sets,false
09QVIWP3873R2Z7,33DKOHF9808I3ZZ,110000.00,2026-05-14,Auto spare kits,false
06DEAEJ2851Y7ZA,24XPYIF3293S1ZX,76705.58,2026-05-14,Auto spare kits,true
27JGLFA5617I5Z0,32JTXAZ6068Y4ZY,34024.43,2026-05-15,Bauxite,true
24PVOMJ2656K2ZL,06NPUYZ0199O3ZQ,835837.59,2026-05-15,Unprocessed timber,true
32DPUMB3137F3Z0,07BSHGZ0028T6Z1,53138.64,2026-05-15,Steel coils,true
24RGHCF5815H7Z1,36MKQTJ8113D3ZB,439682.34,2026-05-15,Aluminium sheets,true
32JTXAZ6068Y4ZY,24BUWJE4861D5ZC,260918.63,2026-05-15,Rubber gaskets,true
24WXKFC0232Q6ZN,29GBWZR4282Y6Z3,471958.64,2026-05-15,Plywood panels,true
36AOZCX8818C4Z4,06YQSZA9310B9ZO,133116.31,2026-05-15,Auto spare kits,true
07LYWHO7356O2Z6,33BBUTI9480T1ZR,705034.85,2026-05-15,Auto spare kits,true
27AVHXG6804R4Z7,06YQSZA9310B9ZO,226159.07,2026-05-15,Assembled pump units,true
36WGNVQ2730W3ZZ,27CDMPY3420P3ZO,87533.36,2026-05-15,Kitchenware cartons,true
32AQGJY0057D6ZV,36UCUGG4046W7ZA,241298.25,2026-05-16,Raw cotton bales,true
27IMDLL8847V8ZS,36MYFHN1078R2Z4,50423.93,2026-05-16,Crude polymer granules,true
27IMDLL8847V8ZS,07JDIYG5643H5ZA,55781.73,2026-05-16,Crude polymer granules,true
27IMDLL8847V8ZS,07JDIYG5643H5ZA,52624.31,2026-05-16,Crude polymer granules,true
32DPUMB3137F3Z0,19AFHVR2881Q4Z4,29119.54,2026-05-16,Aluminium sheets,true
19MIHQQ3170D1ZS,32HMMVM9374W1ZA,63122.33,2026-05-16,Aluminium sheets,true
33NRDCU7320N2Z5,07JDIYG5643H5ZA,1906200.02,2026-05-16,Moulded plastic parts,true
29HEAIS4524P9Z7,33DRDIN3277R8ZV,75520.39,2026-05-16,Aluminium sheets,true
24KMIVJ8686V9ZO,29GBWZR4282Y6Z3,139211.37,2026-05-16,Plywood panels,true
24LIHCR1961J7Z7,36AMNXO1723D1ZL,67031.84,2026-05-16,Rubber gaskets,true
32LPQVH9585Z5Z0,33JUGCQ0243X7ZK,145166.34,2026-05-16,Garment lots,true
32YKCYT1305Z3ZM,33ZCRFD0565L9ZA,222058.43,2026-05-16,Auto spare kits,true
36UCUGG4046W7ZA,07FSGBM8265D9ZC,404106.52,2026-05-16,Packaged fittings,true
29KYBFH6219O5ZE,27WVWUH1002U7ZN,89611.73,2026-05-16,Crude polymer granules,true
36ILBRA0487B8ZC,29TIWPY0487R5ZH,1014863.72,2026-05-17,Iron ore,true
27IMDLL8847V8ZS,24QJQGQ3620U1Z2,67760.29,2026-05-17,Raw rubber sheets,true
27IMDLL8847V8ZS,24QJQGQ3620U1Z2,75924.49,2026-05-17,Raw cotton bales,true
27OVEWI9795R9Z8,27AVHXG6804R4Z7,167803.66,2026-05-17,Steel coils,true
24KMIVJ8686V9ZO,19YTTQI9334D1Z5,123601.27,2026-05-17,Aluminium sheets,true
36MYFHN1078R2Z4,33ZCRFD0565L9ZA,280379.83,2026-05-17,Furniture sets,true
09EYIVN1895O1ZO,33ZCRFD0565L9ZA,214801.36,2026-05-17,Kitchenware cartons,true
09UAURV3740O9Z4,32FNBKA6990P7ZQ,343300.03,2026-05-17,Furniture sets,true
33EGOOS9719X8ZP,32IMLSE5517H1ZB,636972.60,2026-05-17,Unprocessed timber,false
09QVIWP3873R2Z7,07UPVXB8379E6ZK,110000.00,2026-05-17,Trading goods - assorted,true
19FWLNA7151E6Z5,19VCJYK5835R1ZP,524079.84,2026-05-17,Raw cotton bales,true
36CVMQV4934B6Z0,29OTMAB3690O3Z2,18562.83,2026-05-18,Raw rubber sheets,true
36ILBRA0487B8ZC,36HIWMV4627A6ZF,372952.06,2026-05-18,Raw rubber sheets,true
32JTXAZ6068Y4ZY,19DKRMK6116L4ZI,184631.72,2026-05-18,Aluminium sheets,true
24GWHPF1178Z2ZP,06QCBYQ6201T5Z8,120775.86,2026-05-18,Cotton yarn,true
07XFBLY2148W1ZG,36MKQTJ8113D3ZB,156641.14,2026-05-18,Cotton yarn,false
32KQZTG2680A5ZT,06QCBYQ6201T5Z8,138875.57,2026-05-18,Steel coils,true
36VJYBT3192K3ZG,06PIVDW3748J8ZT,579012.20,2026-05-18,Scrap and offcuts,true
32IMLSE5517H1ZB,33ZCRFD0565L9ZA,117573.74,2026-05-18,Garment lots,true
36BEPHT0000S2ZM,06YQSZA9310B9ZO,402736.28,2026-05-18,Packaged fittings,false
33XMQHZ6732E8Z4,06HELVU6748U6Z8,445822.72,2026-05-18,Packaged fittings,false
36SGHHT8031T6ZB,29TUCVL2460C9ZK,388483.92,2026-05-18,Bauxite,true
29TUCVL2460C9ZK,09MDSAV0327Y3ZY,208318.61,2026-05-18,Packaged fittings,true
19VCJYK5835R1ZP,29OTMAB3690O3Z2,357541.39,2026-05-18,Trading goods - assorted,false
33NZNBC3282E6ZC,09JOQVF4504B8ZC,11650.11,2026-05-19,Raw rubber sheets,true
19QGJES9032L6ZO,29LQFOT4019W1ZL,313163.12,2026-05-19,Aluminium sheets,true
32KOMDV4565M8ZD,19ZFPYI2441K8ZA,100693.70,2026-05-19,Cotton yarn,true
36MKQTJ8113D3ZB,32FNBKA6990P7ZQ,377505.57,2026-05-19,Garment lots,true
27HXKTQ5235G4ZA,32FNBKA6990P7ZQ,833528.08,2026-05-19,Assembled pump units,true
09LRSNL8397M2ZC,06MOGFE1378X5ZQ,2189247.27,2026-05-19,Assembled pump units,true
32LPQVH9585Z5Z0,07IHIOC8713E8ZN,229851.79,2026-05-19,Kitchenware cartons,false
32YKCYT1305Z3ZM,33ZCRFD0565L9ZA,237095.36,2026-05-19,Garment lots,true
09TAYZE2279X1Z7,07KYWMS0417O4Z8,359476.30,2026-05-19,Assembled pump units,false
09UAURV3740O9Z4,29DFJDI9306B7ZJ,259977.49,2026-05-19,Assembled pump units,true
06DEAEJ2851Y7ZA,19DQPPY2036U8ZN,90000.00,2026-05-19,Kitchenware cartons,false
32AQGJY0057D6ZV,36MKQTJ8113D3ZB,166025.13,2026-05-20,Raw rubber sheets,true
06HKRKP4434B1ZM,07RQSPW5140Z2ZH,946605.41,2026-05-20,Unprocessed timber,true
33XJXTK6255H1ZG,09JOQVF4504B8ZC,491721.10,2026-05-20,Raw cotton bales,false
27IMDLL8847V8ZS,07JDIYG5643H5ZA,61381.16,2026-05-20,Iron ore,true
36SGHHT8031T6ZB,36MKQTJ8113D3ZB,41442.58,2026-05-20,Crude polymer granules,true
07NPOAT6825Y5Z6,36UCUGG4046W7ZA,185894.47,2026-05-20,Cotton yarn,true
06NPUYZ0199O3ZQ,36IRGOE6167K2ZD,147676.38,2026-05-20,Aluminium sheets,true
19DKRMK6116L4ZI,19DQPPY2036U8ZN,49662.90,2026-05-20,Packaged fittings,false
32EJXJI9851G6ZJ,33BBUTI9480T1ZR,41422.54,2026-05-20,Auto spare kits,true
33EGOOS9719X8ZP,07IWNLV6321F8ZE,95460.04,2026-05-20,Raw rubber sheets,true
36BOCZB4319K6Z2,27WVWUH1002U7ZN,838840.70,2026-05-20,Crude polymer granules,false
19VCJYK5835R1ZP,07LYWHO7356O2Z6,305424.11,2026-05-20,Assembled pump units,false
19VCJYK5835R1ZP,32KQZTG2680A5ZT,940000.00,2026-05-20,Auto spare kits,true
19ILQQI2408P3Z6,36HIWMV4627A6ZF,150000.00,2026-05-20,Garment lots,true
06DEAEJ2851Y7ZA,29NVUAL1821K7ZE,49377.69,2026-05-20,Kitchenware cartons,false
36QICOS8271Q4ZI,09LRSNL8397M2ZC,6314985.06,2026-05-21,Crude polymer granules,true
33DCFQP7960U6Z9,36ETOYM3140L4ZH,830928.06,2026-05-21,Raw rubber sheets,true
06NPUYZ0199O3ZQ,09MACAR1889T5Z3,255544.72,2026-05-21,Moulded plastic parts,true
24KMIVJ8686V9ZO,29GBWZR4282Y6Z3,160410.27,2026-05-21,Steel coils,true
36MKQTJ8113D3ZB,06MOGFE1378X5ZQ,369532.56,2026-05-21,Packaged fittings,true
36JWQJO7718G8Z1,19DQPPY2036U8ZN,387805.21,2026-05-21,Packaged fittings,true
36MYFHN1078R2Z4,32FNBKA6990P7ZQ,141222.40,2026-05-21,Kitchenware cartons,false
09LRSNL8397M2ZC,06MOGFE1378X5ZQ,2150866.76,2026-05-21,Furniture sets,true
24XCOGB4723J1Z4,33ZCRFD0565L9ZA,509806.45,2026-05-21,Furniture sets,true
36IRGOE6167K2ZD,07UPVXB8379E6ZK,1369289.45,2026-05-21,Assembled pump units,true
32IJUSV5003E7ZI,27KNVLF9413B7ZQ,130809.87,2026-05-21,Garment lots,false
36WGNVQ2730W3ZZ,32HMMVM9374W1ZA,24827.66,2026-05-21,Assembled pump units,true
33ZCOYB3981K1ZV,24HGRZG4980H6ZH,20307.51,2026-05-22,Unprocessed timber,true
06KUHPQ3830N7ZC,33JUGCQ0243X7ZK,66508.01,2026-05-22,Aluminium sheets,false
32JTXAZ6068Y4ZY,09MACAR1889T5Z3,284281.06,2026-05-22,Aluminium sheets,true
24GWHPF1178Z2ZP,36UCUGG4046W7ZA,97101.20,2026-05-22,Moulded plastic parts,true
33FOOWY4932K5ZW,07KYWMS0417O4Z8,336111.61,2026-05-22,Assembled pump units,true
24CGIRZ2877Z7ZD,06YQSZA9310B9ZO,8841.49,2026-05-22,Furniture sets,true
19CIPWV1049V1ZO,09VPWSE5537W2Z0,78292.39,2026-05-22,Kitchenware cartons,true
33ENOTV3814J8ZG,33DRDIN3277R8ZV,1889031.03,2026-05-23,Raw rubber sheets,true
06UCZBM8689B1ZC,19MIHQQ3170D1ZS,182283.91,2026-05-23,Crude polymer granules,true
07RQSPW5140Z2ZH,09VPWSE5537W2Z0,478228.73,2026-05-23,Moulded plastic parts,true
36AMNXO1723D1ZL,19DQPPY2036U8ZN,336186.21,2026-05-23,Auto spare kits,false
29GOJDW2619G6ZM,33ZCRFD0565L9ZA,239281.49,2026-05-23,Auto spare kits,false
06FDZJZ1871X1ZP,06TMEUI5957D8ZT,745526.93,2026-05-23,Furniture sets,true
36UCUGG4046W7ZA,07FSGBM8265D9ZC,378875.12,2026-05-23,Auto spare kits,true
24XCOGB4723J1Z4,33ZCRFD0565L9ZA,453883.16,2026-05-23,Kitchenware cartons,true
29DPWOY6467E1ZV,06YQSZA9310B9ZO,742373.23,2026-05-23,Auto spare kits,true
32BIIMM0016N5ZM,33XMQHZ6732E8Z4,633422.39,2026-05-23,Warranty replacement units,true
09QVIWP3873R2Z7,09CNWXM9348C8ZL,53470.45,2026-05-23,Kitchenware cartons,true
09QVIWP3873R2Z7,07UPVXB8379E6ZK,69265.37,2026-05-23,Packaged fittings,false
36CVMQV4934B6Z0,36HIWMV4627A6ZF,36486.10,2026-05-24,Bauxite,true
33XJXTK6255H1ZG,19FQVDH2460H4ZO,557138.47,2026-05-24,Unprocessed timber,true
24KMIVJ8686V9ZO,24XCOGB4723J1Z4,107675.91,2026-05-24,Steel coils,true
36UCUGG4046W7ZA,29MAUCO5537D8Z3,518656.40,2026-05-24,Auto spare kits,true
24XCOGB4723J1Z4,07OWSPV4756N1ZN,483349.41,2026-05-24,Garment lots,false
27EJNER1948V4ZB,19DQPPY2036U8ZN,192106.07,2026-05-24,Auto spare kits,true
24FKAOJ6947C4ZF,07JDIYG5643H5ZA,2850000.00,2026-05-24,Trading goods - general,false
19VCJYK5835R1ZP,32KRNME6662U7ZG,726892.67,2026-05-24,Trading goods - assorted,true
29HDPWO6467E4ZJ,24QSNHV0585V8Z8,583929.37,2026-05-25,Crude polymer granules,true
27RLWOP1961W9ZE,29TIWPY0487R5ZH,27994.59,2026-05-25,Raw rubber sheets,true
29NVUAL1821K7ZE,36MGSXI2233Q3ZO,215223.17,2026-05-25,Aluminium sheets,true
32RTMUK0767J7ZR,27AVHXG6804R4Z7,320442.26,2026-05-25,Cotton yarn,true
29OTMAB3690O3Z2,27WAABE0101S7ZY,7084.04,2026-05-25,Cotton yarn,true
36IRGOE6167K2ZD,06XLLCH1373K6Z0,137878.74,2026-05-25,Assembled pump units,true
36MKQTJ8113D3ZB,07FSGBM8265D9ZC,467740.13,2026-05-25,Packaged fittings,true
33DRDIN3277R8ZV,36UUJPD2134K1ZG,348204.61,2026-05-25,Garment lots,false
19SMNMV3040I7ZD,33YETHK5759C7ZW,286821.03,2026-05-25,Unprocessed timber,true
29TUCVL2460C9ZK,07IHIOC8713E8ZN,488896.92,2026-05-25,Furniture sets,true
24FKAOJ6947C4ZF,33LZEGM8299Z8ZJ,2481365.76,2026-05-25,Mixed hardware consignment,true
09QVIWP3873R2Z7,19DQPPY2036U8ZN,89821.85,2026-05-25,Trading goods - assorted,false
24PVOMJ2656K2ZL,33MMSCL6404D5Z9,1207485.20,2026-05-26,Bauxite,true
33NZNBC3282E6ZC,19MIHQQ3170D1ZS,15233.87,2026-05-26,Crude polymer granules,false
36LSELK1732T5ZX,32LPQVH9585Z5Z0,552360.37,2026-05-26,Plywood panels,true
24SORHP9066Z2ZO,36IRGOE6167K2ZD,25287.35,2026-05-26,Aluminium sheets,true
33YETHK5759C7ZW,09VPWSE5537W2Z0,265866.65,2026-05-26,Kitchenware cartons,true
32IJUSV5003E7ZI,06XLLCH1373K6Z0,316618.43,2026-05-26,Assembled pump units,true
33XJXTK6255H1ZG,29TUCVL2460C9ZK,81381.70,2026-05-26,Crude polymer granules,true
36WGNVQ2730W3ZZ,32HMMVM9374W1ZA,36785.45,2026-05-26,Furniture sets,true
06DEAEJ2851Y7ZA,07JDIYG5643H5ZA,78836.04,2026-05-26,Furniture sets,false
24PVOMJ2656K2ZL,27IPCHV6936J3ZF,1176092.49,2026-05-27,Raw cotton bales,true
33ENOTV3814J8ZG,36LSELK1732T5ZX,1207298.83,2026-05-27,Raw rubber sheets,true
33DCFQP7960U6Z9,29SLMYQ2307L6Z5,467987.56,2026-05-27,Raw rubber sheets,false
33INJVJ6049L7ZN,32HMMVM9374W1ZA,13069.94,2026-05-27,Plywood panels,true
27LPMFO3207W6ZE,27AJPTA1766T6ZD,94994.70,2026-05-27,Plywood panels,false
29HEAIS4524P9Z7,33DRDIN3277R8ZV,66513.28,2026-05-27,Plywood panels,true
24WXKFC0232Q6ZN,27HXKTQ5235G4ZA,477293.60,2026-05-27,Moulded plastic parts,true
32KRNME6662U7ZG,06FDZJZ1871X1ZP,668314.72,2026-05-27,Plywood panels,true
24KMIVJ8686V9ZO,07LYWHO7356O2Z6,167418.24,2026-05-27,Aluminium sheets,true
09JOQVF4504B8ZC,33BBUTI9480T1ZR,122490.68,2026-05-27,Furniture sets,true
07LYWHO7356O2Z6,33BBUTI9480T1ZR,657437.89,2026-05-27,Kitchenware cartons,true
36UCUGG4046W7ZA,29MAUCO5537D8Z3,469879.48,2026-05-27,Furniture sets,true
09QVIWP3873R2Z7,09MACAR1889T5Z3,89883.31,2026-05-27,Packaged fittings,true
06DEAEJ2851Y7ZA,06ZYUMR8310X1ZI,30000.00,2026-05-27,Assembled pump units,false
06DEAEJ2851Y7ZA,36IBYDQ7801O8ZC,20000.00,2026-05-27,Packaged fittings,true
33ENOTV3814J8ZG,36LSELK1732T5ZX,1120605.46,2026-05-28,Raw cotton bales,true
33ENOTV3814J8ZG,24IWPHR7389W2Z5,652998.12,2026-05-28,Raw cotton bales,true
06UCZBM8689B1ZC,33GRWLO8497P9ZE,51881.92,2026-05-28,Bauxite,true
36UHMYC0921B6ZB,24HGRZG4980H6ZH,212926.54,2026-05-28,Raw cotton bales,true
36DOAKR6492B1ZA,33DRDIN3277R8ZV,16431.74,2026-05-28,Rubber gaskets,true
07NPOAT6825Y5Z6,36UCUGG4046W7ZA,203510.18,2026-05-28,Steel coils,false
24WXKFC0232Q6ZN,06VXENK5239T5Z6,532751.82,2026-05-28,Cotton yarn,true
27TZILH6929G4ZN,06MOGFE1378X5ZQ,781576.55,2026-05-28,Plywood panels,true
24KMIVJ8686V9ZO,07LYWHO7356O2Z6,168985.50,2026-05-28,Steel coils,true
24KMIVJ8686V9ZO,07LYWHO7356O2Z6,170918.89,2026-05-28,Cotton yarn,true
36AMNXO1723D1ZL,19DQPPY2036U8ZN,314013.05,2026-05-28,Kitchenware cartons,true
33GRWLO8497P9ZE,33BBUTI9480T1ZR,1055970.17,2026-05-28,Garment lots,true
36JMBCS5285U5Z4,07QRPZY1803G2ZH,80876.51,2026-05-28,Iron ore,true
36MVINV2704L6ZF,06TMEUI5957D8ZT,641819.28,2026-05-28,Furniture sets,true
24PVOMJ2656K2ZL,24IWPHR7389W2Z5,565535.04,2026-05-29,Raw cotton bales,true
36RVGEN3898U2ZW,06OUYEO4807S2ZY,10414.63,2026-05-29,Raw cotton bales,true
27RLWOP1961W9ZE,33NRDCU7320N2Z5,17212.13,2026-05-29,Bauxite,true
32JTXAZ6068Y4ZY,19YTTQI9334D1Z5,305226.12,2026-05-29,Cotton yarn,true
36LCLXV2521K3ZU,33BBUTI9480T1ZR,74812.42,2026-05-29,Plywood panels,false
32KOMDV4565M8ZD,19ZFPYI2441K8ZA,128991.10,2026-05-29,Rubber gaskets,true
07JDIYG5643H5ZA,06YQSZA9310B9ZO,1192618.78,2026-05-29,Packaged fittings,true
27IMDLL8847V8ZS,27EJNER1948V4ZB,262894.17,2026-05-29,Raw cotton bales,true
06CXXPI1433H7ZT,06YQSZA9310B9ZO,253052.59,2026-05-29,Furniture sets,true
09QVIWP3873R2Z7,33GUQQC4750Y8Z5,60000.00,2026-05-29,Garment lots,true
09QVIWP3873R2Z7,07XFBLY2148W1ZG,40000.00,2026-05-29,Packaged fittings,false
36ILBRA0487B8ZC,36HIWMV4627A6ZF,396757.84,2026-05-30,Bauxite,true
36QICOS8271Q4ZI,24OJGWG9976X2ZB,8346382.97,2026-05-30,Iron ore,true
33NZNBC3282E6ZC,09JOQVF4504B8ZC,8966.87,2026-05-30,Unprocessed timber,false
27OVEWI9795R9Z8,27AJPTA1766T6ZD,121851.91,2026-05-30,Cotton yarn,true
09QVIWP3873R2Z7,06XYZCA0026Z5ZI,91752.37,2026-05-30,Kitchenware cartons,true
07JUHCS8296Y9Z9,09TYOFZ7611E9ZS,255904.31,2026-05-31,Bauxite,true
33MDFOF7954Z9ZL,07XBHEJ9668L1Z2,1272265.53,2026-05-31,Bauxite,true
19RQFMU3728T6Z2,19ZFPYI2441K8ZA,16655.82,2026-05-31,Steel coils,true
19FQVDH2460H4ZO,36UCUGG4046W7ZA,1463362.27,2026-05-31,Plywood panels,true
06QCBYQ6201T5Z8,06GPNPX2499U7Z8,198058.36,2026-05-31,Garment lots,true
27HXKTQ5235G4ZA,32FNBKA6990P7ZQ,923206.61,2026-05-31,Auto spare kits,false
07JDIYG5643H5ZA,06YQSZA9310B9ZO,1274834.00,2026-05-31,Auto spare kits,true
33ENOTV3814J8ZG,36LCLXV2521K3ZU,1336727.98,2026-06-01,Iron ore,false
33DCFQP7960U6Z9,24RGHCF5815H7Z1,1234889.98,2026-06-01,Raw rubber sheets,true
33DCFQP7960U6Z9,24RGHCF5815H7Z1,1275766.47,2026-06-01,Iron ore,true
33MMSCL6404D5Z9,24LEGQZ0248F6ZJ,86256.80,2026-06-01,Cotton yarn,true
07XFBLY2148W1ZG,36MKQTJ8113D3ZB,160601.96,2026-06-01,Cotton yarn,true
27ZKLFW2886V7ZL,24TQBMB5563K9ZK,547099.28,2026-06-01,Cotton yarn,true
06OUYEO4807S2ZY,24QJQGQ3620U1Z2,49511.02,2026-06-01,Cotton yarn,true
36IRGOE6167K2ZD,06TMEUI5957D8ZT,165453.60,2026-06-01,Auto spare kits,true
36IRGOE6167K2ZD,19DQPPY2036U8ZN,113665.03,2026-06-01,Assembled pump units,true
07RMQJW3353W3ZM,32HMMVM9374W1ZA,172407.01,2026-06-01,Kitchenware cartons,false
24TQBMB5563K9ZK,32HMMVM9374W1ZA,235193.00,2026-06-01,Packaged fittings,false
36ETOYM3140L4ZH,29USNIB2707Y3Z6,2626457.34,2026-06-01,Kitchenware cartons,false
19XTXAC5360U3ZZ,19ZFPYI2441K8ZA,118000.29,2026-06-01,Scrap and offcuts,false
09LOVSQ6828E1ZX,09TAYZE2279X1Z7,1493095.36,2026-06-01,Recovered packaging material,true
19ODCUE4640B8ZZ,36UUJPD2134K1ZG,221232.30,2026-06-01,Garment lots,true
36WGNVQ2730W3ZZ,24SORHP9066Z2ZO,40000.00,2026-06-01,Kitchenware cartons,true
24PVOMJ2656K2ZL,27TZILH6929G4ZN,1537720.07,2026-06-02,Raw cotton bales,true
33ENOTV3814J8ZG,33DRDIN3277R8ZV,1510147.67,2026-06-02,Raw rubber sheets,true
32DPUMB3137F3Z0,19ORCRZ5136S8ZX,26907.83,2026-06-02,Plywood panels,true
36DOAKR6492B1ZA,07FSGBM8265D9ZC,12716.14,2026-06-02,Rubber gaskets,true
36LSELK1732T5ZX,07JDIYG5643H5ZA,1017116.51,2026-06-02,Plywood panels,true
32MCPVJ0931T3ZJ,33BBUTI9480T1ZR,127072.42,2026-06-02,Assembled pump units,false
29GOJDW2619G6ZM,07IHIOC8713E8ZN,348085.51,2026-06-02,Assembled pump units,true
24XCOGB4723J1Z4,33ZCRFD0565L9ZA,487311.39,2026-06-02,Assembled pump units,true
32CMSLO2200R6Z5,06WCSBT3786Y8ZK,199862.93,2026-06-02,Unprocessed timber,false
36WGNVQ2730W3ZZ,06OUYEO4807S2ZY,50845.83,2026-06-02,Packaged fittings,true
24PVOMJ2656K2ZL,09CNWXM9348C8ZL,1492980.65,2026-06-03,Unprocessed timber,true
27RLWOP1961W9ZE,27LPMFO3207W6ZE,11987.10,2026-06-03,Raw rubber sheets,true
36LCLXV2521K3ZU,33BBUTI9480T1ZR,62994.19,2026-06-03,Cotton yarn,true
33DRDIN3277R8ZV,36UUJPD2134K1ZG,373244.36,2026-06-03,Garment lots,true
32EJXJI9851G6ZJ,19DQPPY2036U8ZN,100731.79,2026-06-03,Auto spare kits,true
36MGSXI2233Q3ZO,06YQSZA9310B9ZO,339002.19,2026-06-03,Auto spare kits,true
32JRVFD9935D4Z3,19DQPPY2036U8ZN,104859.12,2026-06-03,Garment lots,true
07QRPZY1803G2ZH,09LOVSQ6828E1ZX,1523678.23,2026-06-03,Auto spare kits,true
33NZNBC3282E6ZC,32BIIMM0016N5ZM,488037.33,2026-06-03,Bauxite,true
33MMSCL6404D5Z9,33GRWLO8497P9ZE,152718.56,2026-06-04,Moulded plastic parts,true
33NIRBJ4576K8ZM,36JWQJO7718G8Z1,19301.28,2026-06-04,Cotton yarn,true
32BIIMM0016N5ZM,33XMQHZ6732E8Z4,594143.92,2026-06-04,Kitchenware cartons,true
19ILQQI2408P3Z6,36LSELK1732T5ZX,337665.22,2026-06-04,Packaged fittings,false
06DEAEJ2851Y7ZA,24XPYIF3293S1ZX,60000.00,2026-06-04,Trading goods - assorted,false
06DEAEJ2851Y7ZA,06ZYUMR8310X1ZI,31022.85,2026-06-04,Auto spare kits,true
36JMBCS5285U5Z4,36IRGOE6167K2ZD,41564.19,2026-06-05,Unprocessed timber,false
27RLWOP1961W9ZE,36JWQJO7718G8Z1,12254.05,2026-06-05,Bauxite,true
36ILBRA0487B8ZC,36HIWMV4627A6ZF,441751.01,2026-06-05,Unprocessed timber,true
32JTXAZ6068Y4ZY,19DKRMK6116L4ZI,196238.49,2026-06-05,Rubber gaskets,true
24KMIVJ8686V9ZO,24XCOGB4723J1Z4,109453.81,2026-06-05,Steel coils,true
24KMIVJ8686V9ZO,24XCOGB4723J1Z4,95579.54,2026-06-05,Cotton yarn,false
29ONVRZ3130M6ZL,33DRDIN3277R8ZV,123678.01,2026-06-05,Moulded plastic parts,true
07JDIYG5643H5ZA,09THKGN0004S7ZJ,2497766.37,2026-06-05,Auto spare kits,true
07LYWHO7356O2Z6,33BBUTI9480T1ZR,660473.73,2026-06-05,Auto spare kits,true
07NHZUY6060O5Z4,07KYWMS0417O4Z8,699542.32,2026-06-05,Auto spare kits,true
32LTYIF5947E9ZG,29HNSJS2359P1ZA,879309.22,2026-06-05,Crude polymer granules,true
19QAOYF9022E9Z3,06HELVU6748U6Z8,291562.22,2026-06-05,Raw cotton bales,true
36CVMQV4934B6Z0,19XBETB1195X1Z0,42915.61,2026-06-06,Bauxite,true
36WFQAG8528A9Z5,06TMEUI5957D8ZT,440423.21,2026-06-06,Plywood panels,true
36IBYDQ7801O8ZC,06YQSZA9310B9ZO,39045.94,2026-06-06,Steel coils,true
33NRDCU7320N2Z5,29LQFOT4019W1ZL,908065.25,2026-06-06,Steel coils,true
24KMIVJ8686V9ZO,19YTTQI9334D1Z5,115277.05,2026-06-06,Cotton yarn,true
36JWQJO7718G8Z1,19DQPPY2036U8ZN,473907.92,2026-06-06,Auto spare kits,false
33GRWLO8497P9ZE,29USNIB2707Y3Z6,413084.21,2026-06-06,Assembled pump units,true
19YTTQI9334D1Z5,36AOZCX8818C4Z4,3065509.26,2026-06-06,Kitchenware cartons,true
32IMLSE5517H1ZB,19XTXAC5360U3ZZ,383538.37,2026-06-06,Garment lots,true
36WGNVQ2730W3ZZ,33GRWLO8497P9ZE,26822.73,2026-06-06,Trading goods - assorted,false
09QVIWP3873R2Z7,09MACAR1889T5Z3,126482.84,2026-06-06,Trading goods - assorted,false
33ENOTV3814J8ZG,36LSELK1732T5ZX,1085507.33,2026-06-07,Crude polymer granules,true
27RLWOP1961W9ZE,24HGRZG4980H6ZH,22632.09,2026-06-07,Bauxite,true
19QGJES9032L6ZO,07HSPWQ4695A1ZI,538395.53,2026-06-07,Aluminium sheets,true
07RMQJW3353W3ZM,06XLLCH1373K6Z0,243152.33,2026-06-07,Garment lots,false
29GOJDW2619G6ZM,06YQSZA9310B9ZO,409018.35,2026-06-07,Kitchenware cartons,true
19AFHVR2881Q4Z4,33ZCRFD0565L9ZA,808786.48,2026-06-07,Furniture sets,true
19YTTQI9334D1Z5,19DQPPY2036U8ZN,772162.10,2026-06-07,Auto spare kits,true
09TUUXS2191W1Z4,06GPNPX2499U7Z8,176822.42,2026-06-07,Furniture sets,false
07TKLIK9045I2ZJ,29DPWOY6467E1ZV,1356995.87,2026-06-07,Furniture sets,false
36CVMQV4934B6Z0,07NHZUY6060O5Z4,415375.81,2026-06-07,Raw cotton bales,true
24FKAOJ6947C4ZF,07XBHEJ9668L1Z2,3150000.00,2026-06-07,General trading items,false
24FKAOJ6947C4ZF,07WKVKZ7853Z8ZD,2720000.00,2026-06-07,General trading items,false
33ZCOYB3981K1ZV,36WGNVQ2730W3ZZ,42749.39,2026-06-07,Unprocessed timber,true
24PVOMJ2656K2ZL,27IPCHV6936J3ZF,1266478.23,2026-06-08,Iron ore,true
32AQGJY0057D6ZV,36UCUGG4046W7ZA,236449.31,2026-06-08,Iron ore,true
19GCSCE8452T4Z7,32EJXJI9851G6ZJ,171816.01,2026-06-08,Moulded plastic parts,true
29NVUAL1821K7ZE,36MGSXI2233Q3ZO,234280.98,2026-06-08,Moulded plastic parts,true
19XBETB1195X1Z0,29YDUXQ1768F6Z5,8199.89,2026-06-08,Steel coils,true
33LZEGM8299Z8ZJ,06XLLCH1373K6Z0,128353.32,2026-06-08,Packaged fittings,true
07HCRNB9139B4ZP,06PACMQ7731H2Z6,150903.25,2026-06-08,Kitchenware cartons,false
27RLWOP1961W9ZE,29HNSJS2359P1ZA,292124.30,2026-06-08,Iron ore,true
24FKAOJ6947C4ZF,36DOAKR6492B1ZA,2560000.00,2026-06-08,Mixed hardware consignment,false
24PVOMJ2656K2ZL,06QWIYO2144M6Z6,1433004.57,2026-06-09,Raw rubber sheets,true
33ENOTV3814J8ZG,33DRDIN3277R8ZV,1957179.80,2026-06-09,Raw rubber sheets,false
33ENOTV3814J8ZG,24IWPHR7389W2Z5,809865.64,2026-06-09,Unprocessed timber,true
32AQGJY0057D6ZV,36UCUGG4046W7ZA,200828.37,2026-06-09,Bauxite,true
36JMBCS5285U5Z4,24IWPHR7389W2Z5,28103.96,2026-06-09,Unprocessed timber,true
27RLWOP1961W9ZE,29YDUXQ1768F6Z5,34600.70,2026-06-09,Raw rubber sheets,false
27IMDLL8847V8ZS,07JDIYG5643H5ZA,56685.20,2026-06-09,Iron ore,false
33NZNBC3282E6ZC,09JOQVF4504B8ZC,10108.23,2026-06-09,Crude polymer granules,true
29NVUAL1821K7ZE,36UCUGG4046W7ZA,249695.73,2026-06-09,Rubber gaskets,false
19XBETB1195X1Z0,07LYWHO7356O2Z6,10834.99,2026-06-09,Rubber gaskets,true
07JDIYG5643H5ZA,32HMMVM9374W1ZA,1299146.53,2026-06-09,Kitchenware cartons,true
33GUQQC4750Y8Z5,33BBUTI9480T1ZR,1566257.67,2026-06-09,Kitchenware cartons,true
24XCOGB4723J1Z4,33ZCRFD0565L9ZA,480696.64,2026-06-09,Packaged fittings,true
06DEAEJ2851Y7ZA,24RGHCF5815H7Z1,50000.00,2026-06-09,Assembled pump units,false
06DEAEJ2851Y7ZA,33GUQQC4750Y8Z5,80000.00,2026-06-09,Assembled pump units,false
36CVMQV4934B6Z0,19XBETB1195X1Z0,35386.82,2026-06-10,Unprocessed timber,true
24PVOMJ2656K2ZL,27TZILH6929G4ZN,1401319.43,2026-06-10,Crude polymer granules,true
33ENOTV3814J8ZG,24IWPHR7389W2Z5,628225.53,2026-06-10,Crude polymer granules,true
19WSEJA6123K9ZZ,36ETOYM3140L4ZH,814292.13,2026-06-10,Unprocessed timber,true
36HIWMV4627A6ZF,29KALCU4943C5ZP,860895.35,2026-06-10,Plywood panels,true
36MKQTJ8113D3ZB,06MOGFE1378X5ZQ,346471.32,2026-06-10,Auto spare kits,true
36UCUGG4046W7ZA,07UPVXB8379E6ZK,755791.74,2026-06-10,Packaged fittings,true
36UCUGG4046W7ZA,19ZFPYI2441K8ZA,481231.92,2026-06-10,Auto spare kits,true
27IMDLL8847V8ZS,32BIIMM0016N5ZM,211493.07,2026-06-10,Bauxite,true
09QVIWP3873R2Z7,29NVUAL1821K7ZE,90000.00,2026-06-10,Garment lots,true
09QVIWP3873R2Z7,09IWOVN2020F3ZK,86817.00,2026-06-10,Auto spare kits,true
24PVOMJ2656K2ZL,24IWPHR7389W2Z5,584050.82,2026-06-11,Raw rubber sheets,true
27IMDLL8847V8ZS,07JDIYG5643H5ZA,58323.61,2026-06-11,Raw rubber sheets,true
32JTXAZ6068Y4ZY,19YTTQI9334D1Z5,298540.56,2026-06-11,Steel coils,true
29SLMYQ2307L6Z5,24XPYIF3293S1ZX,3564193.30,2026-06-11,Rubber gaskets,true
27LPMFO3207W6ZE,33IIMMB0166U5Z6,142710.27,2026-06-11,Aluminium sheets,true
24KMIVJ8686V9ZO,19YTTQI9334D1Z5,124219.86,2026-06-11,Cotton yarn,true
36IRGOE6167K2ZD,06XLLCH1373K6Z0,161746.09,2026-06-11,Packaged fittings,false
24IWPHR7389W2Z5,07BSHGZ0028T6Z1,812335.80,2026-06-11,Garment lots,true
36MGSXI2233Q3ZO,06GPNPX2499U7Z8,317644.48,2026-06-11,Packaged fittings,true
06PIVDW3748J8ZT,27WVWUH1002U7ZN,691009.73,2026-06-11,Auto spare kits,true
19VCJYK5835R1ZP,09IWOVN2020F3ZK,1193054.32,2026-06-11,Auto spare kits,false
06DEAEJ2851Y7ZA,36IBYDQ7801O8ZC,19043.41,2026-06-11,Packaged fittings,true
06UCZBM8689B1ZC,32LPQVH9585Z5Z0,116622.25,2026-06-12,Unprocessed timber,true
36GSPSS3446D1Z8,09LRSNL8397M2ZC,1227974.42,2026-06-12,Bauxite,true
19GCSCE8452T4Z7,06TMEUI5957D8ZT,198477.88,2026-06-12,Plywood panels,true
33MMSCL6404D5Z9,24LEGQZ0248F6ZJ,92987.98,2026-06-12,Rubber gaskets,true
32BTVLO0183D3ZZ,19ZFPYI2441K8ZA,24545.66,2026-06-12,Plywood panels,true
29OTMAB3690O3Z2,27WAABE0101S7ZY,8094.55,2026-06-12,Cotton yarn,true
36GDMFJ3180O4ZC,36MKQTJ8113D3ZB,202317.47,2026-06-12,Moulded plastic parts,true
06CFKGF8704V3ZL,33BBUTI9480T1ZR,42907.29,2026-06-12,Furniture sets,true
32EJXJI9851G6ZJ,33BBUTI9480T1ZR,36252.29,2026-06-12,Assembled pump units,true
06FDZJZ1871X1ZP,33ZCRFD0565L9ZA,505751.56,2026-06-12,Packaged fittings,true
07MUBCR1590Q2ZD,24XPYIF3293S1ZX,666267.08,2026-06-12,Furniture sets,true
32IMLSE5517H1ZB,06XLLCH1373K6Z0,575785.72,2026-06-12,Assembled pump units,true
29HNSJS2359P1ZA,29USNIB2707Y3Z6,250338.03,2026-06-12,Kitchenware cartons,true
06DEAEJ2851Y7ZA,07JDIYG5643H5ZA,92542.03,2026-06-12,Kitchenware cartons,false
24PVOMJ2656K2ZL,06NPUYZ0199O3ZQ,681907.66,2026-06-13,Unprocessed timber,true
24PVOMJ2656K2ZL,27IPCHV6936J3ZF,1267397.75,2026-06-13,Crude polymer granules,true
32JQHYS5486E9ZT,33DKOHF9808I3ZZ,114126.62,2026-06-13,Cotton yarn,true
33MMSCL6404D5Z9,36IRGOE6167K2ZD,141122.54,2026-06-13,Moulded plastic parts,true
27TZILH6929G4ZN,29MAUCO5537D8Z3,521386.99,2026-06-13,Plywood panels,true
24SORHP9066Z2ZO,33BBUTI9480T1ZR,19763.03,2026-06-13,Steel coils,true
24SORHP9066Z2ZO,33BBUTI9480T1ZR,22149.68,2026-06-13,Cotton yarn,true
36MKQTJ8113D3ZB,07BSHGZ0028T6Z1,650805.00,2026-06-13,Auto spare kits,true
07JDIYG5643H5ZA,32HMMVM9374W1ZA,1380547.72,2026-06-13,Auto spare kits,true
24TQBMB5563K9ZK,32HMMVM9374W1ZA,286361.06,2026-06-13,Assembled pump units,true
29KALCU4943C5ZP,06XLLCH1373K6Z0,329989.20,2026-06-13,Garment lots,true
29GOJDW2619G6ZM,06YQSZA9310B9ZO,308254.68,2026-06-13,Assembled pump units,true
07LYWHO7356O2Z6,33BBUTI9480T1ZR,668341.87,2026-06-13,Assembled pump units,true
19ZFPYI2441K8ZA,29DFJDI9306B7ZJ,126786.70,2026-06-13,Scrap and offcuts,true
33ENOTV3814J8ZG,09YKOSO5432W8ZJ,259924.28,2026-06-13,Raw rubber sheets,true
36QICOS8271Q4ZI,24FKAOJ6947C4ZF,1050769.18,2026-06-13,Bauxite,false
27YOFNE4012A3ZM,29TIWPY0487R5ZH,153650.88,2026-06-14,Bauxite,true
07NPOAT6825Y5Z6,33DRDIN3277R8ZV,234349.22,2026-06-14,Cotton yarn,true
36HIWMV4627A6ZF,33ZCRFD0565L9ZA,1394511.90,2026-06-14,Aluminium sheets,true
07XFBLY2148W1ZG,24BUWJE4861D5ZC,234162.44,2026-06-14,Moulded plastic parts,true
29NVUAL1821K7ZE,29YGPFN5167M1ZA,110262.64,2026-06-14,Plywood panels,true
06QCBYQ6201T5Z8,06GPNPX2499U7Z8,227505.10,2026-06-14,Auto spare kits,true
33GRWLO8497P9ZE,33ZCRFD0565L9ZA,905439.48,2026-06-14,Packaged fittings,true
36UCUGG4046W7ZA,07UPVXB8379E6ZK,788788.65,2026-06-14,Packaged fittings,false
07MUBCR1590Q2ZD,06ZYUMR8310X1ZI,349302.78,2026-06-14,Kitchenware cartons,true
06WCSBT3786Y8ZK,06TMEUI5957D8ZT,204156.03,2026-06-14,Garment lots,true
09TAYZE2279X1Z7,07QRPZY1803G2ZH,941365.54,2026-06-14,Packaged fittings,true
33NGISF2283W2ZB,09JOQVF4504B8ZC,80000.00,2026-06-14,General trading items,false
33NGISF2283W2ZB,36HIWMV4627A6ZF,272443.74,2026-06-14,General trading items,false
09QVIWP3873R2Z7,07UPVXB8379E6ZK,102131.34,2026-06-14,Packaged fittings,true
24PVOMJ2656K2ZL,06FDZJZ1871X1ZP,1330641.27,2026-06-15,Iron ore,true
36JMBCS5285U5Z4,36IRGOE6167K2ZD,36488.04,2026-06-15,Iron ore,true
27YRPVR6146L5ZI,06QWIYO2144M6Z6,48379.56,2026-06-15,Unprocessed timber,true
32DPUMB3137F3Z0,29YDUXQ1768F6Z5,31328.87,2026-06-15,Steel coils,true
33INJVJ6049L7ZN,32HMMVM9374W1ZA,12416.38,2026-06-15,Aluminium sheets,true
19CMQIT5183T9ZU,36MKQTJ8113D3ZB,108721.69,2026-06-15,Cotton yarn,true
36IRGOE6167K2ZD,19XTXAC5360U3ZZ,145930.83,2026-06-15,Furniture sets,true
29MAUCO5537D8Z3,29KALCU4943C5ZP,988372.65,2026-06-15,Scrap and offcuts,true
32LTYIF5947E9ZG,07TKLIK9045I2ZJ,262101.57,2026-06-15,Unprocessed timber,true
33YETHK5759C7ZW,32HMMVM9374W1ZA,207217.19,2026-06-15,Garment lots,false
32BIIMM0016N5ZM,27KNVLF9413B7ZQ,547677.42,2026-06-15,Kitchenware cartons,false
33NGISF2283W2ZB,27AVHXG6804R4Z7,346980.73,2026-06-15,Miscellaneous industrial goods,false
33NGISF2283W2ZB,32KRNME6662U7ZG,160000.00,2026-06-15,Trading goods - general,false
33NGISF2283W2ZB,27WAABE0101S7ZY,290000.00,2026-06-15,Assorted electronic components,false
33NGISF2283W2ZB,36HIWMV4627A6ZF,220000.00,2026-06-15,Assorted electronic components,false
33MMSCL6404D5Z9,06MOGFE1378X5ZQ,115753.01,2026-06-16,Cotton yarn,true
06KUHPQ3830N7ZC,36UCUGG4046W7ZA,40894.76,2026-06-16,Rubber gaskets,true
29QWAAN3943M1ZA,19AFHVR2881Q4Z4,246464.43,2026-06-16,Steel coils,false
36IRGOE6167K2ZD,06TMEUI5957D8ZT,163302.12,2026-06-16,Assembled pump units,true
29DSORG7805Q7ZD,33ZCRFD0565L9ZA,1254577.28,2026-06-16,Kitchenware cartons,true
33DRDIN3277R8ZV,06PACMQ7731H2Z6,227292.54,2026-06-16,Furniture sets,false
33DRDIN3277R8ZV,29MAUCO5537D8Z3,438565.80,2026-06-16,Assembled pump units,true
36MGSXI2233Q3ZO,06YQSZA9310B9ZO,373982.48,2026-06-16,Garment lots,true
09MACAR1889T5Z3,06PACMQ7731H2Z6,212679.00,2026-06-16,Packaged fittings,true
06QWIYO2144M6Z6,33JUGCQ0243X7ZK,1174590.94,2026-06-16,Furniture sets,true
06HZHAM9303D1Z2,06ENRLT9528T9Z3,200438.10,2026-06-16,Bauxite,true
09LOVSQ6828E1ZX,19XTXAC5360U3ZZ,698453.48,2026-06-16,Assembled pump units,true
36BEPHT0000S2ZM,29HNSJS2359P1ZA,788759.18,2026-06-16,Recovered packaging material,true
29ZVHMB5624H3ZT,36BEPHT0000S2ZM,841373.76,2026-06-16,Iron ore,true
33NGISF2283W2ZB,19DQPPY2036U8ZN,80000.00,2026-06-16,General trading items,false
36JMBCS5285U5Z4,24IWPHR7389W2Z5,23672.82,2026-06-17,Crude polymer granules,true
27YRPVR6146L5ZI,36LCLXV2521K3ZU,97733.93,2026-06-17,Crude polymer granules,false
32JTXAZ6068Y4ZY,19DQPPY2036U8ZN,455205.65,2026-06-17,Aluminium sheets,true
24GWHPF1178Z2ZP,36UCUGG4046W7ZA,113344.42,2026-06-17,Plywood panels,true
27OVEWI9795R9Z8,33JUGCQ0243X7ZK,242648.33,2026-06-17,Moulded plastic parts,true
27OVEWI9795R9Z8,29KALCU4943C5ZP,276996.92,2026-06-17,Steel coils,true
07JDIYG5643H5ZA,09THKGN0004S7ZJ,2141183.78,2026-06-17,Auto spare kits,true
19DKRMK6116L4ZI,19DQPPY2036U8ZN,52740.67,2026-06-17,Auto spare kits,true
29KALCU4943C5ZP,06XLLCH1373K6Z0,410181.12,2026-06-17,Garment lots,true
19AFHVR2881Q4Z4,33BBUTI9480T1ZR,800856.10,2026-06-17,Garment lots,true
09MACAR1889T5Z3,32FNBKA6990P7ZQ,555569.20,2026-06-17,Auto spare kits,true
36ILBRA0487B8ZC,09LOVSQ6828E1ZX,357143.34,2026-06-17,Bauxite,true
33NGISF2283W2ZB,19DQPPY2036U8ZN,120000.00,2026-06-17,Industrial consumables (assorted),false
33NGISF2283W2ZB,09JOQVF4504B8ZC,120000.00,2026-06-17,Miscellaneous industrial goods,false
33NGISF2283W2ZB,29TIWPY0487R5ZH,250000.00,2026-06-17,Industrial consumables (assorted),false
24PVOMJ2656K2ZL,06NPUYZ0199O3ZQ,658195.08,2026-06-18,Raw rubber sheets,true
06KUHPQ3830N7ZC,36UCUGG4046W7ZA,43146.80,2026-06-18,Cotton yarn,false
33NRDCU7320N2Z5,07JDIYG5643H5ZA,1690480.54,2026-06-18,Aluminium sheets,false
29HEAIS4524P9Z7,06TMEUI5957D8ZT,68661.81,2026-06-18,Plywood panels,true
19AFHVR2881Q4Z4,33ZCRFD0565L9ZA,800784.93,2026-06-18,Assembled pump units,true
36CVMQV4934B6Z0,07IWNLV6321F8ZE,132515.27,2026-06-18,Raw cotton bales,true
29TUCVL2460C9ZK,33ZCRFD0565L9ZA,124898.73,2026-06-18,Assembled pump units,true
33NGISF2283W2ZB,27CPIOO2175D8Z4,140000.00,2026-06-18,General trading items,false
36ILBRA0487B8ZC,07RMQJW3353W3ZM,664738.48,2026-06-19,Crude polymer granules,true
19GCSCE8452T4Z7,06TMEUI5957D8ZT,201412.97,2026-06-19,Aluminium sheets,true
32JTXAZ6068Y4ZY,19YTTQI9334D1Z5,349424.41,2026-06-19,Aluminium sheets,true
19RQFMU3728T6Z2,19ZFPYI2441K8ZA,14735.48,2026-06-19,Moulded plastic parts,true
19QGJES9032L6ZO,07ABURL9979Q1Z0,525907.13,2026-06-19,Steel coils,false
24KMIVJ8686V9ZO,09THKGN0004S7ZJ,162552.46,2026-06-19,Aluminium sheets,true
24KMIVJ8686V9ZO,24XCOGB4723J1Z4,111688.68,2026-06-19,Aluminium sheets,true
29GOJDW2619G6ZM,33ZCRFD0565L9ZA,247604.96,2026-06-19,Furniture sets,true
36WGNVQ2730W3ZZ,07XBHEJ9668L1Z2,80000.00,2026-06-19,Trading goods - assorted,true
32LTYIF5947E9ZG,09QVIWP3873R2Z7,223444.35,2026-06-19,Raw rubber sheets,true
24PVOMJ2656K2ZL,06QWIYO2144M6Z6,1497577.59,2026-06-20,Crude polymer granules,true
27RLWOP1961W9ZE,36WFQAG8528A9Z5,26059.90,2026-06-20,Bauxite,true
33INJVJ6049L7ZN,32HMMVM9374W1ZA,13882.83,2026-06-20,Moulded plastic parts,true
09TYOFZ7611E9ZS,36UCUGG4046W7ZA,656111.93,2026-06-20,Rubber gaskets,true
36MKQTJ8113D3ZB,09THKGN0004S7ZJ,600389.50,2026-06-20,Assembled pump units,true
29KALCU4943C5ZP,06XLLCH1373K6Z0,413218.42,2026-06-20,Furniture sets,true
29KALCU4943C5ZP,29MAUCO5537D8Z3,1081193.38,2026-06-20,Garment lots,true
33NGISF2283W2ZB,19FQVDH2460H4ZO,210000.00,2026-06-20,Trading goods - general,false
33NGISF2283W2ZB,19DQPPY2036U8ZN,137233.55,2026-06-20,General trading items,false
33NGISF2283W2ZB,27AJPTA1766T6ZD,160000.00,2026-06-20,Miscellaneous industrial goods,false
33NGISF2283W2ZB,07UPVXB8379E6ZK,80000.00,2026-06-20,General trading items,false
33NGISF2283W2ZB,36IBYDQ7801O8ZC,420000.00,2026-06-20,Miscellaneous industrial goods,false
33NGISF2283W2ZB,29DFJDI9306B7ZJ,180000.00,2026-06-20,Industrial consumables (assorted),false
19VCJYK5835R1ZP,29OTMAB3690O3Z2,610000.00,2026-06-20,Trading goods - assorted,true
24PVOMJ2656K2ZL,06DEAEJ2851Y7ZA,68649.32,2026-06-20,Bauxite,false
09ICBGQ0685I5ZT,24EWMJL6724F1ZM,11139.85,2026-06-21,Iron ore,true
29QWAAN3943M1ZA,24PISLE8831I5ZS,726291.78,2026-06-21,Plywood panels,false
29HEAIS4524P9Z7,19YTTQI9334D1Z5,76534.12,2026-06-21,Plywood panels,true
27OVEWI9795R9Z8,36JWQJO7718G8Z1,226860.22,2026-06-21,Aluminium sheets,true
32KQZTG2680A5ZT,32HMMVM9374W1ZA,133436.27,2026-06-21,Aluminium sheets,true
36MKQTJ8113D3ZB,06PACMQ7731H2Z6,361877.76,2026-06-21,Garment lots,true
33DRDIN3277R8ZV,19YNUSU1543Z9ZL,656566.84,2026-06-21,Kitchenware cartons,true
36UCUGG4046W7ZA,19YNUSU1543Z9ZL,686772.04,2026-06-21,Assembled pump units,false
27EJNER1948V4ZB,07BSHGZ0028T6Z1,521809.13,2026-06-21,Furniture sets,false
09TAYZE2279X1Z7,19DQPPY2036U8ZN,378748.12,2026-06-21,Assembled pump units,true
07NHZUY6060O5Z4,07TKLIK9045I2ZJ,1157941.64,2026-06-21,Garment lots,false
24PVOMJ2656K2ZL,36MVINV2704L6ZF,836698.59,2026-06-21,Raw rubber sheets,true
33NGISF2283W2ZB,36IBYDQ7801O8ZC,360000.00,2026-06-21,Assorted electronic components,false
24PVOMJ2656K2ZL,32RTMUK0767J7ZR,688152.99,2026-06-22,Crude polymer granules,true
36ILBRA0487B8ZC,33IIMMB0166U5Z6,637047.03,2026-06-22,Raw rubber sheets,true
33INJVJ6049L7ZN,32HMMVM9374W1ZA,13997.81,2026-06-22,Rubber gaskets,true
36HIWMV4627A6ZF,29MAUCO5537D8Z3,848381.80,2026-06-22,Rubber gaskets,true
19XBETB1195X1Z0,29YDUXQ1768F6Z5,9142.08,2026-06-22,Cotton yarn,false
19FQVDH2460H4ZO,27HXKTQ5235G4ZA,1190284.99,2026-06-22,Cotton yarn,true
36AOZCX8818C4Z4,33ZCRFD0565L9ZA,243694.64,2026-06-22,Packaged fittings,true
07LYWHO7356O2Z6,24XPYIF3293S1ZX,400355.66,2026-06-22,Furniture sets,true
32LPQVH9585Z5Z0,32HMMVM9374W1ZA,134013.88,2026-06-22,Assembled pump units,true
33ZCRFD0565L9ZA,19YNUSU1543Z9ZL,566822.23,2026-06-22,Warranty replacement units,true
06CXXPI1433H7ZT,07ABURL9979Q1Z0,536985.97,2026-06-22,Garment lots,true
27IMDLL8847V8ZS,32IJUSV5003E7ZI,188776.06,2026-06-22,Raw rubber sheets,true
33NGISF2283W2ZB,27AVHXG6804R4Z7,206175.10,2026-06-22,Miscellaneous industrial goods,false
24PVOMJ2656K2ZL,27IPCHV6936J3ZF,1328988.81,2026-06-23,Raw cotton bales,true
27RLWOP1961W9ZE,27CPIOO2175D8Z4,29575.59,2026-06-23,Bauxite,true
36SGHHT8031T6ZB,36MKQTJ8113D3ZB,40834.80,2026-06-23,Raw cotton bales,true
33NZNBC3282E6ZC,09JOQVF4504B8ZC,8688.33,2026-06-23,Bauxite,true
36MKQTJ8113D3ZB,06ZYUMR8310X1ZI,502964.91,2026-06-23,Packaged fittings,true
36MYFHN1078R2Z4,33ZCRFD0565L9ZA,295339.47,2026-06-23,Garment lots,true
29GOJDW2619G6ZM,33ZCRFD0565L9ZA,230951.11,2026-06-23,Assembled pump units,true
33NGISF2283W2ZB,09TYOFZ7611E9ZS,230000.00,2026-06-23,Mixed hardware consignment,false
33NGISF2283W2ZB,29DFJDI9306B7ZJ,250000.00,2026-06-23,Trading goods - general,false
36WGNVQ2730W3ZZ,33GRWLO8497P9ZE,20000.00,2026-06-23,Assembled pump units,false
36CVMQV4934B6Z0,29KALCU4943C5ZP,22413.46,2026-06-24,Unprocessed timber,true
32DPUMB3137F3Z0,29YDUXQ1768F6Z5,36752.18,2026-06-24,Rubber gaskets,false
24RGHCF5815H7Z1,36MKQTJ8113D3ZB,542085.80,2026-06-24,Plywood panels,false
32JTXAZ6068Y4ZY,24BUWJE4861D5ZC,307563.03,2026-06-24,Cotton yarn,true
07XFBLY2148W1ZG,36MKQTJ8113D3ZB,166237.98,2026-06-24,Plywood panels,true
19XBETB1195X1Z0,24CGIRZ2877Z7ZD,7133.78,2026-06-24,Cotton yarn,true
24LIHCR1961J7Z7,24HGRZG4980H6ZH,44385.69,2026-06-24,Plywood panels,false
36IRGOE6167K2ZD,19XTXAC5360U3ZZ,119785.39,2026-06-24,Auto spare kits,true
36MFZZI1805O9Z6,32HMMVM9374W1ZA,422046.77,2026-06-24,Auto spare kits,true
33IIMMB0166U5Z6,09MDSAV0327Y3ZY,1193040.03,2026-06-24,Assembled pump units,true
33DRDIN3277R8ZV,07FSGBM8265D9ZC,511993.24,2026-06-24,Kitchenware cartons,true
09CNWXM9348C8ZL,33ZCRFD0565L9ZA,474670.46,2026-06-24,Packaged fittings,true
19YTTQI9334D1Z5,33JUGCQ0243X7ZK,753824.28,2026-06-24,Furniture sets,true
33NGISF2283W2ZB,27AVHXG6804R4Z7,220000.00,2026-06-24,Miscellaneous industrial goods,false
24PVOMJ2656K2ZL,27IPCHV6936J3ZF,1236780.24,2026-06-25,Raw cotton bales,true
27RLWOP1961W9ZE,29YDUXQ1768F6Z5,26687.91,2026-06-25,Bauxite,true
33DRDIN3277R8ZV,06PACMQ7731H2Z6,197371.13,2026-06-25,Packaged fittings,true
36UCUGG4046W7ZA,19ZFPYI2441K8ZA,578092.40,2026-06-25,Garment lots,true
36UCUGG4046W7ZA,19YNUSU1543Z9ZL,593784.16,2026-06-25,Garment lots,true
09PBGYJ2366P5ZP,07IWNLV6321F8ZE,870000.00,2026-06-25,Assorted electronic components,false
06HKRKP4434B1ZM,06CXXPI1433H7ZT,155930.49,2026-06-25,Raw cotton bales,true
27YOFNE4012A3ZM,06CXXPI1433H7ZT,661799.66,2026-06-25,Bauxite,false
29WPVPH3087E4Z8,06PIVDW3748J8ZT,402523.79,2026-06-25,Raw rubber sheets,false
27YRPVR6146L5ZI,29DPWOY6467E1ZV,379572.50,2026-06-25,Unprocessed timber,true
36SGHHT8031T6ZB,36MKQTJ8113D3ZB,32247.23,2026-06-26,Unprocessed timber,true
33NZNBC3282E6ZC,29OTMAB3690O3Z2,22255.39,2026-06-26,Crude polymer granules,true
09TYOFZ7611E9ZS,36UCUGG4046W7ZA,725801.39,2026-06-26,Cotton yarn,true
33NRDCU7320N2Z5,07JDIYG5643H5ZA,1800472.46,2026-06-26,Plywood panels,false
29HEAIS4524P9Z7,33BBUTI9480T1ZR,53229.39,2026-06-26,Cotton yarn,false
29OTMAB3690O3Z2,27CDMPY3420P3ZO,7264.79,2026-06-26,Steel coils,true
24SORHP9066Z2ZO,06YQSZA9310B9ZO,20853.19,2026-06-26,Plywood panels,true
32KQZTG2680A5ZT,06CFKGF8704V3ZL,201971.43,2026-06-26,Plywood panels,true
36MKQTJ8113D3ZB,06MOGFE1378X5ZQ,341341.07,2026-06-26,Kitchenware cartons,true
36MFZZI1805O9Z6,32HMMVM9374W1ZA,363159.23,2026-06-26,Auto spare kits,true
24TQBMB5563K9ZK,32HMMVM9374W1ZA,259905.17,2026-06-26,Auto spare kits,false
36UCUGG4046W7ZA,19ZFPYI2441K8ZA,489293.43,2026-06-26,Assembled pump units,true
33YFHAE9497P9ZG,33BBUTI9480T1ZR,160670.97,2026-06-26,Auto spare kits,true
33EOHXD6723F6ZQ,09TAYZE2279X1Z7,434385.62,2026-06-26,Unprocessed timber,true
07QRPZY1803G2ZH,06XLLCH1373K6Z0,593301.18,2026-06-26,Garment lots,true
29DPWOY6467E1ZV,33YETHK5759C7ZW,1300522.92,2026-06-26,Packaged fittings,true
33YETHK5759C7ZW,07NHZUY6060O5Z4,1079810.47,2026-06-26,Auto spare kits,true
33NGISF2283W2ZB,06CFKGF8704V3ZL,370000.00,2026-06-26,Mixed hardware consignment,false
09QVIWP3873R2Z7,36ZZRVY7581R1ZE,65529.97,2026-06-26,Trading goods - assorted,true
06UCZBM8689B1ZC,33GRWLO8497P9ZE,62765.63,2026-06-27,Crude polymer granules,true
27YOFNE4012A3ZM,33YGMLY4610W6ZS,200139.92,2026-06-27,Unprocessed timber,true
29HEAIS4524P9Z7,33BBUTI9480T1ZR,47983.11,2026-06-27,Moulded plastic parts,true
29KALCU4943C5ZP,06XYZCA0026Z5ZI,241426.14,2026-06-27,Assembled pump units,true
32LPQVH9585Z5Z0,07OWSPV4756N1ZN,244396.46,2026-06-27,Furniture sets,false
33GUQQC4750Y8Z5,33BBUTI9480T1ZR,1737321.46,2026-06-27,Auto spare kits,true
19YTTQI9334D1Z5,29MAUCO5537D8Z3,550313.40,2026-06-27,Garment lots,true
33ZCRFD0565L9ZA,19YNUSU1543Z9ZL,563460.33,2026-06-27,Inter-branch stock transfer,false
33YETHK5759C7ZW,07OWSPV4756N1ZN,695133.84,2026-06-27,Furniture sets,true
33NGISF2283W2ZB,32YKCYT1305Z3ZM,406961.11,2026-06-27,Mixed hardware consignment,false
06DEAEJ2851Y7ZA,33XXUIM3478V9Z4,81237.58,2026-06-27,Furniture sets,false
36WFQAG8528A9Z5,06TMEUI5957D8ZT,512645.84,2026-06-28,Aluminium sheets,false
27OVEWI9795R9Z8,29KALCU4943C5ZP,257562.09,2026-06-28,Cotton yarn,true
36PIYYH9409T1Z9,19QLQGQ2532E7Z2,42846.83,2026-06-28,Plywood panels,true
36PIYYH9409T1Z9,09MDSAV0327Y3ZY,59900.57,2026-06-28,Cotton yarn,false
36MKQTJ8113D3ZB,06PACMQ7731H2Z6,372177.85,2026-06-28,Kitchenware cartons,true
06ENRLT9528T9Z3,19CIPWV1049V1ZO,880000.00,2026-06-28,Mixed hardware consignment,false
33NGISF2283W2ZB,29OZSVL9371R7ZY,300000.00,2026-06-28,Assorted electronic components,false
07JUHCS8296Y9Z9,06DEAEJ2851Y7ZA,68649.32,2026-06-28,Bauxite,true
36RVGEN3898U2ZW,29QWAAN3943M1ZA,17808.42,2026-06-29,Bauxite,true
32JQHYS5486E9ZT,07FSGBM8265D9ZC,103786.49,2026-06-29,Aluminium sheets,true
29HEAIS4524P9Z7,19ORCRZ5136S8ZX,76037.76,2026-06-29,Rubber gaskets,true
36PIYYH9409T1Z9,33JUGCQ0243X7ZK,57782.37,2026-06-29,Steel coils,true
36MYFHN1078R2Z4,33ZCRFD0565L9ZA,312674.53,2026-06-29,Furniture sets,true
27CDMPY3420P3ZO,33JUGCQ0243X7ZK,3973223.00,2026-06-29,Garment lots,true
36UCUGG4046W7ZA,29MAUCO5537D8Z3,430896.55,2026-06-29,Furniture sets,true
06WCSBT3786Y8ZK,07MUBCR1590Q2ZD,2246069.91,2026-06-29,Recovered packaging material,true
07QRPZY1803G2ZH,19DQPPY2036U8ZN,578779.43,2026-06-29,Garment lots,false
27WVWUH1002U7ZN,06XLLCH1373K6Z0,419325.56,2026-06-29,Furniture sets,true
07NHZUY6060O5Z4,07UPVXB8379E6ZK,713300.08,2026-06-29,Garment lots,true
33XJXTK6255H1ZG,29DPWOY6467E1ZV,706123.46,2026-06-29,Raw cotton bales,true
24PVOMJ2656K2ZL,06FDZJZ1871X1ZP,1314281.05,2026-06-30,Raw rubber sheets,true
27YRPVR6146L5ZI,32JQHYS5486E9ZT,39461.06,2026-06-30,Iron ore,true
33INJVJ6049L7ZN,33GUQQC4750Y8Z5,17376.29,2026-06-30,Steel coils,true
09TYOFZ7611E9ZS,36UCUGG4046W7ZA,624895.43,2026-06-30,Plywood panels,true
24WXKFC0232Q6ZN,32EJXJI9851G6ZJ,408005.83,2026-06-30,Plywood panels,true
27ZKLFW2886V7ZL,07LYWHO7356O2Z6,412491.46,2026-06-30,Cotton yarn,false
36MYFHN1078R2Z4,06XLLCH1373K6Z0,205010.03,2026-06-30,Assembled pump units,true
29GOJDW2619G6ZM,19YNUSU1543Z9ZL,345037.21,2026-06-30,Furniture sets,true
32LPQVH9585Z5Z0,32HMMVM9374W1ZA,162209.17,2026-06-30,Kitchenware cartons,false
09TUUXS2191W1Z4,32FNBKA6990P7ZQ,118016.93,2026-06-30,Assembled pump units,false
09TAYZE2279X1Z7,07QRPZY1803G2ZH,996248.24,2026-06-30,Scrap and offcuts,false
06CXXPI1433H7ZT,36VJYBT3192K3ZG,726115.92,2026-06-30,Kitchenware cartons,true
33NGISF2283W2ZB,32YKCYT1305Z3ZM,440000.00,2026-06-30,Industrial consumables (assorted),false
24PVOMJ2656K2ZL,36WGNVQ2730W3ZZ,42749.39,2026-06-30,Crude polymer granules,true
27RLWOP1961W9ZE,33NRDCU7320N2Z5,18627.17,2026-07-01,Bauxite,true
09ICBGQ0685I5ZT,29HEAIS4524P9Z7,20710.29,2026-07-01,Bauxite,true
36SGHHT8031T6ZB,19AFHVR2881Q4Z4,51955.83,2026-07-01,Unprocessed timber,true
33NZNBC3282E6ZC,29OTMAB3690O3Z2,19790.46,2026-07-01,Crude polymer granules,true
33NZNBC3282E6ZC,19MIHQQ3170D1ZS,15914.61,2026-07-01,Unprocessed timber,true
32DPUMB3137F3Z0,32MCPVJ0931T3ZJ,40297.03,2026-07-01,Plywood panels,true
24GWHPF1178Z2ZP,06QCBYQ6201T5Z8,95988.60,2026-07-01,Plywood panels,true
19XBETB1195X1Z0,06QWIYO2144M6Z6,10224.90,2026-07-01,Moulded plastic parts,true
06NPUYZ0199O3ZQ,33GUQQC4750Y8Z5,139858.26,2026-07-01,Rubber gaskets,true
36IRGOE6167K2ZD,19DQPPY2036U8ZN,101460.66,2026-07-01,Packaged fittings,false
33LZEGM8299Z8ZJ,06XLLCH1373K6Z0,138171.38,2026-07-01,Packaged fittings,true
29KALCU4943C5ZP,06ZYUMR8310X1ZI,330354.23,2026-07-01,Packaged fittings,true
36JMBCS5285U5Z4,24DLSBQ3016N1ZZ,242829.17,2026-07-01,Iron ore,true
07QRPZY1803G2ZH,29USNIB2707Y3Z6,589108.14,2026-07-01,Auto spare kits,true
06CXXPI1433H7ZT,27KNVLF9413B7ZQ,232106.85,2026-07-01,Assembled pump units,false
29HNSJS2359P1ZA,19ZFPYI2441K8ZA,542839.06,2026-07-01,Auto spare kits,false
36GZLVK4903C3ZJ,33XMQHZ6732E8Z4,672594.76,2026-07-01,Unprocessed timber,true
33NGISF2283W2ZB,07DHLQX8570T4Z7,120000.00,2026-07-01,Trading goods - general,false
33NGISF2283W2ZB,27JSEGL9722A2ZS,260000.00,2026-07-01,Industrial consumables (assorted),false
33NGISF2283W2ZB,27AJPTA1766T6ZD,162298.50,2026-07-01,Trading goods - general,false
24PVOMJ2656K2ZL,06QWIYO2144M6Z6,1503612.90,2026-07-02,Unprocessed timber,true
27RLWOP1961W9ZE,24HGRZG4980H6ZH,20405.68,2026-07-02,Raw rubber sheets,true
36SGHHT8031T6ZB,36MKQTJ8113D3ZB,32944.27,2026-07-02,Raw rubber sheets,true
36DOAKR6492B1ZA,06GPNPX2499U7Z8,17217.16,2026-07-02,Steel coils,true
06KUHPQ3830N7ZC,36UCUGG4046W7ZA,43575.58,2026-07-02,Cotton yarn,true
29QWAAN3943M1ZA,36IRGOE6167K2ZD,533782.30,2026-07-02,Cotton yarn,false
19FQVDH2460H4ZO,33LZEGM8299Z8ZJ,971758.33,2026-07-02,Aluminium sheets,true
36IRGOE6167K2ZD,06XLLCH1373K6Z0,123537.09,2026-07-02,Auto spare kits,true
36IRGOE6167K2ZD,19XTXAC5360U3ZZ,138588.80,2026-07-02,Assembled pump units,true
36MKQTJ8113D3ZB,32HMMVM9374W1ZA,364420.51,2026-07-02,Assembled pump units,true
09EYIVN1895O1ZO,33ZCRFD0565L9ZA,226827.86,2026-07-02,Furniture sets,true
09EYIVN1895O1ZO,33ZCRFD0565L9ZA,223551.51,2026-07-02,Auto spare kits,false
24PVOMJ2656K2ZL,09LOVSQ6828E1ZX,395162.54,2026-07-02,Unprocessed timber,true
33MMSCL6404D5Z9,24XPYIF3293S1ZX,72525.52,2026-07-03,Rubber gaskets,true
29HEAIS4524P9Z7,07BSHGZ0028T6Z1,73465.00,2026-07-03,Cotton yarn,true
32BTVLO0183D3ZZ,36MGSXI2233Q3ZO,26416.31,2026-07-03,Aluminium sheets,true
06NPUYZ0199O3ZQ,36IRGOE6167K2ZD,179362.94,2026-07-03,Moulded plastic parts,true
32KOMDV4565M8ZD,19ZFPYI2441K8ZA,109273.87,2026-07-03,Aluminium sheets,true
36JWQJO7718G8Z1,33BBUTI9480T1ZR,667447.64,2026-07-03,Garment lots,false
33GRWLO8497P9ZE,29LQFOT4019W1ZL,1190673.84,2026-07-03,Kitchenware cartons,true
24QJQGQ3620U1Z2,07DHLQX8570T4Z7,678658.30,2026-07-03,Furniture sets,true
29KALCU4943C5ZP,06XYZCA0026Z5ZI,217275.29,2026-07-03,Kitchenware cartons,true
29KALCU4943C5ZP,19QLQGQ2532E7Z2,151632.86,2026-07-03,Packaged fittings,true
19AFHVR2881Q4Z4,33ZCRFD0565L9ZA,923896.66,2026-07-03,Packaged fittings,true
33BBUTI9480T1ZR,07IHIOC8713E8ZN,1460770.90,2026-07-03,Warranty replacement units,true
24DLSBQ3016N1ZZ,29DFJDI9306B7ZJ,111164.05,2026-07-03,Packaged fittings,true
24TPTFH7609E1Z9,07IWNLV6321F8ZE,123494.93,2026-07-03,Raw rubber sheets,true
36QICOS8271Q4ZI,36BEPHT0000S2ZM,849397.17,2026-07-03,Bauxite,true
33NGISF2283W2ZB,06ZYUMR8310X1ZI,221588.68,2026-07-03,Industrial consumables (assorted),false
33NGISF2283W2ZB,32YKCYT1305Z3ZM,270000.00,2026-07-03,Industrial consumables (assorted),false
24PVOMJ2656K2ZL,27IPCHV6936J3ZF,1460578.41,2026-07-04,Bauxite,true
06TORUY4649H3ZW,36MGSXI2233Q3ZO,694998.24,2026-07-04,Unprocessed timber,false
36RVGEN3898U2ZW,29QWAAN3943M1ZA,17677.71,2026-07-04,Crude polymer granules,true
36UHMYC0921B6ZB,32BTVLO0183D3ZZ,317677.59,2026-07-04,Unprocessed timber,true
33NZNBC3282E6ZC,19MIHQQ3170D1ZS,14364.75,2026-07-04,Raw cotton bales,true
29HEAIS4524P9Z7,07JDIYG5643H5ZA,41252.05,2026-07-04,Moulded plastic parts,true
29HEAIS4524P9Z7,24IWPHR7389W2Z5,63349.45,2026-07-04,Steel coils,true
36PIYYH9409T1Z9,09MDSAV0327Y3ZY,59288.69,2026-07-04,Moulded plastic parts,true
29YGPFN5167M1ZA,29DFJDI9306B7ZJ,71816.11,2026-07-04,Packaged fittings,true
24YIDDD6289H3ZT,29LQFOT4019W1ZL,137071.41,2026-07-04,Garment lots,true
29GOJDW2619G6ZM,09THKGN0004S7ZJ,221419.33,2026-07-04,Kitchenware cartons,true
32YKCYT1305Z3ZM,33ZCRFD0565L9ZA,227040.11,2026-07-04,Garment lots,true
06QWIYO2144M6Z6,33JUGCQ0243X7ZK,1120647.51,2026-07-04,Garment lots,true
36MVINV2704L6ZF,06YQSZA9310B9ZO,537217.67,2026-07-04,Kitchenware cartons,true
33NGISF2283W2ZB,24DANYR9176S8Z7,162703.20,2026-07-04,Mixed hardware consignment,false
33NGISF2283W2ZB,09JOQVF4504B8ZC,120000.00,2026-07-04,Mixed hardware consignment,false
24FKAOJ6947C4ZF,32KQZTG2680A5ZT,2235912.11,2026-07-04,Assorted electronic components,false
36WGNVQ2730W3ZZ,29TIWPY0487R5ZH,70000.00,2026-07-04,Garment lots,true
36HIWMV4627A6ZF,29KALCU4943C5ZP,826240.87,2026-07-05,Aluminium sheets,true
36PIYYH9409T1Z9,07BSHGZ0028T6Z1,34283.91,2026-07-05,Steel coils,true
36JWQJO7718G8Z1,19DQPPY2036U8ZN,414148.23,2026-07-05,Kitchenware cartons,true
33GRWLO8497P9ZE,29USNIB2707Y3Z6,512490.27,2026-07-05,Packaged fittings,true
32LPQVH9585Z5Z0,06TMEUI5957D8ZT,464679.09,2026-07-05,Furniture sets,false
33GUQQC4750Y8Z5,33BBUTI9480T1ZR,1407354.91,2026-07-05,Assembled pump units,true
07QRPZY1803G2ZH,06YQSZA9310B9ZO,493331.63,2026-07-05,Garment lots,false
33EGOOS9719X8ZP,06PIVDW3748J8ZT,232120.00,2026-07-05,Unprocessed timber,true
33NGISF2283W2ZB,32KRNME6662U7ZG,216763.93,2026-07-05,Mixed hardware consignment,false
33NGISF2283W2ZB,06ZYUMR8310X1ZI,310000.00,2026-07-05,Assorted electronic components,false
33NGISF2283W2ZB,09TYOFZ7611E9ZS,330000.00,2026-07-05,General trading items,false
33NGISF2283W2ZB,06CFKGF8704V3ZL,270000.00,2026-07-05,Trading goods - general,false
33NGISF2283W2ZB,29MAUCO5537D8Z3,330000.00,2026-07-05,Industrial consumables (assorted),false
06DEAEJ2851Y7ZA,33XXUIM3478V9Z4,74841.40,2026-07-05,Auto spare kits,false
36DOAKR6492B1ZA,06GPNPX2499U7Z8,16242.34,2026-07-06,Aluminium sheets,true
29SLMYQ2307L6Z5,24XPYIF3293S1ZX,3242147.38,2026-07-06,Cotton yarn,true
07RMQJW3353W3ZM,36UUJPD2134K1ZG,314869.98,2026-07-06,Furniture sets,true
06CFKGF8704V3ZL,33BBUTI9480T1ZR,51643.36,2026-07-06,Kitchenware cartons,true
09CNWXM9348C8ZL,33ZCRFD0565L9ZA,483256.44,2026-07-06,Kitchenware cartons,true
19AFHVR2881Q4Z4,33ZCRFD0565L9ZA,767950.30,2026-07-06,Auto spare kits,true
33YFHAE9497P9ZG,33BBUTI9480T1ZR,163600.52,2026-07-06,Kitchenware cartons,true
06HZHAM9303D1Z2,09PBGYJ2366P5ZP,280208.65,2026-07-06,Bauxite,true
27WVWUH1002U7ZN,06MOGFE1378X5ZQ,735933.68,2026-07-06,Furniture sets,true
33NGISF2283W2ZB,24DANYR9176S8Z7,90000.00,2026-07-06,Assorted electronic components,false
33NGISF2283W2ZB,24TQBMB5563K9ZK,230000.00,2026-07-06,Mixed hardware consignment,false
24FKAOJ6947C4ZF,07NPOAT6825Y5Z6,2093292.74,2026-07-06,Miscellaneous industrial goods,false
36WGNVQ2730W3ZZ,07RMQJW3353W3ZM,66834.39,2026-07-06,Furniture sets,false
06DEAEJ2851Y7ZA,24SORHP9066Z2ZO,36081.89,2026-07-06,Furniture sets,true
24PVOMJ2656K2ZL,33MMSCL6404D5Z9,1001065.93,2026-07-07,Unprocessed timber,true
36JMBCS5285U5Z4,24IWPHR7389W2Z5,26558.70,2026-07-07,Bauxite,true
09ICBGQ0685I5ZT,29HEAIS4524P9Z7,24758.13,2026-07-07,Raw cotton bales,true
33NIRBJ4576K8ZM,33IIMMB0166U5Z6,11955.59,2026-07-07,Aluminium sheets,true
29NVUAL1821K7ZE,36UCUGG4046W7ZA,236675.07,2026-07-07,Moulded plastic parts,true
32RTMUK0767J7ZR,24HGRZG4980H6ZH,174147.41,2026-07-07,Plywood panels,true
19XBETB1195X1Z0,07DHLQX8570T4Z7,11024.21,2026-07-07,Rubber gaskets,true
36PIYYH9409T1Z9,24BUWJE4861D5ZC,44655.56,2026-07-07,Plywood panels,false
24SORHP9066Z2ZO,06YQSZA9310B9ZO,20083.00,2026-07-07,Steel coils,true
36JWQJO7718G8Z1,19DQPPY2036U8ZN,466005.92,2026-07-07,Assembled pump units,false
24IWPHR7389W2Z5,07BSHGZ0028T6Z1,788823.03,2026-07-07,Garment lots,true
36MGSXI2233Q3ZO,06GPNPX2499U7Z8,312544.62,2026-07-07,Kitchenware cartons,true
36UCUGG4046W7ZA,29MAUCO5537D8Z3,454513.52,2026-07-07,Kitchenware cartons,true
09LOVSQ6828E1ZX,33BBUTI9480T1ZR,253802.52,2026-07-07,Garment lots,false
06CXXPI1433H7ZT,29USNIB2707Y3Z6,282258.47,2026-07-07,Furniture sets,true
36HNWSS6393V2ZK,29DPWOY6467E1ZV,82876.64,2026-07-07,Bauxite,true
33INJVJ6049L7ZN,29YGPFN5167M1ZA,17401.89,2026-07-08,Steel coils,true
29SLMYQ2307L6Z5,24XPYIF3293S1ZX,3684074.02,2026-07-08,Steel coils,true
29ONVRZ3130M6ZL,29GOJDW2619G6ZM,99640.45,2026-07-08,Cotton yarn,true
27ZKLFW2886V7ZL,27SKWQX1255L5ZB,614391.88,2026-07-08,Plywood panels,true
09JOQVF4504B8ZC,33BBUTI9480T1ZR,105963.37,2026-07-08,Kitchenware cartons,true
29KALCU4943C5ZP,07IHIOC8713E8ZN,451627.11,2026-07-08,Auto spare kits,true
32EJXJI9851G6ZJ,07BSHGZ0028T6Z1,110731.21,2026-07-08,Garment lots,true
36MGSXI2233Q3ZO,33ZCRFD0565L9ZA,236554.24,2026-07-08,Auto spare kits,true
36UCUGG4046W7ZA,19YNUSU1543Z9ZL,664199.85,2026-07-08,Assembled pump units,true
06HKRKP4434B1ZM,06HELVU6748U6Z8,341151.21,2026-07-08,Unprocessed timber,true
33NGISF2283W2ZB,06ZYUMR8310X1ZI,290000.00,2026-07-08,Assorted electronic components,false
33NGISF2283W2ZB,24TQBMB5563K9ZK,360000.00,2026-07-08,Mixed hardware consignment,false
32APDCZ4228J5Z9,33NGISF2283W2ZB,187893.10,2026-07-08,Iron ore,true
19ILQQI2408P3Z6,33MMSCL6404D5Z9,238073.30,2026-07-08,Trading goods - assorted,true
36CVMQV4934B6Z0,36HIWMV4627A6ZF,30586.91,2026-07-09,Raw cotton bales,true
24PVOMJ2656K2ZL,33MMSCL6404D5Z9,940327.18,2026-07-09,Unprocessed timber,true
19WSEJA6123K9ZZ,36ETOYM3140L4ZH,950697.40,2026-07-09,Iron ore,true
36UHMYC0921B6ZB,19YTTQI9334D1Z5,323090.93,2026-07-09,Raw cotton bales,true
33MMSCL6404D5Z9,24XPYIF3293S1ZX,85157.56,2026-07-09,Aluminium sheets,true
09GDUDI3670A5ZE,24BUWJE4861D5ZC,313987.76,2026-07-09,Aluminium sheets,true
29OTMAB3690O3Z2,27WAABE0101S7ZY,7988.34,2026-07-09,Plywood panels,false
32OSLJF8100O5ZL,29GOJDW2619G6ZM,33602.80,2026-07-09,Plywood panels,true
36MFZZI1805O9Z6,06XLLCH1373K6Z0,521272.78,2026-07-09,Auto spare kits,true
29KALCU4943C5ZP,06XLLCH1373K6Z0,426650.21,2026-07-09,Kitchenware cartons,true
32EJXJI9851G6ZJ,07BSHGZ0028T6Z1,100302.59,2026-07-09,Kitchenware cartons,true
33NGISF2283W2ZB,27AJPTA1766T6ZD,130000.00,2026-07-09,Industrial consumables (assorted),false
27WJBXO9266U2ZY,33NGISF2283W2ZB,187893.10,2026-07-09,Unprocessed timber,true
09QVIWP3873R2Z7,09MACAR1889T5Z3,170000.00,2026-07-09,Kitchenware cartons,true
06DEAEJ2851Y7ZA,19QLQGQ2532E7Z2,30000.00,2026-07-09,Furniture sets,false
24PVOMJ2656K2ZL,09CNWXM9348C8ZL,1506690.86,2026-07-10,Bauxite,true
29HDPWO6467E4ZJ,19FQVDH2460H4ZO,594343.23,2026-07-10,Raw cotton bales,false
33ENOTV3814J8ZG,24IWPHR7389W2Z5,758474.65,2026-07-10,Bauxite,true
33XJXTK6255H1ZG,36AMNXO1723D1ZL,655918.20,2026-07-10,Bauxite,true
19SMNMV3040I7ZD,36MGSXI2233Q3ZO,255401.48,2026-07-10,Unprocessed timber,false
33MMSCL6404D5Z9,33GUQQC4750Y8Z5,80154.48,2026-07-10,Cotton yarn,true
36HIWMV4627A6ZF,29KALCU4943C5ZP,763932.19,2026-07-10,Cotton yarn,true
29HEAIS4524P9Z7,19YTTQI9334D1Z5,70332.40,2026-07-10,Plywood panels,true
36PIYYH9409T1Z9,24BUWJE4861D5ZC,47288.58,2026-07-10,Rubber gaskets,true
36PIYYH9409T1Z9,07RMQJW3353W3ZM,41897.47,2026-07-10,Rubber gaskets,true
36IRGOE6167K2ZD,29DFJDI9306B7ZJ,121824.08,2026-07-10,Kitchenware cartons,true
36MKQTJ8113D3ZB,32HMMVM9374W1ZA,339490.98,2026-07-10,Garment lots,false
36JWQJO7718G8Z1,33BBUTI9480T1ZR,563357.02,2026-07-10,Assembled pump units,true
33DRDIN3277R8ZV,29MAUCO5537D8Z3,479765.66,2026-07-10,Assembled pump units,true
36HNWSS6393V2ZK,09JTCDQ6252P6Z4,69315.00,2026-07-10,Raw cotton bales,true
32APDCZ4228J5Z9,07QRPZY1803G2ZH,877550.86,2026-07-10,Crude polymer granules,true
36SGHHT8031T6ZB,29DPWOY6467E1ZV,381309.01,2026-07-10,Bauxite,true
33NGISF2283W2ZB,07VZKFB6019K1ZT,189987.49,2026-07-10,Industrial consumables (assorted),false
33NGISF2283W2ZB,32JQHYS5486E9ZT,237755.27,2026-07-10,General trading items,false
33NGISF2283W2ZB,36HIWMV4627A6ZF,360000.00,2026-07-10,Miscellaneous industrial goods,false
19ILQQI2408P3Z6,29NVUAL1821K7ZE,200000.00,2026-07-10,Kitchenware cartons,false
06HKRKP4434B1ZM,29HEAIS4524P9Z7,443643.46,2026-07-11,Raw cotton bales,true
29NVUAL1821K7ZE,36MGSXI2233Q3ZO,181351.36,2026-07-11,Steel coils,true
29GOJDW2619G6ZM,33ZCRFD0565L9ZA,263480.92,2026-07-11,Furniture sets,true
29GOJDW2619G6ZM,33ZCRFD0565L9ZA,274311.69,2026-07-11,Packaged fittings,true
29DPWOY6467E1ZV,07ABURL9979Q1Z0,100156.05,2026-07-11,Kitchenware cartons,true
33NGISF2283W2ZB,27CDMPY3420P3ZO,180000.00,2026-07-11,Mixed hardware consignment,false
33NGISF2283W2ZB,29DFJDI9306B7ZJ,220000.00,2026-07-11,Miscellaneous industrial goods,false
09QVIWP3873R2Z7,36ZZRVY7581R1ZE,60000.00,2026-07-11,Kitchenware cartons,false
33ENOTV3814J8ZG,33DRDIN3277R8ZV,1564221.42,2026-07-12,Raw rubber sheets,true
32AQGJY0057D6ZV,07HSPWQ4695A1ZI,287072.07,2026-07-12,Iron ore,true
06HKRKP4434B1ZM,24LIHCR1961J7Z7,723443.24,2026-07-12,Unprocessed timber,true
33DCFQP7960U6Z9,36ETOYM3140L4ZH,732116.44,2026-07-12,Crude polymer granules,true
09ICBGQ0685I5ZT,29HEAIS4524P9Z7,21219.18,2026-07-12,Raw rubber sheets,true
27OVEWI9795R9Z8,36UCUGG4046W7ZA,200303.97,2026-07-12,Plywood panels,true
27OVEWI9795R9Z8,29KALCU4943C5ZP,224450.74,2026-07-12,Aluminium sheets,true
36JWQJO7718G8Z1,19DQPPY2036U8ZN,426187.66,2026-07-12,Furniture sets,true
09EYIVN1895O1ZO,32HMMVM9374W1ZA,204822.80,2026-07-12,Auto spare kits,true
09TUUXS2191W1Z4,19DQPPY2036U8ZN,98795.80,2026-07-12,Furniture sets,true
24XCOGB4723J1Z4,33ZCRFD0565L9ZA,391623.53,2026-07-12,Furniture sets,true
24DLSBQ3016N1ZZ,36HUUSB9960H7Z8,8020000.00,2026-07-12,General trading items,false
06HELVU6748U6Z8,06XYZCA0026Z5ZI,739785.97,2026-07-12,Assembled pump units,true
33NGISF2283W2ZB,27CDMPY3420P3ZO,110589.84,2026-07-12,Miscellaneous industrial goods,false
36WGNVQ2730W3ZZ,29TIWPY0487R5ZH,40000.00,2026-07-12,Kitchenware cartons,true
33ENOTV3814J8ZG,36WGNVQ2730W3ZZ,42749.39,2026-07-12,Bauxite,true
07JUHCS8296Y9Z9,32MCPVJ0931T3ZJ,261605.30,2026-07-13,Unprocessed timber,true
24TPTFH7609E1Z9,24GWHPF1178Z2ZP,1244337.21,2026-07-13,Raw rubber sheets,true
33ENOTV3814J8ZG,24IWPHR7389W2Z5,762128.67,2026-07-13,Raw cotton bales,true
32AQGJY0057D6ZV,36UCUGG4046W7ZA,252874.77,2026-07-13,Iron ore,true
33DCFQP7960U6Z9,36ETOYM3140L4ZH,703602.06,2026-07-13,Bauxite,true
06KUHPQ3830N7ZC,32YKCYT1305Z3ZM,74574.01,2026-07-13,Cotton yarn,true
36PIYYH9409T1Z9,07RMQJW3353W3ZM,41614.52,2026-07-13,Aluminium sheets,true
36MYFHN1078R2Z4,32HMMVM9374W1ZA,133764.35,2026-07-13,Kitchenware cartons,true
27CDMPY3420P3ZO,33JUGCQ0243X7ZK,3466139.50,2026-07-13,Furniture sets,true
32LPQVH9585Z5Z0,32HMMVM9374W1ZA,164336.17,2026-07-13,Garment lots,false
36UCUGG4046W7ZA,06XLLCH1373K6Z0,1025934.37,2026-07-13,Assembled pump units,true
07BSHGZ0028T6Z1,33ZCRFD0565L9ZA,556278.16,2026-07-13,Scrap and offcuts,true
09YKOSO5432W8ZJ,09JTCDQ6252P6Z4,7410000.00,2026-07-13,Trading goods - general,false
09YKOSO5432W8ZJ,09JTCDQ6252P6Z4,7970000.00,2026-07-13,General trading items,false
09UAURV3740O9Z4,06CXXPI1433H7ZT,940933.63,2026-07-13,Recovered packaging material,false
24TPTFH7609E1Z9,36MVINV2704L6ZF,546571.58,2026-07-13,Raw rubber sheets,true
29QEHBP5157Z6Z5,33XXUIM3478V9Z4,150000.00,2026-07-13,Assorted electronic components,false
33NGISF2283W2ZB,19FQVDH2460H4ZO,160000.00,2026-07-13,Industrial consumables (assorted),false
33NGISF2283W2ZB,27WAABE0101S7ZY,428226.24,2026-07-13,Trading goods - general,false
36RVGEN3898U2ZW,24HGRZG4980H6ZH,20009.40,2026-07-14,Iron ore,true
07NPOAT6825Y5Z6,36UCUGG4046W7ZA,177344.84,2026-07-14,Rubber gaskets,true
29YGPFN5167M1ZA,06GPNPX2499U7Z8,66364.41,2026-07-14,Furniture sets,false
36AOZCX8818C4Z4,33ZCRFD0565L9ZA,252786.47,2026-07-14,Assembled pump units,true
19DKRMK6116L4ZI,19DQPPY2036U8ZN,48892.05,2026-07-14,Packaged fittings,true
29HDPWO6467E4ZJ,36HUUSB9960H7Z8,100823.47,2026-07-14,Raw rubber sheets,true
29HDPWO6467E4ZJ,07TKLIK9045I2ZJ,407791.38,2026-07-14,Raw cotton bales,true
27IMDLL8847V8ZS,19VCJYK5835R1ZP,524079.84,2026-07-14,Raw cotton bales,true
24PVOMJ2656K2ZL,27TZILH6929G4ZN,1553054.69,2026-07-15,Bauxite,false
33XJXTK6255H1ZG,09GDUDI3670A5ZE,559884.84,2026-07-15,Unprocessed timber,true
29TPVLE8820A7ZX,06MOGFE1378X5ZQ,363181.47,2026-07-15,Assembled pump units,true
32LPQVH9585Z5Z0,32HMMVM9374W1ZA,154974.64,2026-07-15,Kitchenware cartons,false
19DQPPY2036U8ZN,33BBUTI9480T1ZR,1544858.16,2026-07-15,Returned unsold stock,true
09YKOSO5432W8ZJ,09JTCDQ6252P6Z4,7750000.00,2026-07-15,General trading items,false
07QRPZY1803G2ZH,29LQFOT4019W1ZL,617121.70,2026-07-15,Assembled pump units,false
33XMQHZ6732E8Z4,19XTXAC5360U3ZZ,89210.90,2026-07-15,Auto spare kits,false
29QEHBP5157Z6Z5,33JUGCQ0243X7ZK,330000.00,2026-07-15,Trading goods - general,false
29QEHBP5157Z6Z5,19AFHVR2881Q4Z4,590000.00,2026-07-15,Mixed hardware consignment,false
33NGISF2283W2ZB,09TYOFZ7611E9ZS,280000.00,2026-07-15,Mixed hardware consignment,false
24TPTFH7609E1Z9,07VZKFB6019K1ZT,1323168.61,2026-07-16,Raw cotton bales,true
32JTXAZ6068Y4ZY,19YTTQI9334D1Z5,322898.01,2026-07-16,Plywood panels,false
36PIYYH9409T1Z9,24BUWJE4861D5ZC,49509.02,2026-07-16,Aluminium sheets,true
36PIYYH9409T1Z9,07RMQJW3353W3ZM,52447.32,2026-07-16,Rubber gaskets,true
33LZEGM8299Z8ZJ,06XYZCA0026Z5ZI,66288.68,2026-07-16,Packaged fittings,true
33DRDIN3277R8ZV,07FSGBM8265D9ZC,555741.73,2026-07-16,Furniture sets,true
09CNWXM9348C8ZL,33ZCRFD0565L9ZA,486424.83,2026-07-16,Garment lots,true
29QEHBP5157Z6Z5,32YKCYT1305Z3ZM,270000.00,2026-07-16,Trading goods - general,false
29QEHBP5157Z6Z5,27TZILH6929G4ZN,155128.28,2026-07-16,Assorted electronic components,false
29QEHBP5157Z6Z5,27ILOPH5801Q1ZO,716495.55,2026-07-16,Mixed hardware consignment,false
33NGISF2283W2ZB,19FQVDH2460H4ZO,180000.00,2026-07-16,General trading items,false
33NGISF2283W2ZB,06CFKGF8704V3ZL,220000.00,2026-07-16,Mixed hardware consignment,false
33NGISF2283W2ZB,07UPVXB8379E6ZK,120000.00,2026-07-16,Assorted electronic components,false
27RLWOP1961W9ZE,33NRDCU7320N2Z5,16648.16,2026-07-17,Crude polymer granules,true
36ILBRA0487B8ZC,29DSORG7805Q7ZD,508100.70,2026-07-17,Raw cotton bales,true
06KUHPQ3830N7ZC,36UCUGG4046W7ZA,37920.36,2026-07-17,Steel coils,true
07XFBLY2148W1ZG,24BUWJE4861D5ZC,226835.79,2026-07-17,Rubber gaskets,true
19XBETB1195X1Z0,06QWIYO2144M6Z6,11284.30,2026-07-17,Rubber gaskets,true
24WXKFC0232Q6ZN,29GBWZR4282Y6Z3,439984.41,2026-07-17,Plywood panels,true
29YGPFN5167M1ZA,19QLQGQ2532E7Z2,44103.55,2026-07-17,Kitchenware cartons,true
29KALCU4943C5ZP,29DFJDI9306B7ZJ,342311.28,2026-07-17,Packaged fittings,true
36MGSXI2233Q3ZO,06YQSZA9310B9ZO,340539.33,2026-07-17,Kitchenware cartons,true
36UCUGG4046W7ZA,29DFJDI9306B7ZJ,766520.61,2026-07-17,Furniture sets,true
07BSHGZ0028T6Z1,33ZCRFD0565L9ZA,568149.47,2026-07-17,Returned unsold stock,false
07IWNLV6321F8ZE,06ENRLT9528T9Z3,780000.00,2026-07-17,Mixed hardware consignment,false
09PBGYJ2366P5ZP,09VPWSE5537W2Z0,88982.46,2026-07-17,Garment lots,true
32AQGJY0057D6ZV,07IWNLV6321F8ZE,294516.78,2026-07-17,Unprocessed timber,true
29TUCVL2460C9ZK,19XTXAC5360U3ZZ,561469.87,2026-07-17,Auto spare kits,true
33NGISF2283W2ZB,32KRNME6662U7ZG,150014.75,2026-07-17,Miscellaneous industrial goods,false
33NGISF2283W2ZB,27WAABE0101S7ZY,340000.00,2026-07-17,Assorted electronic components,false
33NGISF2283W2ZB,32JQHYS5486E9ZT,183873.54,2026-07-17,Assorted electronic components,false
06DEAEJ2851Y7ZA,19DQPPY2036U8ZN,74211.68,2026-07-17,Furniture sets,true
36ILBRA0487B8ZC,07NPOAT6825Y5Z6,315746.90,2026-07-18,Iron ore,true
36ILBRA0487B8ZC,29DSORG7805Q7ZD,487999.18,2026-07-18,Crude polymer granules,true
29OTMAB3690O3Z2,29GOJDW2619G6ZM,7340.65,2026-07-18,Rubber gaskets,true
36PIYYH9409T1Z9,36AOZCX8818C4Z4,88644.69,2026-07-18,Plywood panels,false
29TPVLE8820A7ZX,06YQSZA9310B9ZO,525394.46,2026-07-18,Packaged fittings,true
36AOZCX8818C4Z4,06GPNPX2499U7Z8,262990.19,2026-07-18,Furniture sets,true
36JWQJO7718G8Z1,33BBUTI9480T1ZR,639135.30,2026-07-18,Kitchenware cartons,true
33GRWLO8497P9ZE,33ZCRFD0565L9ZA,895113.28,2026-07-18,Packaged fittings,true
19DKRMK6116L4ZI,19DQPPY2036U8ZN,63738.90,2026-07-18,Assembled pump units,true
29KALCU4943C5ZP,06PACMQ7731H2Z6,357122.77,2026-07-18,Kitchenware cartons,true
09MACAR1889T5Z3,24XPYIF3293S1ZX,295696.92,2026-07-18,Packaged fittings,true
36HUUSB9960H7Z8,32JRVFD9935D4Z3,7600000.00,2026-07-18,Trading goods - general,false
19CIPWV1049V1ZO,09PBGYJ2366P5ZP,810000.00,2026-07-18,Trading goods - general,false
33ENOTV3814J8ZG,07NHZUY6060O5Z4,206732.78,2026-07-18,Iron ore,true
09XRXZF7343R2ZD,36MVINV2704L6ZF,179504.92,2026-07-18,Iron ore,true
33NGISF2283W2ZB,07VZKFB6019K1ZT,250000.00,2026-07-18,Assorted electronic components,false
33NGISF2283W2ZB,07VZKFB6019K1ZT,150000.00,2026-07-18,General trading items,false
33NGISF2283W2ZB,36IBYDQ7801O8ZC,362422.44,2026-07-18,Industrial consumables (assorted),false
06HKRKP4434B1ZM,29HEAIS4524P9Z7,470907.38,2026-07-19,Iron ore,true
29WPVPH3087E4Z8,36UCUGG4046W7ZA,59798.42,2026-07-19,Raw rubber sheets,true
36SGHHT8031T6ZB,36MKQTJ8113D3ZB,40126.02,2026-07-19,Iron ore,true
33DRDIN3277R8ZV,36UUJPD2134K1ZG,392031.51,2026-07-19,Kitchenware cartons,true
09PBGYJ2366P5ZP,07IWNLV6321F8ZE,810000.00,2026-07-19,Industrial consumables (assorted),true
36MVINV2704L6ZF,29TUCVL2460C9ZK,695963.81,2026-07-19,Recovered packaging material,true
19WSEJA6123K9ZZ,33XMQHZ6732E8Z4,754008.20,2026-07-19,Unprocessed timber,true
29QEHBP5157Z6Z5,06OUYEO4807S2ZY,380000.00,2026-07-19,Industrial consumables (assorted),false
06DEAEJ2851Y7ZA,24SORHP9066Z2ZO,20021.25,2026-07-19,Packaged fittings,false
29QWAAN3943M1ZA,27HXKTQ5235G4ZA,392667.28,2026-07-20,Steel coils,true
24LIHCR1961J7Z7,24HGRZG4980H6ZH,41777.54,2026-07-20,Plywood panels,true
36MYFHN1078R2Z4,33ZCRFD0565L9ZA,280507.77,2026-07-20,Packaged fittings,true
32EJXJI9851G6ZJ,33JUGCQ0243X7ZK,97363.85,2026-07-20,Furniture sets,true
33GUQQC4750Y8Z5,33BBUTI9480T1ZR,1752991.41,2026-07-20,Packaged fittings,true
33GUQQC4750Y8Z5,33BBUTI9480T1ZR,1701688.97,2026-07-20,Packaged fittings,true
32YKCYT1305Z3ZM,33ZCRFD0565L9ZA,209826.62,2026-07-20,Garment lots,true
36UCUGG4046W7ZA,19YNUSU1543Z9ZL,643501.32,2026-07-20,Auto spare kits,true
36HUUSB9960H7Z8,32JRVFD9935D4Z3,7680000.00,2026-07-20,Miscellaneous industrial goods,false
09JTCDQ6252P6Z4,24DLSBQ3016N1ZZ,7780000.00,2026-07-20,Mixed hardware consignment,true
29QEHBP5157Z6Z5,24XCOGB4723J1Z4,410000.00,2026-07-20,Miscellaneous industrial goods,false
07NPOAT6825Y5Z6,33DRDIN3277R8ZV,280059.12,2026-07-21,Rubber gaskets,true
27OVEWI9795R9Z8,29KALCU4943C5ZP,240209.08,2026-07-21,Cotton yarn,true
32MCPVJ0931T3ZJ,33BBUTI9480T1ZR,148808.17,2026-07-21,Packaged fittings,false
36MYFHN1078R2Z4,32HMMVM9374W1ZA,153419.33,2026-07-21,Auto spare kits,true
32EJXJI9851G6ZJ,33BBUTI9480T1ZR,41559.18,2026-07-21,Kitchenware cartons,true
19AFHVR2881Q4Z4,33ZCRFD0565L9ZA,865461.29,2026-07-21,Packaged fittings,true
19QAOYF9022E9Z3,09PBGYJ2366P5ZP,285059.56,2026-07-21,Raw rubber sheets,true
36ILBRA0487B8ZC,07NPOAT6825Y5Z6,364663.08,2026-07-22,Crude polymer granules,true
27YOFNE4012A3ZM,33YGMLY4610W6ZS,157635.84,2026-07-22,Iron ore,true
32EJXJI9851G6ZJ,19DQPPY2036U8ZN,109290.52,2026-07-22,Kitchenware cartons,true
07QRPZY1803G2ZH,07DHLQX8570T4Z7,589835.15,2026-07-22,Kitchenware cartons,false
29QEHBP5157Z6Z5,19DKRMK6116L4ZI,260000.00,2026-07-22,Assorted electronic components,false
24FKAOJ6947C4ZF,29YGPFN5167M1ZA,2544922.75,2026-07-22,General trading items,false
27RLWOP1961W9ZE,33NRDCU7320N2Z5,15946.08,2026-07-23,Raw cotton bales,true
36DOAKR6492B1ZA,33JUGCQ0243X7ZK,11658.20,2026-07-23,Steel coils,true
29QWAAN3943M1ZA,07WWTVC3072D6Z6,609578.91,2026-07-23,Cotton yarn,false
33NIRBJ4576K8ZM,36QKUHT3363G8Z1,15754.87,2026-07-23,Aluminium sheets,true
24IWPHR7389W2Z5,07BSHGZ0028T6Z1,859763.71,2026-07-23,Packaged fittings,true
36UCUGG4046W7ZA,07UPVXB8379E6ZK,661878.60,2026-07-23,Garment lots,false
29QEHBP5157Z6Z5,33YFHAE9497P9ZG,145370.63,2026-07-23,Assorted electronic components,false
36WGNVQ2730W3ZZ,29MAUCO5537D8Z3,80000.00,2026-07-23,Trading goods - assorted,false
06DEAEJ2851Y7ZA,33XXUIM3478V9Z4,75779.71,2026-07-23,Kitchenware cartons,true
27RLWOP1961W9ZE,36JWQJO7718G8Z1,13228.03,2026-07-24,Raw cotton bales,true
32JTXAZ6068Y4ZY,19DQPPY2036U8ZN,433212.86,2026-07-24,Moulded plastic parts,true
36PIYYH9409T1Z9,07BSHGZ0028T6Z1,33745.22,2026-07-24,Moulded plastic parts,true
36PIYYH9409T1Z9,07RMQJW3353W3ZM,43955.97,2026-07-24,Moulded plastic parts,true
36IRGOE6167K2ZD,33JUGCQ0243X7ZK,65619.07,2026-07-24,Furniture sets,true
36MKQTJ8113D3ZB,06MOGFE1378X5ZQ,365004.86,2026-07-24,Garment lots,true
36MYFHN1078R2Z4,33ZCRFD0565L9ZA,306935.52,2026-07-24,Assembled pump units,true
32LPQVH9585Z5Z0,06TMEUI5957D8ZT,431695.10,2026-07-24,Auto spare kits,false
32LPQVH9585Z5Z0,19ZFPYI2441K8ZA,283160.64,2026-07-24,Furniture sets,true
09EYIVN1895O1ZO,33ZCRFD0565L9ZA,243244.97,2026-07-24,Furniture sets,true
32BIIMM0016N5ZM,07IHIOC8713E8ZN,276733.29,2026-07-24,Kitchenware cartons,true
29QEHBP5157Z6Z5,33JUGCQ0243X7ZK,287082.60,2026-07-24,Assorted electronic components,false
29QEHBP5157Z6Z5,36DOAKR6492B1ZA,337045.44,2026-07-24,Miscellaneous industrial goods,false
29QEHBP5157Z6Z5,27ILOPH5801Q1ZO,360000.00,2026-07-24,Mixed hardware consignment,false
06DEAEJ2851Y7ZA,33ZCRFD0565L9ZA,73228.86,2026-07-24,Packaged fittings,false
33ENOTV3814J8ZG,33DRDIN3277R8ZV,1643782.06,2026-07-25,Raw cotton bales,true
36ILBRA0487B8ZC,33IIMMB0166U5Z6,575160.27,2026-07-25,Bauxite,true
36ILBRA0487B8ZC,06VXENK5239T5Z6,517628.26,2026-07-25,Bauxite,true
36PIYYH9409T1Z9,09MDSAV0327Y3ZY,66479.95,2026-07-25,Cotton yarn,false
36IRGOE6167K2ZD,33JUGCQ0243X7ZK,62546.81,2026-07-25,Kitchenware cartons,true
24TQBMB5563K9ZK,24XPYIF3293S1ZX,451098.54,2026-07-25,Packaged fittings,true
36UCUGG4046W7ZA,19ZFPYI2441K8ZA,556822.22,2026-07-25,Furniture sets,true
09LOVSQ6828E1ZX,09TAYZE2279X1Z7,1508439.68,2026-07-25,Scrap and offcuts,true
09LOVSQ6828E1ZX,33JUGCQ0243X7ZK,252808.40,2026-07-25,Garment lots,true
07TKLIK9045I2ZJ,33JUGCQ0243X7ZK,90413.28,2026-07-25,Auto spare kits,true
06TORUY4649H3ZW,24XCOGB4723J1Z4,884029.57,2026-07-26,Iron ore,false
27YRPVR6146L5ZI,07NPOAT6825Y5Z6,82012.30,2026-07-26,Unprocessed timber,true
09TYOFZ7611E9ZS,36UCUGG4046W7ZA,725109.92,2026-07-26,Aluminium sheets,true
24GWHPF1178Z2ZP,06QCBYQ6201T5Z8,124176.51,2026-07-26,Plywood panels,true
36HIWMV4627A6ZF,33ZCRFD0565L9ZA,1504664.39,2026-07-26,Moulded plastic parts,true
33NIRBJ4576K8ZM,33DRDIN3277R8ZV,23696.81,2026-07-26,Plywood panels,true
36PIYYH9409T1Z9,09MDSAV0327Y3ZY,64807.87,2026-07-26,Aluminium sheets,true
36MFZZI1805O9Z6,09MDSAV0327Y3ZY,800202.99,2026-07-26,Packaged fittings,true
06XYZCA0026Z5ZI,33IIMMB0166U5Z6,1276729.52,2026-07-26,Warranty replacement units,true
36VDRMO4829X3Z0,24DLSBQ3016N1ZZ,116971.50,2026-07-26,Iron ore,true
36HUUSB9960H7Z8,24XPYIF3293S1ZX,238169.37,2026-07-26,Auto spare kits,true
29QEHBP5157Z6Z5,33YFHAE9497P9ZG,230000.00,2026-07-26,Assorted electronic components,false
27YOFNE4012A3ZM,29TIWPY0487R5ZH,174513.76,2026-07-27,Bauxite,true
29OTMAB3690O3Z2,29GOJDW2619G6ZM,7050.58,2026-07-27,Rubber gaskets,true
29GOJDW2619G6ZM,33ZCRFD0565L9ZA,239700.98,2026-07-27,Assembled pump units,true
32JRVFD9935D4Z3,09YKOSO5432W8ZJ,7890000.00,2026-07-27,Mixed hardware consignment,true
32BIIMM0016N5ZM,33JUGCQ0243X7ZK,788372.20,2026-07-27,Packaged fittings,false
29QEHBP5157Z6Z5,19AFHVR2881Q4Z4,860000.00,2026-07-27,Miscellaneous industrial goods,false
29QEHBP5157Z6Z5,06PACMQ7731H2Z6,270000.00,2026-07-27,Industrial consumables (assorted),false
07JUHCS8296Y9Z9,32MCPVJ0931T3ZJ,274037.09,2026-07-28,Iron ore,true
32JTXAZ6068Y4ZY,19AFHVR2881Q4Z4,202513.53,2026-07-28,Aluminium sheets,true
19XBETB1195X1Z0,09THKGN0004S7ZJ,8045.46,2026-07-28,Rubber gaskets,true
36IRGOE6167K2ZD,19XTXAC5360U3ZZ,134742.57,2026-07-28,Packaged fittings,false
36MGSXI2233Q3ZO,06YQSZA9310B9ZO,336633.02,2026-07-28,Furniture sets,true
32CMSLO2200R6Z5,24DLSBQ3016N1ZZ,145340.61,2026-07-28,Bauxite,true
36JMBCS5285U5Z4,09PBGYJ2366P5ZP,131168.84,2026-07-28,Iron ore,true
07NHZUY6060O5Z4,33ZCRFD0565L9ZA,353572.17,2026-07-28,Furniture sets,false
29QEHBP5157Z6Z5,32KRNME6662U7ZG,470000.00,2026-07-28,Mixed hardware consignment,false
06TORUY4649H3ZW,24XCOGB4723J1Z4,1044941.38,2026-07-29,Crude polymer granules,true
36HIWMV4627A6ZF,33ZCRFD0565L9ZA,1691051.22,2026-07-29,Steel coils,true
27OVEWI9795R9Z8,36UCUGG4046W7ZA,185935.08,2026-07-29,Aluminium sheets,true
36LCLXV2521K3ZU,33BBUTI9480T1ZR,81721.01,2026-07-29,Steel coils,false
36MKQTJ8113D3ZB,07FSGBM8265D9ZC,384960.89,2026-07-29,Garment lots,true
36MKQTJ8113D3ZB,29USNIB2707Y3Z6,357478.86,2026-07-29,Packaged fittings,true
24TQBMB5563K9ZK,32HMMVM9374W1ZA,297925.90,2026-07-29,Packaged fittings,false
19DKRMK6116L4ZI,19DQPPY2036U8ZN,63852.71,2026-07-29,Assembled pump units,true
33DKOHF9808I3ZZ,27KNVLF9413B7ZQ,159708.58,2026-07-29,Kitchenware cartons,true
07IWNLV6321F8ZE,19QLQGQ2532E7Z2,213565.51,2026-07-29,Furniture sets,false
33YETHK5759C7ZW,33ZCRFD0565L9ZA,569659.25,2026-07-29,Packaged fittings,false
29QEHBP5157Z6Z5,33NIRBJ4576K8ZM,590000.00,2026-07-29,Trading goods - general,false
32APDCZ4228J5Z9,29QEHBP5157Z6Z5,230243.61,2026-07-29,Crude polymer granules,true
09ICBGQ0685I5ZT,32JTXAZ6068Y4ZY,15195.22,2026-07-30,Raw rubber sheets,true
36SGHHT8031T6ZB,32LPQVH9585Z5Z0,37928.66,2026-07-30,Crude polymer granules,true
32JQHYS5486E9ZT,24LEGQZ0248F6ZJ,82243.20,2026-07-30,Cotton yarn,true
24RGHCF5815H7Z1,36MKQTJ8113D3ZB,478674.49,2026-07-30,Moulded plastic parts,true
29KALCU4943C5ZP,19QLQGQ2532E7Z2,184898.20,2026-07-30,Garment lots,true
36UUJPD2134K1ZG,19DQPPY2036U8ZN,1402131.19,2026-07-30,Scrap and offcuts,false
24DLSBQ3016N1ZZ,06TMEUI5957D8ZT,90836.54,2026-07-30,Packaged fittings,true
09PBGYJ2366P5ZP,27KNVLF9413B7ZQ,51412.84,2026-07-30,Auto spare kits,true
06ENRLT9528T9Z3,09VPWSE5537W2Z0,165467.29,2026-07-30,Furniture sets,true
09TAYZE2279X1Z7,07OWSPV4756N1ZN,70548.80,2026-07-30,Auto spare kits,false
33YETHK5759C7ZW,07NHZUY6060O5Z4,1015592.14,2026-07-30,Kitchenware cartons,true
36ILBRA0487B8ZC,29TIWPY0487R5ZH,860070.28,2026-07-31,Raw rubber sheets,true
32JTXAZ6068Y4ZY,19YTTQI9334D1Z5,310952.38,2026-07-31,Moulded plastic parts,true
24YIDDD6289H3ZT,06ZYUMR8310X1ZI,128141.87,2026-07-31,Auto spare kits,false
33GUQQC4750Y8Z5,33BBUTI9480T1ZR,1788420.93,2026-07-31,Assembled pump units,true
36UCUGG4046W7ZA,29MAUCO5537D8Z3,481399.18,2026-07-31,Furniture sets,true
07TKLIK9045I2ZJ,29DPWOY6467E1ZV,1692223.85,2026-07-31,Kitchenware cartons,false
32AQGJY0057D6ZV,36MKQTJ8113D3ZB,136023.52,2026-08-01,Bauxite,true
36ILBRA0487B8ZC,24KMIVJ8686V9ZO,725726.00,2026-08-01,Raw cotton bales,true
09ICBGQ0685I5ZT,24EWMJL6724F1ZM,14816.16,2026-08-01,Iron ore,true
33ZCOYB3981K1ZV,33INJVJ6049L7ZN,25948.29,2026-08-01,Iron ore,true
32JQHYS5486E9ZT,33BBUTI9480T1ZR,102233.59,2026-08-01,Rubber gaskets,true
36LSELK1732T5ZX,24PISLE8831I5ZS,579474.94,2026-08-01,Steel coils,true
29HEAIS4524P9Z7,19ORCRZ5136S8ZX,82711.03,2026-08-01,Rubber gaskets,true
24SORHP9066Z2ZO,36IRGOE6167K2ZD,29443.49,2026-08-01,Rubber gaskets,true
19UCSSH0140I9ZM,06CFKGF8704V3ZL,878384.02,2026-08-01,Plywood panels,true
07RMQJW3353W3ZM,32HMMVM9374W1ZA,163012.88,2026-08-01,Assembled pump units,true
36AOZCX8818C4Z4,33ZCRFD0565L9ZA,250641.38,2026-08-01,Kitchenware cartons,true
29KALCU4943C5ZP,06PACMQ7731H2Z6,398010.44,2026-08-01,Packaged fittings,true
29GLIVA3486Y3ZR,07BSHGZ0028T6Z1,144070.30,2026-08-01,Auto spare kits,true
09TUUXS2191W1Z4,19DQPPY2036U8ZN,110638.63,2026-08-01,Garment lots,false
29LQFOT4019W1ZL,09THKGN0004S7ZJ,423795.51,2026-08-01,Recovered packaging material,true
06ENRLT9528T9Z3,19CIPWV1049V1ZO,780000.00,2026-08-01,Assorted electronic components,false
24FKAOJ6947C4ZF,07JDIYG5643H5ZA,2161702.94,2026-08-01,Assorted electronic components,false
36IBYDQ7801O8ZC,29KALCU4943C5ZP,33998.28,2026-08-02,Steel coils,true
33INJVJ6049L7ZN,32HMMVM9374W1ZA,12663.55,2026-08-02,Plywood panels,true
27OVEWI9795R9Z8,29KALCU4943C5ZP,268818.70,2026-08-02,Aluminium sheets,true
36PIYYH9409T1Z9,24BUWJE4861D5ZC,43253.65,2026-08-02,Plywood panels,true
32LPQVH9585Z5Z0,07OWSPV4756N1ZN,210948.26,2026-08-02,Garment lots,true
36UHMYC0921B6ZB,36HUUSB9960H7Z8,211155.69,2026-08-02,Crude polymer granules,true
29QEHBP5157Z6Z5,33XXUIM3478V9Z4,190000.00,2026-08-02,Miscellaneous industrial goods,false
29QEHBP5157Z6Z5,06PACMQ7731H2Z6,440000.00,2026-08-02,General trading items,false
36CVMQV4934B6Z0,29OTMAB3690O3Z2,18954.11,2026-08-03,Raw rubber sheets,true
36PIYYH9409T1Z9,09MDSAV0327Y3ZY,52910.62,2026-08-03,Aluminium sheets,false
36UCUGG4046W7ZA,07UPVXB8379E6ZK,692135.60,2026-08-03,Furniture sets,true
32JRVFD9935D4Z3,09YKOSO5432W8ZJ,7250000.00,2026-08-03,Miscellaneous industrial goods,false
33DCFQP7960U6Z9,24DLSBQ3016N1ZZ,262725.48,2026-08-03,Bauxite,true
09UAURV3740O9Z4,33BBUTI9480T1ZR,251184.60,2026-08-03,Garment lots,false
29QEHBP5157Z6Z5,32KRNME6662U7ZG,460000.00,2026-08-03,Miscellaneous industrial goods,false
32CMSLO2200R6Z5,24DANYR9176S8Z7,59053.88,2026-08-04,Unprocessed timber,true
29QWAAN3943M1ZA,24YIDDD6289H3ZT,377213.00,2026-08-04,Moulded plastic parts,true
09GDUDI3670A5ZE,24BUWJE4861D5ZC,286799.68,2026-08-04,Rubber gaskets,true
36PIYYH9409T1Z9,36AOZCX8818C4Z4,77936.11,2026-08-04,Moulded plastic parts,true
29ONVRZ3130M6ZL,32FNBKA6990P7ZQ,155821.91,2026-08-04,Rubber gaskets,true
36IRGOE6167K2ZD,06MOGFE1378X5ZQ,98556.01,2026-08-04,Packaged fittings,true
36AOZCX8818C4Z4,33ZCRFD0565L9ZA,273159.82,2026-08-04,Furniture sets,true
33DRDIN3277R8ZV,36UUJPD2134K1ZG,379573.28,2026-08-04,Kitchenware cartons,true
36HUUSB9960H7Z8,24ADBPZ9331Y7Z1,156915.05,2026-08-04,Packaged fittings,false
36HUUSB9960H7Z8,06YQSZA9310B9ZO,73361.27,2026-08-04,Kitchenware cartons,true
36WGNVQ2730W3ZZ,32KOMDV4565M8ZD,14492.55,2026-08-04,Assembled pump units,false
32AQGJY0057D6ZV,36UCUGG4046W7ZA,240746.09,2026-08-05,Unprocessed timber,true
36HNWSS6393V2ZK,27AJPTA1766T6ZD,1120998.97,2026-08-05,Crude polymer granules,true
27RLWOP1961W9ZE,09JOQVF4504B8ZC,12609.09,2026-08-05,Iron ore,true
32DPUMB3137F3Z0,07KYWMS0417O4Z8,35830.68,2026-08-05,Plywood panels,true
07XFBLY2148W1ZG,29KALCU4943C5ZP,96975.44,2026-08-05,Plywood panels,false
32BTVLO0183D3ZZ,19ZFPYI2441K8ZA,31835.77,2026-08-05,Aluminium sheets,true
27OVEWI9795R9Z8,36UCUGG4046W7ZA,200585.61,2026-08-05,Moulded plastic parts,true
24WXKFC0232Q6ZN,07ABURL9979Q1Z0,880201.24,2026-08-05,Aluminium sheets,true
36PIYYH9409T1Z9,24BUWJE4861D5ZC,42029.30,2026-08-05,Steel coils,true
06OUYEO4807S2ZY,33DRDIN3277R8ZV,92903.32,2026-08-05,Rubber gaskets,true
36IRGOE6167K2ZD,19DQPPY2036U8ZN,86082.45,2026-08-05,Auto spare kits,true
07RMQJW3353W3ZM,19ZFPYI2441K8ZA,277751.22,2026-08-05,Auto spare kits,true
24YIDDD6289H3ZT,06ZYUMR8310X1ZI,127682.53,2026-08-05,Auto spare kits,true
07RQSPW5140Z2ZH,24QJQGQ3620U1Z2,257383.19,2026-08-06,Aluminium sheets,true
07XFBLY2148W1ZG,36MKQTJ8113D3ZB,181599.81,2026-08-06,Steel coils,false
19XBETB1195X1Z0,09THKGN0004S7ZJ,7494.26,2026-08-06,Plywood panels,true
36PIYYH9409T1Z9,19QLQGQ2532E7Z2,33402.52,2026-08-06,Steel coils,true
36PIYYH9409T1Z9,36AOZCX8818C4Z4,76253.73,2026-08-06,Steel coils,true
29TPVLE8820A7ZX,06YQSZA9310B9ZO,493785.41,2026-08-06,Packaged fittings,true
36IRGOE6167K2ZD,19XTXAC5360U3ZZ,118159.05,2026-08-06,Assembled pump units,true
36AMNXO1723D1ZL,19DQPPY2036U8ZN,252210.51,2026-08-06,Garment lots,false
33ZCRFD0565L9ZA,19YNUSU1543Z9ZL,515783.63,2026-08-06,Inter-branch stock transfer,true
36BOCZB4319K6Z2,32JRVFD9935D4Z3,234311.80,2026-08-06,Crude polymer granules,true
36ILBRA0487B8ZC,07RMQJW3353W3ZM,634221.90,2026-08-07,Iron ore,true
33NRDCU7320N2Z5,07JDIYG5643H5ZA,1471736.96,2026-08-07,Steel coils,false
19QGJES9032L6ZO,29GOJDW2619G6ZM,241097.85,2026-08-07,Aluminium sheets,true
19CMQIT5183T9ZU,32HMMVM9374W1ZA,117847.05,2026-08-07,Cotton yarn,true
29KALCU4943C5ZP,06XYZCA0026Z5ZI,236382.28,2026-08-07,Auto spare kits,true
29KALCU4943C5ZP,06PACMQ7731H2Z6,368031.87,2026-08-07,Furniture sets,true
24DLSBQ3016N1ZZ,36HUUSB9960H7Z8,7490000.00,2026-08-07,Assorted electronic components,false
19FWLNA7151E6Z5,29TUCVL2460C9ZK,777969.68,2026-08-07,Raw rubber sheets,true
36CVMQV4934B6Z0,29KALCU4943C5ZP,27384.14,2026-08-08,Unprocessed timber,true
19CMQIT5183T9ZU,36MKQTJ8113D3ZB,123365.75,2026-08-08,Moulded plastic parts,true
24LIHCR1961J7Z7,06XYZCA0026Z5ZI,100881.40,2026-08-08,Moulded plastic parts,true
36MYFHN1078R2Z4,32HMMVM9374W1ZA,124579.67,2026-08-08,Garment lots,true
29DSORG7805Q7ZD,27KNVLF9413B7ZQ,1559541.08,2026-08-08,Assembled pump units,true
07JDIYG5643H5ZA,09THKGN0004S7ZJ,2156254.75,2026-08-08,Auto spare kits,true
29KALCU4943C5ZP,07IHIOC8713E8ZN,397392.23,2026-08-08,Packaged fittings,true
32BIIMM0016N5ZM,19QLQGQ2532E7Z2,372567.56,2026-08-08,Assembled pump units,false
36HNWSS6393V2ZK,07JDIYG5643H5ZA,1158481.30,2026-08-09,Iron ore,true
36JMBCS5285U5Z4,36IRGOE6167K2ZD,38157.10,2026-08-09,Crude polymer granules,true
09ICBGQ0685I5ZT,32JTXAZ6068Y4ZY,16790.76,2026-08-09,Iron ore,true
09ICBGQ0685I5ZT,36DOAKR6492B1ZA,9669.68,2026-08-09,Raw rubber sheets,true
36HIWMV4627A6ZF,29KALCU4943C5ZP,864708.77,2026-08-09,Aluminium sheets,true
33DRDIN3277R8ZV,29LQFOT4019W1ZL,305555.31,2026-08-09,Kitchenware cartons,true
29KALCU4943C5ZP,06XYZCA0026Z5ZI,242978.58,2026-08-09,Garment lots,true
24IWPHR7389W2Z5,27KNVLF9413B7ZQ,1260413.63,2026-08-09,Furniture sets,true
09YKOSO5432W8ZJ,09JTCDQ6252P6Z4,8160000.00,2026-08-09,Industrial consumables (assorted),false
33YETHK5759C7ZW,07NHZUY6060O5Z4,1233131.89,2026-08-09,Inter-branch stock transfer,true
33XJXTK6255H1ZG,29KALCU4943C5ZP,1060153.18,2026-08-10,Iron ore,true
27YOFNE4012A3ZM,33GRWLO8497P9ZE,108871.60,2026-08-10,Unprocessed timber,true
36SGHHT8031T6ZB,36UCUGG4046W7ZA,21347.03,2026-08-10,Crude polymer granules,true
29NVUAL1821K7ZE,09EYIVN1895O1ZO,94866.65,2026-08-10,Plywood panels,true
06CFKGF8704V3ZL,33BBUTI9480T1ZR,46661.52,2026-08-10,Kitchenware cartons,true
09MACAR1889T5Z3,29LQFOT4019W1ZL,403872.52,2026-08-10,Furniture sets,true
07IWNLV6321F8ZE,06ENRLT9528T9Z3,870000.00,2026-08-10,Mixed hardware consignment,false
09TAYZE2279X1Z7,09THKGN0004S7ZJ,704197.99,2026-08-10,Packaged fittings,true
36UHMYC0921B6ZB,24HGRZG4980H6ZH,174464.31,2026-08-11,Raw rubber sheets,true
33MMSCL6404D5Z9,36IRGOE6167K2ZD,133775.57,2026-08-11,Aluminium sheets,true
19XBETB1195X1Z0,29DFJDI9306B7ZJ,6733.89,2026-08-11,Steel coils,false
36PIYYH9409T1Z9,24BUWJE4861D5ZC,45088.12,2026-08-11,Aluminium sheets,true
36MKQTJ8113D3ZB,32HMMVM9374W1ZA,367295.84,2026-08-11,Garment lots,true
06FDZJZ1871X1ZP,33ZCRFD0565L9ZA,516881.94,2026-08-11,Garment lots,false
07TKLIK9045I2ZJ,06MOGFE1378X5ZQ,467038.36,2026-08-11,Packaged fittings,true
27JGLFA5617I5Z0,32JTXAZ6068Y4ZY,34201.71,2026-08-12,Raw cotton bales,true
36GZLVK4903C3ZJ,24DANYR9176S8Z7,288415.93,2026-08-12,Unprocessed timber,true
32JTXAZ6068Y4ZY,19YTTQI9334D1Z5,297756.06,2026-08-12,Cotton yarn,true
29HEAIS4524P9Z7,29GOJDW2619G6ZM,40768.74,2026-08-12,Cotton yarn,true
27OVEWI9795R9Z8,29KALCU4943C5ZP,208478.59,2026-08-12,Cotton yarn,false
29TIWPY0487R5ZH,33GRWLO8497P9ZE,257908.88,2026-08-12,Cotton yarn,false
32KRNME6662U7ZG,06FDZJZ1871X1ZP,542453.87,2026-08-12,Aluminium sheets,true
19UCSSH0140I9ZM,29YDUXQ1768F6Z5,704533.12,2026-08-12,Moulded plastic parts,true
36AOZCX8818C4Z4,33ZCRFD0565L9ZA,252943.12,2026-08-12,Packaged fittings,true
24XCOGB4723J1Z4,33ZCRFD0565L9ZA,454225.86,2026-08-12,Packaged fittings,true
36HUUSB9960H7Z8,32JRVFD9935D4Z3,7080000.00,2026-08-12,Industrial consumables (assorted),false
09JTCDQ6252P6Z4,24DLSBQ3016N1ZZ,7800000.00,2026-08-12,Trading goods - general,false
36HUUSB9960H7Z8,32JRVFD9935D4Z3,7650000.00,2026-08-12,Trading goods - general,false
09JTCDQ6252P6Z4,24DLSBQ3016N1ZZ,7400000.00,2026-08-12,Miscellaneous industrial goods,false
36HNWSS6393V2ZK,24IWPHR7389W2Z5,811324.60,2026-08-13,Raw cotton bales,true
29HEAIS4524P9Z7,06TMEUI5957D8ZT,61139.94,2026-08-13,Steel coils,false
36PIYYH9409T1Z9,33JUGCQ0243X7ZK,53079.50,2026-08-13,Plywood panels,false
36PIYYH9409T1Z9,33JUGCQ0243X7ZK,61083.61,2026-08-13,Plywood panels,false
36PIYYH9409T1Z9,07RMQJW3353W3ZM,48623.83,2026-08-13,Cotton yarn,false
24QJQGQ3620U1Z2,07DHLQX8570T4Z7,732517.24,2026-08-13,Packaged fittings,true
29GOJDW2619G6ZM,06YQSZA9310B9ZO,315642.11,2026-08-13,Kitchenware cartons,true
19AFHVR2881Q4Z4,33BBUTI9480T1ZR,834946.14,2026-08-13,Furniture sets,true
09JTCDQ6252P6Z4,24DLSBQ3016N1ZZ,7250000.00,2026-08-13,Miscellaneous industrial goods,false
19CIPWV1049V1ZO,09PBGYJ2366P5ZP,810000.00,2026-08-13,Miscellaneous industrial goods,false
27MLHJA7771D8ZP,07TKLIK9045I2ZJ,578268.67,2026-08-13,Bauxite,true
33DCFQP7960U6Z9,29TUCVL2460C9ZK,745636.98,2026-08-13,Raw cotton bales,true
36UHMYC0921B6ZB,19GCSCE8452T4Z7,170915.50,2026-08-14,Crude polymer granules,true
36UHMYC0921B6ZB,09TYOFZ7611E9ZS,391090.48,2026-08-14,Bauxite,true
27YRPVR6146L5ZI,07NPOAT6825Y5Z6,95969.59,2026-08-14,Raw rubber sheets,true
33MMSCL6404D5Z9,33GRWLO8497P9ZE,164178.45,2026-08-14,Steel coils,true
33MMSCL6404D5Z9,24LEGQZ0248F6ZJ,79595.16,2026-08-14,Cotton yarn,true
06KUHPQ3830N7ZC,36UCUGG4046W7ZA,41634.96,2026-08-14,Aluminium sheets,false
27CDMPY3420P3ZO,19DQPPY2036U8ZN,4597952.01,2026-08-14,Auto spare kits,true
29KALCU4943C5ZP,07IHIOC8713E8ZN,420963.09,2026-08-14,Kitchenware cartons,true
07LYWHO7356O2Z6,33BBUTI9480T1ZR,654562.75,2026-08-14,Assembled pump units,true
36MGSXI2233Q3ZO,07FSGBM8265D9ZC,375079.74,2026-08-14,Auto spare kits,true
06QWIYO2144M6Z6,33JUGCQ0243X7ZK,1185168.95,2026-08-14,Garment lots,true
32JRVFD9935D4Z3,09YKOSO5432W8ZJ,7730000.00,2026-08-14,General trading items,false
36MVINV2704L6ZF,32HMMVM9374W1ZA,294046.83,2026-08-14,Auto spare kits,true
36ILBRA0487B8ZC,24KMIVJ8686V9ZO,585895.35,2026-08-15,Bauxite,false
06HKRKP4434B1ZM,24LIHCR1961J7Z7,629276.35,2026-08-15,Bauxite,true
24GWHPF1178Z2ZP,36UCUGG4046W7ZA,99137.72,2026-08-15,Steel coils,true
36MKQTJ8113D3ZB,29USNIB2707Y3Z6,329908.42,2026-08-15,Furniture sets,true
29KALCU4943C5ZP,06PACMQ7731H2Z6,398888.21,2026-08-15,Garment lots,true
09XRXZF7343R2ZD,24DLSBQ3016N1ZZ,242308.85,2026-08-15,Bauxite,true
09LOVSQ6828E1ZX,32HMMVM9374W1ZA,266506.10,2026-08-15,Garment lots,true
07JUHCS8296Y9Z9,29OZSVL9371R7ZY,230845.88,2026-08-16,Unprocessed timber,true
36HNWSS6393V2ZK,07JDIYG5643H5ZA,1237628.36,2026-08-16,Crude polymer granules,true
36ILBRA0487B8ZC,06VXENK5239T5Z6,602535.28,2026-08-16,Raw cotton bales,true
36PIYYH9409T1Z9,07BSHGZ0028T6Z1,28062.83,2026-08-16,Plywood panels,true
06CFKGF8704V3ZL,33BBUTI9480T1ZR,41092.82,2026-08-16,Packaged fittings,true
29KALCU4943C5ZP,06XYZCA0026Z5ZI,265675.37,2026-08-16,Packaged fittings,true
07KTVJS9657V4ZX,36UUJPD2134K1ZG,285655.27,2026-08-16,Garment lots,true
09EYIVN1895O1ZO,19ZFPYI2441K8ZA,266506.66,2026-08-16,Auto spare kits,true
24XCOGB4723J1Z4,19QLQGQ2532E7Z2,198771.81,2026-08-16,Garment lots,true
24DLSBQ3016N1ZZ,07BSHGZ0028T6Z1,123905.47,2026-08-16,Furniture sets,true
36VDRMO4829X3Z0,09JTCDQ6252P6Z4,279835.55,2026-08-16,Raw rubber sheets,true
19MIHQQ3170D1ZS,29KALCU4943C5ZP,21538.37,2026-08-17,Cotton yarn,true
36MGSXI2233Q3ZO,33ZCRFD0565L9ZA,262041.09,2026-08-17,Packaged fittings,true
07IHIOC8713E8ZN,32HMMVM9374W1ZA,1525834.91,2026-08-17,Inter-branch stock transfer,false
06HKRKP4434B1ZM,19AFHVR2881Q4Z4,376038.37,2026-08-18,Unprocessed timber,true
32BTVLO0183D3ZZ,36MGSXI2233Q3ZO,24281.05,2026-08-18,Aluminium sheets,true
27OVEWI9795R9Z8,36UCUGG4046W7ZA,210519.72,2026-08-18,Steel coils,false
07VZKFB6019K1ZT,29LQFOT4019W1ZL,574848.98,2026-08-18,Steel coils,true
06OUYEO4807S2ZY,33YGMLY4610W6ZS,147627.18,2026-08-18,Steel coils,true
36QKUHT3363G8Z1,09VPWSE5537W2Z0,1540542.83,2026-08-18,Auto spare kits,true
32JRVFD9935D4Z3,09YKOSO5432W8ZJ,6960000.00,2026-08-18,General trading items,false
06HELVU6748U6Z8,24ADBPZ9331Y7Z1,346485.70,2026-08-18,Auto spare kits,false
36JMBCS5285U5Z4,36IRGOE6167K2ZD,44109.33,2026-08-19,Raw cotton bales,true
19WSEJA6123K9ZZ,36GDMFJ3180O4ZC,1277743.12,2026-08-19,Raw rubber sheets,true
36IRGOE6167K2ZD,29DFJDI9306B7ZJ,95028.49,2026-08-19,Auto spare kits,true
24DLSBQ3016N1ZZ,36HUUSB9960H7Z8,7600000.00,2026-08-19,Industrial consumables (assorted),false
09TAYZE2279X1Z7,09VPWSE5537W2Z0,675892.04,2026-08-19,Auto spare kits,true
19ODCUE4640B8ZZ,33BBUTI9480T1ZR,134804.38,2026-08-19,Kitchenware cartons,true
33XMQHZ6732E8Z4,09VPWSE5537W2Z0,516357.37,2026-08-19,Auto spare kits,true
19SMNMV3040I7ZD,36MGSXI2233Q3ZO,253111.38,2026-08-20,Iron ore,true
09ICBGQ0685I5ZT,24KMIVJ8686V9ZO,22168.31,2026-08-20,Bauxite,true
29GBWZR4282Y6Z3,07ABURL9979Q1Z0,740755.89,2026-08-20,Garment lots,false
29KALCU4943C5ZP,29DFJDI9306B7ZJ,371001.07,2026-08-20,Auto spare kits,true
29KALCU4943C5ZP,29DFJDI9306B7ZJ,305133.00,2026-08-20,Assembled pump units,true
32HMMVM9374W1ZA,36UUJPD2134K1ZG,1472771.10,2026-08-20,Inter-branch stock transfer,true
36MVINV2704L6ZF,29USNIB2707Y3Z6,267131.25,2026-08-20,Packaged fittings,false
36JMBCS5285U5Z4,24IWPHR7389W2Z5,27992.88,2026-08-21,Crude polymer granules,true
36UHMYC0921B6ZB,36MYFHN1078R2Z4,114183.95,2026-08-21,Raw rubber sheets,true
32JQHYS5486E9ZT,24LEGQZ0248F6ZJ,86367.74,2026-08-21,Steel coils,true
32JTXAZ6068Y4ZY,07IHIOC8713E8ZN,270151.99,2026-08-21,Plywood panels,true
27JXTFP9055S6Z9,09VPWSE5537W2Z0,23450.46,2026-08-21,Rubber gaskets,true
36IRGOE6167K2ZD,19DQPPY2036U8ZN,93627.61,2026-08-21,Packaged fittings,true
07RMQJW3353W3ZM,19ZFPYI2441K8ZA,271641.30,2026-08-21,Furniture sets,false
36AMNXO1723D1ZL,29MAUCO5537D8Z3,381532.80,2026-08-21,Kitchenware cartons,true
24YIDDD6289H3ZT,07DHLQX8570T4Z7,121514.13,2026-08-21,Garment lots,true
27SKWQX1255L5ZB,06TMEUI5957D8ZT,6700310.08,2026-08-21,Kitchenware cartons,true
36RVGEN3898U2ZW,24DLSBQ3016N1ZZ,265621.13,2026-08-21,Iron ore,false
27YRPVR6146L5ZI,36HUUSB9960H7Z8,210236.05,2026-08-21,Iron ore,true
36ILBRA0487B8ZC,07RMQJW3353W3ZM,677295.68,2026-08-22,Bauxite,true
36PIYYH9409T1Z9,09THKGN0004S7ZJ,39581.74,2026-08-22,Aluminium sheets,true
29YGPFN5167M1ZA,19QLQGQ2532E7Z2,43083.55,2026-08-22,Packaged fittings,true
33DRDIN3277R8ZV,36UUJPD2134K1ZG,408107.78,2026-08-22,Kitchenware cartons,true
24TQBMB5563K9ZK,32FNBKA6990P7ZQ,202714.97,2026-08-22,Packaged fittings,true
32EJXJI9851G6ZJ,33BBUTI9480T1ZR,45194.22,2026-08-22,Auto spare kits,true
32LPQVH9585Z5Z0,27WAABE0101S7ZY,323773.29,2026-08-22,Auto spare kits,true
36HUUSB9960H7Z8,06XYZCA0026Z5ZI,176673.74,2026-08-22,Furniture sets,false
24TSKYG0110D8ZX,36ZZRVY7581R1ZE,158618.54,2026-08-23,Bauxite,true
32DPUMB3137F3Z0,32MCPVJ0931T3ZJ,48503.89,2026-08-23,Cotton yarn,true
24DLSBQ3016N1ZZ,06XYZCA0026Z5ZI,68032.76,2026-08-23,Auto spare kits,false
06TORUY4649H3ZW,07IWNLV6321F8ZE,61497.11,2026-08-23,Crude polymer granules,false
36ILBRA0487B8ZC,33IIMMB0166U5Z6,513724.30,2026-08-24,Iron ore,true
33DCFQP7960U6Z9,36ETOYM3140L4ZH,801770.81,2026-08-24,Unprocessed timber,true
09ICBGQ0685I5ZT,32ZOIZY9544B1ZL,23117.89,2026-08-24,Bauxite,true
32ZOIZY9544B1ZL,33IIMMB0166U5Z6,78572.78,2026-08-24,Steel coils,true
32BTVLO0183D3ZZ,27KNVLF9413B7ZQ,31566.68,2026-08-24,Moulded plastic parts,true
36PIYYH9409T1Z9,09THKGN0004S7ZJ,42831.65,2026-08-24,Aluminium sheets,false
36PIYYH9409T1Z9,33JUGCQ0243X7ZK,55211.79,2026-08-24,Plywood panels,true
29KALCU4943C5ZP,07IHIOC8713E8ZN,410062.56,2026-08-24,Assembled pump units,true
36MGSXI2233Q3ZO,07FSGBM8265D9ZC,293768.34,2026-08-24,Kitchenware cartons,true
36CVMQV4934B6Z0,29OTMAB3690O3Z2,17377.30,2026-08-25,Iron ore,true
36JMBCS5285U5Z4,36IRGOE6167K2ZD,39715.01,2026-08-25,Bauxite,true
27YRPVR6146L5ZI,06QWIYO2144M6Z6,41838.19,2026-08-25,Crude polymer granules,true
36IBYDQ7801O8ZC,29KALCU4943C5ZP,30734.81,2026-08-25,Plywood panels,true
36MKQTJ8113D3ZB,06MOGFE1378X5ZQ,449819.71,2026-08-25,Furniture sets,true
36MKQTJ8113D3ZB,06PACMQ7731H2Z6,340178.43,2026-08-25,Auto spare kits,true
24YIDDD6289H3ZT,07DHLQX8570T4Z7,131236.93,2026-08-25,Assembled pump units,true
07IWNLV6321F8ZE,07BSHGZ0028T6Z1,159424.05,2026-08-25,Packaged fittings,true
19XBETB1195X1Z0,29YDUXQ1768F6Z5,9641.08,2026-08-26,Cotton yarn,true
32KRNME6662U7ZG,09ZBWBM8578V6ZU,636487.58,2026-08-26,Plywood panels,true
09THKGN0004S7ZJ,07KYWMS0417O4Z8,401566.47,2026-08-26,Recovered packaging material,true
24DLSBQ3016N1ZZ,36HUUSB9960H7Z8,7840000.00,2026-08-26,Mixed hardware consignment,false
36CVMQV4934B6Z0,19XBETB1195X1Z0,34049.36,2026-08-27,Raw cotton bales,true
36ILBRA0487B8ZC,07NPOAT6825Y5Z6,392316.15,2026-08-27,Raw cotton bales,true
33XJXTK6255H1ZG,29KALCU4943C5ZP,1255242.66,2026-08-27,Bauxite,true
27YOFNE4012A3ZM,33GRWLO8497P9ZE,105251.42,2026-08-27,Crude polymer granules,true
07RQSPW5140Z2ZH,24QJQGQ3620U1Z2,209207.20,2026-08-27,Rubber gaskets,true
36PIYYH9409T1Z9,19QLQGQ2532E7Z2,36975.31,2026-08-27,Rubber gaskets,false
36PIYYH9409T1Z9,09MDSAV0327Y3ZY,50759.64,2026-08-27,Plywood panels,false
36AOZCX8818C4Z4,24XPYIF3293S1ZX,356203.05,2026-08-27,Garment lots,true
36MYFHN1078R2Z4,33ZCRFD0565L9ZA,285390.40,2026-08-27,Kitchenware cartons,true
27CDMPY3420P3ZO,36UUJPD2134K1ZG,2185057.87,2026-08-27,Kitchenware cartons,true
33DRDIN3277R8ZV,19YNUSU1543Z9ZL,674525.11,2026-08-27,Furniture sets,false
