gstin,pan,name,director_name,registered_address,registered_date,declared_turnover
33WEZAF1211U5Z3,WEZAF1211U,Raman-Naidu,Chandani Rout,"36/502, Ganesan Nagar, Siliguri 155039",2025-07-08,3771694.37
27TFUJN0778H1Z2,TFUJN0778H,Shukla Group,Aarna Gole,"36/502, Ganesan Nagar, Siliguri 155039",2026-03-18,8699347.93
06FIRNK1598G9Z2,FIRNK1598G,"Baral, Chaudhry and Barad",Nihal Krishnan,"H.No. 598, Chandra Ganj, Surendranagar Dudhrej-232282",2025-06-07,7757789.00
27HEFQF0860E1ZS,HEFQF0860E,Yogi Group,Maanav Shere,"71/02, Anne Zila, Latur-179868",2025-12-04,2449973.26
06AEWHD1798W9ZZ,AEWHD1798W,Warrior-Guha,Dayita Bal,"80/90, Bajaj Road, Shivpuri 113939",2025-12-27,6118218.08
36NJAYW0788W1Z1,NJAYW0788W,Mohan Inc,Ethan Apte,"658, Khare Street, Gaya-339130",2025-07-18,1346281.86
27PODCG9391T1ZA,PODCG9391T,Toor-Karnik,Varsha Hegde,"H.No. 491, Kara Marg, Patna-063699",2025-08-28,3591266.53
33FMKRF3123H1Z5,FMKRF3123H,Majumdar-Bora,Yahvi Parekh,"02, Madan Circle, Ludhiana 587022",2018-07-09,26208572.90
33WPACJ9163R7ZP,WPACJ9163R,Sura Inc,Darsh More,"51, Suri Ganj, Arrah 141557",2026-06-02,685078.86
19EQLBY9270F9ZG,EQLBY9270F,Sane-Tella,Vivaan Dora,"H.No. 952, Mitter Marg, Dhule 185922",2020-05-11,17847086.42
27VBVJA1751H5ZF,VBVJA1751H,Bali LLC,Tarak Acharya,"318, Gera Road, Sagar 261983",2019-08-30,707511.35
36WQVGT3295F4ZR,WQVGT3295F,Sahni LLC,Neel Venkataraman,"57/46, Singhal Path, Bidhannagar-990658",2026-01-05,9828441.59
29XLSEE3052G4ZT,XLSEE3052G,"Gandhi, Ramachandran and Cherian",Aarini Deo,"H.No. 708, Hayer Circle, Ramgarh 041711",2025-02-20,26188048.68
09RTBEN1983C4ZA,RTBEN1983C,Sachar-Dua,Eta Parsa,"H.No. 13, Ahluwalia Road, Jamshedpur 316880",2016-10-31,14115877.47
19PINVK7074T9ZP,PINVK7074T,Mander and Sons,Rushil Tella,"390, Basu Ganj, Tenali 391531",2015-12-30,21508341.52
32VRUWE9040P2ZH,VRUWE9040P,Gola Group,Fariq Barman,"92/78, Barman Street, Kamarhati-034532",2025-09-30,21227925.26
19CCKVW9692Y2ZN,CCKVW9692Y,"Chatterjee, Doshi and Keer",Pahal Wason,"H.No. 893, Saxena, Thiruvananthapuram-470463",2021-02-11,2234520.93
27YMQQB1429S4ZN,YMQQB1429S,"Grewal, Madan and Tank",Jagrati Chaudhry,"51, Natt Marg, Aurangabad 455919",2025-10-05,994787.61
06UHZTW1531F2ZV,UHZTW1531F,Sama Group,Aradhana Pandey,"H.No. 212, Narang Nagar, Panvel-656502",2018-07-24,2478597.11
36SFPRY2096H6ZC,SFPRY2096H,Buch Ltd,Vedika Kumar,"H.No. 349, Kurian Zila, Aurangabad-306918",2023-06-12,1180763.76
33NRXPW9618T2Z4,NRXPW9618T,"Patel, Jani and Deshmukh",Varenya Shanker,"42/969, Lanka Marg, Varanasi-119354",2018-09-25,15313679.58
19ISPJW5108Q1ZR,ISPJW5108Q,Sura-Apte,Jacob Om,"26/759, Walia Chowk, Chandrapur-511331",2020-09-16,7204165.77
09RNPPS4574B4ZK,RNPPS4574B,"Kapur, Subramaniam and Khosla",Harrison Rajagopalan,"H.No. 40, Parekh Street, Solapur 262922",2023-10-05,893577.68
36HCWYU3794P2ZC,HCWYU3794P,Agarwal-Sood,Hemangini Din,"87, Mall, Bhavnagar 037789",2014-11-29,1849069.05
06HBMSY1885G7ZU,HBMSY1885G,Bhargava Group,Manthan Wali,"H.No. 79, Chaudry Nagar, Dhule 089585",2025-07-29,824774.92
19MTNIC0871C8ZH,MTNIC0871C,Kakar PLC,Vedant Sha,"86/26, Kashyap Chowk, Aurangabad-459270",2014-11-01,1030660.17
19YVFXU6759P2ZU,YVFXU6759P,"Chakraborty, Srinivasan and Garde",Devika Dubey,"95, Dey Road, Mahbubnagar-712837",2019-03-07,3454151.43
32DSMKK5402L3ZA,DSMKK5402L,"Kanda, Kadakia and Master",Prisha Sawhney,"33/84, Ramaswamy Circle, Nagpur 601986",2023-07-07,11679199.81
32LEZIV9889F5ZU,LEZIV9889F,Mandal-Pal,Alka Ratta,"H.No. 611, Dave Circle, Vijayanagaram-688557",2019-01-02,4097313.86
19ZXHPO8928B5ZX,ZXHPO8928B,Sridhar PLC,Liam Bose,"19, Mani Street, Nellore 282014",2018-08-11,14544144.36
33BUQZU9585F8ZR,BUQZU9585F,Shenoy-Hayer,Mekhala Chopra,"785, Saini Path, Nanded-409548",2018-04-07,1068535.06
06NEVZN7309U1Z9,NEVZN7309U,Sathe PLC,Zaitra Malhotra,"H.No. 660, Sampath Zila, Jaunpur 411268",2021-10-14,15261007.02
27REVOI7954X3ZU,REVOI7954X,Majumdar LLC,Aadi Saran,"H.No. 727, Vyas Marg, Bharatpur 949391",2018-05-15,606657.74
24JNOKV8393Z2ZX,JNOKV8393Z,Sur-Sule,Janaki Ranganathan,"H.No. 412, Nagarajan Chowk, Agartala 385294",2022-04-25,2246455.36
09NKJLS4469E3Z5,NKJLS4469E,"Sagar, Kulkarni and Misra",Sai Mannan,"H.No. 45, Master Path, Sambalpur 906758",2024-08-13,2923121.42
27LKOEU9798X8ZH,LKOEU9798X,"Bhatia, Shah and Sama",Chaitaly Ghose,"53, Gupta Circle, Morena 189982",2018-03-02,19376408.36
32QFAVD4797G6ZQ,QFAVD4797G,"Chahal, Bahl and Pant",Mohammed Keer,"69/59, Peri Nagar, Fatehpur 997001",2020-09-13,1544549.94
27FCJBS5482O7ZH,FCJBS5482O,Basu and Sons,Ryan Sule,"04/51, Kapadia Ganj, Bidhannagar 812525",2019-05-11,13711203.87
07OYOWJ1126Q7Z6,OYOWJ1126Q,Kalita-Patel,Nitara Dhillon,"H.No. 540, Bava Ganj, Panvel-438100",2015-12-19,6104139.92
32PNXRQ3559J2ZD,PNXRQ3559J,"Oza, Nair and Krishnan",Yoshita Nagi,"885, Kadakia Nagar, Bhind 300545",2016-06-26,3407988.07
36ZXCGD4127X8ZC,ZXCGD4127X,Cherian-Maharaj,Shaurya Choudhary,"H.No. 156, Shukla Ganj, Bhagalpur-621948",2018-10-08,694005.78
19UTJXN8944J5ZT,UTJXN8944J,D’Alia-Varma,Chakradev Varughese,"657, Zachariah Ganj, Loni 223546",2021-11-23,16049757.87
19IHQUX1906V9ZS,IHQUX1906V,Parekh-Kohli,Janya Bhatnagar,"16, Kata Circle, New Delhi 356034",2017-02-19,594735.06
29NKHQG7731Y2ZY,NKHQG7731Y,Mand LLC,Ojasvi Bhandari,"H.No. 691, Bandi, Bhalswa Jahangir Pur-982759",2018-10-13,16424849.23
32XLLEH8058M1ZM,XLLEH8058M,"Pandey, Parmer and Dada",Falak Tella,"35, Naik Road, Agartala-829693",2016-12-09,71121493.71
33CFBFN3740R8ZF,CFBFN3740R,Maharaj-Chander,Unnati Pau,"61/57, Kamdar Zila, Ahmednagar 879235",2025-12-14,15011199.39
27ELFLN9358X2Z9,ELFLN9358X,Dara Ltd,Bhavya Raman,"68/294, Madan Path, Gorakhpur 982388",2026-04-05,3250770.65
32GUQDU0085K8Z6,GUQDU0085K,"Aurora, Baral and Bhavsar",Urmi Naidu,"H.No. 27, Deol Street, Cuttack 034817",2022-09-02,7782313.74
27GMOOH0054L4ZH,GMOOH0054L,Dugar Ltd,Manbir Kumar,"H.No. 11, Koshy Ganj, Bhimavaram 483981",2018-03-24,1175149.57
07OHGAN2194R9ZO,OHGAN2194R,Kakar-Dada,Kamala Raghavan,"93, Dar Circle, Jehanabad 720413",2015-03-12,1427447.49
32RSYLQ0223K2ZF,RSYLQ0223K,"Kari, Khosla and Apte",Kamya Saha,"20/10, Trivedi Marg, Pudukkottai 812016",2016-03-13,5555684.26
24OOCMR3493R1ZL,OOCMR3493R,"Jhaveri, Malhotra and Khare",Abhimanyu Kala,"61/169, Korpal Ganj, Amritsar-697369",2024-01-14,31131263.83
06NBWOU6069Z4Z2,NBWOU6069Z,"Tella, Bhatt and Mandal",Zansi Subramaniam,"H.No. 327, Chahal Marg, Dewas-921641",2026-06-01,24417361.10
36QZLLD9058Q6ZL,QZLLD9058Q,Agate LLC,Chandresh Raja,"944, Char, Agra 239301",2020-08-16,7420024.99
06VNWVT3594Y6ZF,VNWVT3594Y,Chakraborty Group,Reva Toor,"12, Reddy Circle, Motihari 656849",2016-07-01,2687423.73
36GTQFH1879F7ZB,GTQFH1879F,Ganguly-Koshy,Falan Som,"407, Padmanabhan Street, Bhalswa Jahangir Pur 108467",2024-06-20,1918288.32
09TJKVU9471I1ZZ,TJKVU9471I,Chada LLC,Omya Dani,"H.No. 68, Narang Street, Solapur-158428",2018-12-11,13472067.53
07PKLTP4272E4ZF,PKLTP4272E,Garde and Sons,Harish Varty,"31/96, Sundaram Circle, Gandhidham 500995",2020-06-25,2114850.86
36EXIRZ1251C9ZJ,EXIRZ1251C,Soni-Peri,Qadim Vaidya,"98, Morar Marg, Thiruvananthapuram-342849",2022-05-22,3152250.48
09DDLWM8819L7Z7,DDLWM8819L,Warrior-Krishnamurthy,Tejas Datta,"09, Narang Nagar, Bhind-967710",2022-07-22,21538167.86
19DHSRT3390D9ZH,DHSRT3390D,"Mand, Varty and Aurora",Ansh Chhabra,"11/82, Trivedi Marg, Pimpri-Chinchwad 736048",2014-11-24,3263227.16
33RDFAC6934H4Z0,RDFAC6934H,"Basu, Sheth and Atwal",Balveer Kapur,"H.No. 81, Kakar Chowk, Panvel-702783",2015-06-17,5043384.09
36UCSVH6973N7Z4,UCSVH6973N,"Thaman, Wagle and Pandya",Ayushman Shere,"H.No. 413, Gandhi Nagar, Latur 172258",2019-03-08,2095641.66
07ONCLJ9092D5ZF,ONCLJ9092D,"Chaudry, Lata and Wadhwa",Jairaj Sani,"16/71, Narain Marg, Jamalpur 268178",2016-11-10,19461629.58
33DHTXJ4991O4Z9,DHTXJ4991O,Comar LLC,Laban Kunda,"95, Srinivas Road, Sasaram 878807",2025-09-13,22422843.16
24TKQSP7128N9ZM,TKQSP7128N,Thakkar PLC,Samesh Hans,"H.No. 109, Mander Circle, Malda-104106",2019-01-03,910132.12
27PQKCF4072L1ZA,PQKCF4072L,"Brahmbhatt, Natarajan and Misra",Urishilla Wason,"H.No. 525, Sundaram Ganj, Anantapuram 436168",2019-10-31,6152519.32
27KINDQ3546Y6ZH,KINDQ3546Y,"Madan, Nagar and Muni",Lohit Narayan,"H.No. 166, Buch Circle, Ichalkaranji 298258",2021-06-23,830203.39
09ASFZG5181A8ZO,ASFZG5181A,Bains-Lalla,Simon Manne,"501, Lall Marg, Bettiah 520429",2022-07-24,18008401.40
29XBXTV9567L1ZW,XBXTV9567L,Sethi and Sons,Ati Sem,"04/146, Vyas Street, Dharmavaram-267789",2021-08-18,9322983.08
29GHHZJ2849M7ZD,GHHZJ2849M,Karnik Ltd,Yashoda Lata,"H.No. 792, Basak, Kottayam 111895",2017-01-08,4194713.80
36KZQIO0967W9ZY,KZQIO0967W,Banik and Sons,Lipika Buch,"16/39, Bhardwaj Road, Pallavaram 476277",2024-02-07,5706919.41
32CQFMQ1007G1ZZ,CQFMQ1007G,"Raman, Mody and Kibe",Ikbal Upadhyay,"35/927, Dhingra Nagar, Pondicherry-230553",2021-12-30,16442736.28
09BWUUH8264Q3ZN,BWUUH8264Q,"Majumdar, Saha and Vig",Yatan Doctor,"H.No. 510, Menon Circle, Kumbakonam 248739",2025-04-27,23871125.51
27ZUQVU8530O4ZJ,ZUQVU8530O,Deshmukh-Acharya,David Dave,"H.No. 030, Saxena, Suryapet 502815",2025-01-26,331730.53
32PEFUL8148N2ZP,PEFUL8148N,Bassi Ltd,Gopal Pandit,"H.No. 40, Sharaf Marg, Berhampur-969870",2025-06-02,19414974.96
06WKSTU9888E9Z5,WKSTU9888E,Pai-Lata,Qarin Sule,"30, Dutta Ganj, Karaikudi-868217",2023-03-16,18672602.15
09JRYHP9547Z8Z0,JRYHP9547Z,Kata Inc,Ayushman Parmer,"37, Kunda Road, Gandhidham 122310",2015-08-24,3295941.30
27SZGGX2401A8ZI,SZGGX2401A,Rao-Chaudhari,Luke Som,"60/759, Rout Path, Nangloi Jat 022000",2017-06-09,14862663.66
06QCKYJ4781C3ZE,QCKYJ4781C,Rana LLC,Gopal Vyas,"29, Kohli Road, Muzaffarnagar-390572",2025-07-10,2520902.28
29QTIKV4880E2ZN,QTIKV4880E,Bala Inc,Amruta Sha,"H.No. 446, Sachdeva Marg, Raiganj 155826",2017-01-02,411082.38
07AJTBF9825V5ZM,AJTBF9825V,"Bains, Chawla and Singh",Charvi Magar,"H.No. 093, Bhatnagar Street, Kolhapur-721717",2015-09-29,2510900.39
29BDNIG8552B5ZS,BDNIG8552B,Edwin and Sons,Raagini Seth,"H.No. 06, Narayan Circle, Sikar-603175",2018-07-25,817268.36
06AIDIZ6288E8ZO,AIDIZ6288E,"Modi, Manne and Kaul",Viraj Pandit,"H.No. 06, Muni Circle, Mathura 939969",2015-11-12,9258512.09
27DSOCO9299B9Z7,DSOCO9299B,Raj Group,Udyati Bandi,"610, Rastogi Circle, Mumbai-568629",2021-08-10,9108741.36
06MYCTQ0791N3ZF,MYCTQ0791N,Pal Ltd,Andrew Dutt,"08/358, Bandi Road, Bettiah 414085",2018-08-21,2751387.01
32HZYTI1836V3Z2,HZYTI1836V,Yadav-Sachdeva,Samuel Khosla,"202, Guha Street, Gaya 922610",2018-06-23,1374004.43
19LHQIY6848H2Z2,LHQIY6848H,Choudhury LLC,Sai Hans,"H.No. 478, Hora Circle, Bhilai 799476",2017-06-24,19944361.29
29GFIQV7395E9Z3,GFIQV7395E,Dubey LLC,Yashodhara Prabhu,"H.No. 316, Sarraf Road, Ramagundam 537030",2015-09-28,22304249.29
36ASOLR6502W9Z2,ASOLR6502W,Seshadri Inc,Wriddhish Bail,"87/877, Karpe Zila, Vadodara-669650",2024-03-19,1125750.75
19KIBNO2339N5ZT,KIBNO2339N,Kunda LLC,Jagvi Atwal,"83/75, Gandhi Zila, New Delhi 539309",2014-12-09,12061696.49
27ZGFBR1868U4ZV,ZGFBR1868U,Dugar-Chaudry,Jack Misra,"H.No. 772, Mishra Circle, Mahbubnagar 092982",2023-04-01,3574155.35
33LQJHM3744S2Z9,LQJHM3744S,Guha and Sons,Aarna Virk,"75/92, Bora Zila, Allahabad-901839",2025-11-14,22509944.48
33PIIUV6075T1ZU,PIIUV6075T,Dutta and Sons,Hemani Pai,"56, Nagarajan Ganj, Bokaro 159061",2020-07-21,57543480.16
33ZMJWL1830Y5ZG,ZMJWL1830Y,"Singh, Rau and Mody",Devansh Gara,"14, Dave, Shahjahanpur 826924",2018-03-07,18119693.29
06AABCI8745C6ZM,AABCI8745C,Gopal-Nigam,Harini Char,"H.No. 87, Lalla Path, Panvel-133748",2020-11-10,18133133.58
27ZWADP3446W2Z9,ZWADP3446W,Mane-Bhagat,Yash Kuruvilla,"H.No. 358, Buch Street, Amravati-533535",2024-12-11,25207989.71
07FFINO8392J7ZL,FFINO8392J,"Nath, Tandon and Viswanathan",Ansh Nigam,"H.No. 18, Dugar Circle, Pudukkottai-194356",2015-07-03,3030932.11
19YVAHD7594S1ZE,YVAHD7594S,Shetty-Nayak,Vedika Dalal,"86, Khosla Nagar, Bihar Sharif 648071",2024-06-29,11377839.07
09HNSHS9691M4ZQ,HNSHS9691M,Banik-Dhawan,Anthony Deo,"574, Deep Zila, Siwan 117927",2019-12-06,14684313.26
24WJWAU2568M1ZM,WJWAU2568M,"Dayal, Kota and Prabhu",Qushi Kakar,"55/92, Tripathi Chowk, Nashik 532971",2018-06-30,25279938.66
09RHVLR4068C6Z2,RHVLR4068C,Nori-Issac,Fariq Dara,"844, Chanda, Mumbai-649551",2022-04-15,10954954.57
29ARDGE0223X7Z9,ARDGE0223X,"Bajaj, Krish and Nath",Hiral Dass,"H.No. 981, Upadhyay Street, Indore 869450",2023-01-19,159055.57
06LXXYK7318V9ZH,LXXYK7318V,"Dasgupta, Hans and Kade",Bhavani Modi,"79/67, Narula Road, Navi Mumbai-983487",2024-08-09,19755608.49
07WSVSJ7622I6ZN,WSVSJ7622I,Kala Ltd,Zinal Joshi,"H.No. 982, Sandal Ganj, Vijayanagaram 047431",2015-01-18,17661785.89
27QZYXN4653X8Z2,QZYXN4653X,Kibe Ltd,Megha Pandya,"75/00, Kunda Marg, Raurkela Industrial Township-852221",2022-12-02,12879220.76
27OROOD3001N5Z2,OROOD3001N,"Srinivas, Rau and Bhattacharyya",Adweta Dugar,"55/85, Choudhury Ganj, Mira-Bhayandar 041422",2018-08-30,30123807.20
27OLDFD3653T7ZA,OLDFD3653T,Kala-Sankaran,Chanchal Zacharia,"070, Ganesh Zila, Bhind-416367",2024-09-08,17887360.90
33PFRJA9409E4ZA,PFRJA9409E,"Kale, Dar and Chada",Aarav Dara,"43/83, Hegde Path, Srinagar 256046",2016-08-01,16553586.64
27ZQPZK9211L9Z0,ZQPZK9211L,"Apte, Kalla and Nadkarni",Jagat Iyengar,"055, Chada, Mira-Bhayandar-022996",2025-05-02,3436333.94
32LLPNK6357F1ZM,LLPNK6357F,"Deshpande, Rattan and Gole",Frederick Kothari,"62/76, Ganguly Ganj, Aurangabad 407898",2016-04-09,6245421.27
09CFAYF7149E3ZL,CFAYF7149E,Dhawan Ltd,Harish Issac,"80, Saini Ganj, Kavali 753779",2026-02-12,9429942.06
29YYRST2855R5ZW,YYRST2855R,"Nadig, Parikh and Bala",Thomas Dhar,"H.No. 82, Sha Street, Sambhal 416062",2015-12-29,1452111.06
07BRRBC3374W7ZI,BRRBC3374W,Sarna LLC,Chanakya Gandhi,"H.No. 323, Borah Road, Tinsukia 342026",2016-09-26,151997.05
33GKREY1319M6ZK,GKREY1319M,"Mitter, Kunda and Sarin",Yashasvi Kanda,"975, Hora Marg, Sultan Pur Majra 242795",2022-07-08,2722094.50
24MQAKY3341R5ZX,MQAKY3341R,Malhotra-Sidhu,Ikbal Brar,"H.No. 030, Savant Marg, Tirupati-469402",2023-05-19,22109697.30
36KJPDS9803M4Z4,KJPDS9803M,Mohan-Radhakrishnan,Priya Venkataraman,"36, Ramaswamy Chowk, Ahmedabad-443950",2015-11-26,780078.77
29CPBVE3020H8Z4,CPBVE3020H,Bali-Saxena,Udant Rana,"29/78, Taneja Ganj, Dibrugarh 445100",2020-03-01,17153737.09
32VTFOS2353N6ZQ,VTFOS2353N,"Bhatia, Rau and Prashad",Balvan Apte,"69/33, Narula Road, Buxar-602837",2016-07-21,5188783.65
33WZKZU3297C2ZC,WZKZU3297C,Murthy-Deshmukh,Dipta Chaudhary,"H.No. 247, Barad Path, Nellore 202801",2017-04-10,5900017.92
24YUQIJ9120Y5ZE,YUQIJ9120Y,Khanna-Palan,Eta Bhargava,"04/97, Muni, Kollam-007100",2018-04-12,5578799.15
07URLED8219Q1ZW,URLED8219Q,Sanghvi-Mahajan,Fiyaz Talwar,"H.No. 25, Shan Circle, Muzaffarpur-976122",2024-03-05,20343501.99
32AQDSG3896J7ZS,AQDSG3896J,"Dua, Bhattacharyya and Mitra",Yashica Mukherjee,"34, Samra Ganj, Sri Ganganagar-656867",2018-01-03,5112114.68
32URHJQ7334Q9Z2,URHJQ7334Q,Mukherjee and Sons,Warinder Bail,"064, Peri Ganj, Meerut 525651",2019-05-01,1509389.19
19IOZIG1233M1ZT,IOZIG1233M,Sahota Ltd,Jagdish Majumdar,"84, Datta, Junagadh-231094",2023-06-11,11789067.92
24LTMQZ5222D2ZU,LTMQZ5222D,Shanker PLC,Rishi Sangha,"H.No. 749, Hegde Chowk, Machilipatnam 667906",2016-09-06,7666196.70
07PYSKL8531U5Z2,PYSKL8531U,Yohannan-Viswanathan,Irya Basu,"62/69, Bhakta Nagar, Faridabad 334561",2020-09-23,58511610.33
36WNJJT8742B8ZZ,WNJJT8742B,"Deep, Deshmukh and Bhavsar",Vrinda Dora,"H.No. 33, Rastogi Ganj, Bangalore-471416",2024-10-05,1316433.74
27YYMOY9993D6Z0,YYMOY9993D,"Sule, Comar and Anand",Irya Bahl,"H.No. 126, Salvi Chowk, Dehri-568098",2024-03-09,1419802.19
07GVLUW1525M9ZX,GVLUW1525M,"Doshi, Varkey and Sawhney",Oeshi Samra,"72/43, Sagar Marg, Coimbatore 171232",2024-11-15,8519098.59
29GHUNF0559R3Z3,GHUNF0559R,Panchal Inc,George Pillay,"74/46, Raghavan Circle, Berhampur 610732",2025-06-23,16390664.90
33FRRNT1319T3ZQ,FRRNT1319T,"Atwal, Bali and Joshi",William Rout,"H.No. 89, Virk Chowk, Lucknow-207187",2020-04-18,15247932.11
32XXWID9341O7ZQ,XXWID9341O,Nair-Dewan,Pahal Om,"15/721, Bajaj Path, Surat 121400",2025-02-20,724063.48
19POSWT5505H9ZO,POSWT5505H,Verma-Ravel,Umang Seshadri,"65/574, Om Zila, Mahbubnagar 908811",2018-04-18,23136018.09
36BMFHO5940F2ZF,BMFHO5940F,"Dua, Chandran and Khosla",David Ramanathan,"91, Kurian Ganj, Mira-Bhayandar 764739",2026-06-06,34344949.35
36AENZS8446J8ZE,AENZS8446J,Sami Inc,Umang Dhillon,"44/66, Wadhwa Chowk, Hapur-189039",2016-10-09,6262305.12
32UYRYZ7752V6ZS,UYRYZ7752V,"Tara, Lal and Shere",Nitesh Iyengar,"H.No. 17, Deshmukh Circle, Alappuzha 887485",2016-06-26,6297152.64
06SDCNK1030N5ZJ,SDCNK1030N,"Prabhakar, Joshi and Mandal",Vanya Nayak,"68/471, Deo Nagar, Chittoor-796405",2022-04-15,2846492.70
07VMDNQ6463M6Z9,VMDNQ6463M,Walia-Nair,Ishwar Rama,"02/645, Sharma Path, Hindupur 369779",2018-01-14,8462337.40
33BOZAH6178Z8ZX,BOZAH6178Z,Morar and Sons,Timothy Trivedi,"H.No. 013, Narasimhan Path, Vijayanagaram-981891",2023-08-05,1316056.00
32JULDA0806M7ZG,JULDA0806M,Prakash-Vohra,Rishi Pandey,"09/571, Chokshi Zila, Kollam 122308",2024-09-19,1848268.18
09INXAF8375K2Z6,INXAF8375K,"Mital, Rana and Pai",Arjun Kumar,"107, Pandya Nagar, Kishanganj 857832",2020-03-04,238750.33
09GVUGC2028A1ZM,GVUGC2028A,Vohra-Nazareth,Xavier Karpe,"H.No. 83, Palla Nagar, Rourkela 786459",2026-02-17,1645351.37
07ITPSJ4385A7Z2,ITPSJ4385A,Memon-Sani,Jeremiah Garg,"87/002, Natarajan Nagar, Bokaro 965194",2019-07-25,10511798.82
29LFKQZ7813G3Z5,LFKQZ7813G,"Kibe, Sane and Tara",Bina Bassi,"00, Atwal Street, Loni-399736",2020-09-10,2476740.46
19KWQXJ6573Z5ZV,KWQXJ6573Z,"Sawhney, Madan and Brar",Triveni Chaudhuri,"H.No. 495, Mukherjee Nagar, Surendranagar Dudhrej 026599",2020-05-23,9002317.23
19JGIHA5030N3ZQ,JGIHA5030N,Bhatt-Vaidya,Tristan Bansal,"31, Bhavsar Nagar, Hosur 716566",2021-01-15,13371743.49
29XNDIP9168I4Z3,XNDIP9168I,Madan PLC,Ekiya Cherian,"30/30, Tata, Varanasi 082474",2023-06-08,3752831.38
24GNCGA7497G8ZP,GNCGA7497G,Wadhwa-Swamy,Saanvi Khurana,"49, Oak Marg, Bhavnagar 397265",2020-08-09,25678613.49
07LBKUM8626T5Z2,LBKUM8626T,"Bhatti, Manda and Raja",Yutika Borra,"42/496, Kant Nagar, Buxar 129647",2025-01-24,6516600.67
19CZTRE2127E4Z0,CZTRE2127E,"Lall, Rao and Ramesh",Jyoti Patil,"498, Thaman, Khora -074860",2016-02-20,3534581.99
07JUUDM8979S8ZM,JUUDM8979S,"Madan, Balakrishnan and Sengupta",Chaaya Savant,"H.No. 28, Bora Path, Guwahati-520504",2017-01-13,48009711.00
32UNUON8481L9Z3,UNUON8481L,"Krish, Sengupta and Nazareth",Ekbal Apte,"51/40, Gade Marg, Panvel 296164",2020-11-10,4092054.46
27NBTYE8724G5ZF,NBTYE8724G,Srinivasan Inc,Sachi Anand,"36/270, Hegde Zila, Muzaffarnagar-202981",2020-04-05,14793823.34
09ECLYC7150C7ZP,ECLYC7150C,Randhawa-Walla,Sudiksha Bora,"498, Kaur Zila, Hajipur-150018",2015-10-02,1207381.34
09GERAB3813N5ZV,GERAB3813N,Shanker-Hari,Ishani Kurian,"H.No. 08, Rama Chowk, Bhavnagar-161426",2022-01-28,31950803.38
29LKWEM9651E2ZU,LKWEM9651E,Issac Inc,Umang Sarkar,"H.No. 25, Choudhry Road, Gandhidham-589359",2016-08-07,6304257.44
24JYAAN8669X6ZR,JYAAN8669X,"Mand, Chopra and Pingle",Fitan Behl,"771, Gupta Zila, Bhusawal-727125",2017-12-01,3147071.76
27VOTTF9088D4ZZ,VOTTF9088D,"Bhakta, Gade and Lata",Utkarsh Chaudhuri,"H.No. 608, Raja Street, Vijayanagaram 803781",2024-05-09,12398680.66
33DGIEE5764P3Z0,DGIEE5764P,"Bali, Contractor and Nagar",Rushil Varkey,"90/744, Malhotra Ganj, Allahabad 629506",2023-03-13,15419912.48
06INNOV8757C5ZW,INNOV8757C,Bhavsar Ltd,Ridhi Sen,"79, Ganguly Street, Buxar 154678",2018-03-06,1714339.08
36LCZOR2260Q9ZU,LCZOR2260Q,Bhat LLC,Kamya Ganesan,"H.No. 14, Bahri Ganj, Cuttack 815135",2017-06-18,10345164.21
06KWSOM6847C7ZQ,KWSOM6847C,Borah LLC,Lavanya Varma,"H.No. 758, Kannan Ganj, Coimbatore 726246",2025-08-11,4767319.25
24KKDRM8984U5Z9,KKDRM8984U,"Shere, Edwin and Ravi",Jagrati Chakrabarti,"96/821, Narula Circle, Alwar 258312",2020-05-13,13892244.89
36KTRUD3697O4ZC,KTRUD3697O,Sastry Group,Sai Kata,"81, Saha Circle, Bareilly 116566",2024-10-30,1282626.58
19KYQIN9798D9ZO,KYQIN9798D,Kumar-Dara,Banjeet Lalla,"02/028, Chander Circle, Gopalpur 796391",2016-02-03,774952.25
33IWBSK7111Y2ZY,IWBSK7111Y,Baria and Sons,Naksh Thaman,"H.No. 623, Bakshi Chowk, Jamnagar-327007",2015-08-24,5439731.80
19LWLAY4402W6Z3,LWLAY4402W,"Rama, Cherian and Dhillon",Patrick Wable,"32/605, Hari Path, Tumkur 891246",2026-06-01,14487212.83
33PRHFI9856H1ZZ,PRHFI9856H,Patil Inc,Hemal Natarajan,"H.No. 788, Nayar Circle, Ramgarh-353264",2016-10-11,7335354.85
33QZMJW5964N9Z2,QZMJW5964N,Dave-Sunder,Samesh Konda,"H.No. 43, Rai Path, Dewas-432463",2016-02-09,33163673.57
29MKDTI3671J9Z3,MKDTI3671J,Sami Inc,Yash Saini,"68/148, Bora, Muzaffarnagar 545574",2026-01-22,31379985.53
07ROICN7113A5ZL,ROICN7113A,"Dada, Agate and Tank",Abha Nagar,"H.No. 522, Doctor Chowk, Jehanabad-722958",2021-11-16,9228856.87
32AVFMU5995C1ZE,AVFMU5995C,"Chahal, Lal and Chandra",Chandresh Dixit,"19/57, Chawla, Rampur 078310",2017-11-16,1232082.68
09RPOZC6566C5Z6,RPOZC6566C,"Gera, Bedi and Nanda",Siddharth Bains,"18, Divan Chowk, Kolkata 043313",2023-11-24,12881138.56
36AHBUS7920R8ZA,AHBUS7920R,Sethi-Sridhar,Gagan Venkataraman,"905, Nazareth Ganj, Bhiwani-865934",2018-01-29,3345621.02
29SCANI9655E7ZS,SCANI9655E,"Dash, Mody and Khare",Dipta Memon,"194, Oak Chowk, Siliguri-388948",2018-10-23,6055761.87
09CCAXJ2496Z5ZE,CCAXJ2496Z,"Gill, Lad and Bansal",Ucchal Misra,"50/559, Chana Street, Anantapuram-597028",2025-09-07,4412937.14
32IMMUH9855V9ZW,IMMUH9855V,Edwin-Deo,Rehaan Bhagat,"H.No. 76, Lal Road, Nandyal 764654",2025-01-07,273966.45
19IUUTA7684O2ZZ,IUUTA7684O,"Vora, Dewan and Sen",Vritti Rau,"68/68, Pillai Chowk, Medininagar 934988",2020-06-02,2020696.48
09BKAIU3757C6Z6,BKAIU3757C,D’Alia-Mittal,Anamika Sachdev,"688, Manne Street, Kakinada 385570",2026-04-16,3462531.53
06CZRVJ2961M1Z5,CZRVJ2961M,"Shukla, Edwin and Maharaj",Noah Mukhopadhyay,"79, Jani Street, Gaya-015579",2019-10-06,17459213.43
27EPADU3630E8ZY,EPADU3630E,Bhakta-Shroff,Frederick Chakrabarti,"69/46, Gill Nagar, Nashik-418102",2025-05-10,13597903.30
06JSQCH3871L4ZH,JSQCH3871L,"Aurora, Nair and Aggarwal",Anvi Khare,"H.No. 167, Dutt, Vadodara 863841",2025-05-26,6164781.24
29FLBXQ7642O7ZH,FLBXQ7642O,"Mittal, Chanda and Kalita",Amrita Sharma,"563, Nagarajan Marg, Meerut-041828",2024-03-17,2974530.81
32NYMLL2541F4ZX,NYMLL2541F,Bhatt Inc,Guneet Balasubramanian,"H.No. 70, Dhar Zila, Bongaigaon-727158",2017-05-30,4581523.74
24ORSVJ3771C7ZA,ORSVJ3771C,Karpe-Gole,Yadavi Vala,"800, Subramaniam Circle, Kottayam 145459",2018-08-26,32905266.87
09CUUFZ5029I9Z1,CUUFZ5029I,Master-Kanda,Kevin Borde,"21/72, Sem Circle, Dewas-452179",2014-11-24,10294508.08
07EMJZW6780Y2Z6,EMJZW6780Y,Sagar-Iyer,Kashish Kapadia,"71/138, Sarin Road, Muzaffarpur-902097",2022-06-16,3524262.30
07QJCUU9074V6ZQ,QJCUU9074V,Prabhakar PLC,Frederick Chanda,"07/293, Narula Ganj, Tinsukia 844912",2022-08-07,13154706.23
06CZWZT0778Y8ZR,CZWZT0778Y,"Atwal, Bedi and Ramaswamy",Atharv Bhatt,"50/03, Krish Marg, Orai-263021",2021-04-02,20030271.90
29EDLUJ6782B9ZN,EDLUJ6782B,"Bawa, Sarraf and Baria",Lucky Kaul,"H.No. 89, Gole Circle, Aligarh-083420",2021-07-30,21795182.68
36GAOEQ6815D2Z4,GAOEQ6815D,Parekh Ltd,Divya Mani,"H.No. 649, Bakshi Marg, Naihati-782742",2017-12-28,409883.23
24PLQHH9212P8ZI,PLQHH9212P,Bir-Hayre,Chaman Sengupta,"H.No. 15, Lanka Marg, Maheshtala 089953",2025-11-08,35483948.02
09WTMQE1852U4ZK,WTMQE1852U,Jayaraman-Varma,Anamika Gala,"H.No. 103, Gole Road, Moradabad-230803",2023-06-05,1805020.89
07OUVHB6781R2ZY,OUVHB6781R,Radhakrishnan Inc,Upasna Chopra,"H.No. 75, Mistry Ganj, Gulbarga-133627",2018-05-05,5912916.01
09DEZZY0415W2ZZ,DEZZY0415W,Chopra Group,Baghyawati Banerjee,"H.No. 71, Dara Zila, Tirunelveli 148425",2026-05-30,12297731.07
27MVGTD3020U7Z7,MVGTD3020U,Varma Ltd,Abhiram Subramanian,"01/08, Halder Nagar, Sangli-Miraj & Kupwad-670933",2019-06-30,704109.30
29JYHEP0076Z4Z6,JYHEP0076Z,Goel LLC,Raksha Hans,"68, Shere Circle, Kolkata 950271",2026-04-10,14464329.77
24HRSCE4605D7ZL,HRSCE4605D,Raju-Gade,Januja Mukhopadhyay,"51/586, Kota Marg, Uluberia-439828",2017-09-16,1055756.36
36QQKJS9235Z3ZJ,QQKJS9235Z,Dani-Grewal,Finn Krish,"27, Ram, Etawah 440707",2016-12-01,10586185.49
09HLMFJ7432I3Z0,HLMFJ7432I,Sarraf Ltd,Arin Nagy,"27/82, Shenoy Chowk, Srikakulam-183942",2022-10-06,5701346.07
19NRZVD4891L6ZJ,NRZVD4891L,"Kashyap, Kadakia and Bhatia",Aradhana Pall,"H.No. 037, Savant Road, Alappuzha-159300",2020-03-20,2614623.48
29YZPYG4538Z3ZK,YZPYG4538Z,Karan LLC,Panini Batta,"H.No. 43, Kumer Nagar, Udupi 946641",2025-02-02,30834211.60
32ESLQR1412B2ZA,ESLQR1412B,Rama-Parekh,Utkarsh Mangat,"98/95, Gara Zila, Chittoor 289846",2018-02-12,338460.77
33JISGB7831B1ZP,JISGB7831B,"Pandya, Randhawa and Bose",Ubika Divan,"H.No. 196, Tandon, Loni 609392",2023-03-19,2136346.73
09LBIHG1357U3Z5,LBIHG1357U,Chaudhari-Bhargava,Charvi Natt,"698, Rajan Marg, Gudivada-142878",2015-12-02,51842230.92
36KWKNX9486K4Z7,KWKNX9486K,"Bobal, Raju and Venkataraman",Hritik Modi,"H.No. 58, Lad Chowk, Bulandshahr-487353",2021-11-01,9248795.30
09VLGCS4753E9ZC,VLGCS4753E,More PLC,Harinakshi Pant,"13/19, Agate Chowk, Ghaziabad-187168",2015-01-11,9492275.67
27UHOJY3650W1Z8,UHOJY3650W,Sangha-Rai,Ethan Lata,"32/10, Hegde Nagar, Udaipur-835879",2021-08-05,2327730.51
36YFQMU2283G8Z5,YFQMU2283G,"Raju, Upadhyay and Gupta",Aachal Kibe,"10/075, Dutt Road, Gandhidham-030567",2024-07-18,544393.26
09IMKIV8271P7ZR,IMKIV8271P,Dara Inc,Ishani Lad,"59/969, Ahluwalia Ganj, Morena-746252",2015-10-20,1185967.29
32VGJYS8851Y7ZH,VGJYS8851Y,Sagar-Toor,Naksh Sarna,"H.No. 754, Behl Chowk, Amravati-534741",2025-01-30,1061257.22
32XFWUJ4303Q8Z3,XFWUJ4303Q,Mani Group,Robert Nair,"60/11, Karpe Ganj, Aizawl 200605",2021-02-03,9531605.29
19ZWUJN7929G8ZL,ZWUJN7929G,Hegde-Zachariah,Nikita Bala,"H.No. 16, Sibal, Anantapur 408787",2024-01-09,9920960.97
36CCPQF8694V1ZW,CCPQF8694V,Bhasin PLC,Reva Shere,"930, Nazareth Path, Purnia-227334",2024-07-31,10589006.47
27WBEYV0509G2ZI,WBEYV0509G,"Hayer, Chand and Narula",Abha Deep,"H.No. 26, Bakshi Street, Jamnagar-227929",2022-06-21,13419372.95
33IBSCQ6384C9Z5,IBSCQ6384C,"Mukherjee, Singhal and Ramakrishnan",Gabriel Mohanty,"81, Dhar Nagar, Dehradun-672033",2018-05-23,13648825.54
27FUKNH6599S9ZG,FUKNH6599S,Buch LLC,Laban Krish,"78/56, Pall Marg, Mysore 457649",2024-07-21,5354074.51
27AMFJO0120R6ZS,AMFJO0120R,Karpe Inc,Harini Andra,"H.No. 38, Kalla Street, Maheshtala 869901",2024-11-14,23077774.39
19FQBXB8738Z5ZJ,FQBXB8738Z,"Chaudhuri, Bhat and Mohanty",Dalbir Solanki,"05, Dyal Road, Bhusawal 210333",2015-12-02,998771.53
32XECHK8217U2ZJ,XECHK8217U,"Pau, Joshi and Ahuja",Meghana Om,"392, Rattan Ganj, Belgaum-563323",2017-09-25,20871021.87
09INGKL3395U5ZC,INGKL3395U,Kari-Srinivas,Dalaja Prashad,"H.No. 962, Desai, Durgapur-624504",2024-01-09,12038579.70
27SUBEA9705R7Z5,SUBEA9705R,Chaudhary Group,Hredhaan Bhardwaj,"H.No. 68, Banerjee Street, Shimla 029490",2021-09-11,1810447.34
07ZWKAV8184Z7Z0,ZWKAV8184Z,Thaman and Sons,Nitara Bail,"80/672, Brar Street, Bhilwara 289161",2024-06-01,156246.15
24BRKBB3637U4ZA,BRKBB3637U,Gera-Apte,Falak Ramachandran,"H.No. 88, Khare Ganj, Meerut 190770",2015-11-08,1424429.78
32XZZRY0023S9ZZ,XZZRY0023S,Prabhakar-Nayak,Charvi Saran,"02/059, De Street, Saharanpur-877882",2019-02-02,412646.96
24ZWGUV4202L4ZI,ZWGUV4202L,Prasad PLC,Harshil Rama,"337, Date Marg, Jamnagar-549053",2017-08-22,7558774.04
33WQVSF7827J6Z4,WQVSF7827J,"Khanna, Sane and Oza",Lakshit Purohit,"H.No. 55, Kanda Street, Jamalpur 949924",2015-06-27,19787741.35
36IJGLB8995H5ZW,IJGLB8995H,"Aurora, Kala and Kanda",Waida Kant,"35/823, Vaidya Nagar, Etawah 096858",2017-04-23,2767564.14
06FBDBE3080G2ZD,FBDBE3080G,Babu LLC,Joshua Dugar,"93/263, Bava Chowk, Panchkula 605719",2023-11-13,4579533.89
32RWRJD2413G6ZV,RWRJD2413G,Sen-Dutt,Yahvi Krishnamurthy,"40/764, Krishnamurthy Path, Satara-722838",2020-01-04,3247149.60
09PDDDG2114R6ZF,PDDDG2114R,"Deep, Kakar and Barad",Rohan Dave,"72/884, Chada Marg, Vasai-Virar 859395",2021-09-05,21547675.82
33ZAQAW3421M1ZC,ZAQAW3421M,Mallick Ltd,Oviya Raj,"43, Mann Chowk, Nadiad-123751",2015-04-27,9206435.99
06ZNYNN8872A2ZA,ZNYNN8872A,"Bains, Chad and Ravel",Kashvi Wali,"03/39, Pandya Chowk, Bijapur-156313",2014-12-11,463446.93
36OVLDK8669H4Z3,OVLDK8669H,"Dara, Patla and Lata",Yash Varghese,"H.No. 33, Rout Zila, Sangli-Miraj & Kupwad 539474",2024-04-28,1825743.38
36TNCSH0262P5ZT,TNCSH0262P,"Wadhwa, Saini and Bava",Shaurya Misra,"37/86, Narayan Street, Vasai-Virar 839374",2020-12-12,26518720.31
32OVCAK3848E9ZM,OVCAK3848E,Bajwa Ltd,Nachiket Iyer,"20/14, Varty Zila, Gwalior-456643",2023-07-20,15503284.04
36UHGZB2945P8ZV,UHGZB2945P,Nanda-Savant,Gayathri Choudhary,"H.No. 710, Shanker Street, Chapra 088211",2024-03-07,10560974.10
36AWAEH4360L4ZG,AWAEH4360L,Jayaraman PLC,Zaitra Saraf,"52, Setty Chowk, Lucknow 986314",2026-02-03,4960760.36
24LQMHJ0589Q8ZA,LQMHJ0589Q,Padmanabhan-Bali,Warhi Bhakta,"H.No. 49, Dey Chowk, Berhampur-140761",2015-12-02,1619399.24
32SLMRC1782J8ZO,SLMRC1782J,Arya-Naik,Jason Pillai,"761, Narayan Nagar, Khora  885260",2024-05-01,1870768.08
33SGXTV2610Z4ZB,SGXTV2610Z,Gala PLC,Neelima Bir,"392, Sanghvi Nagar, Bhusawal 073618",2025-12-29,1855752.99
27RYCWZ9214U7ZY,RYCWZ9214U,"Oak, Kothari and Hayer",Amaira Chhabra,"50/614, Randhawa, Eluru-780709",2019-11-02,10212243.81
33AJLQO4062J4ZL,AJLQO4062J,"Sharaf, Bava and Raval",Daksh Varkey,"H.No. 54, Parsa Road, Bilaspur-700281",2020-01-10,20476545.78
09GRCHD9708E8Z6,GRCHD9708E,Sahota and Sons,Warda Ghose,"78/87, Sinha Marg, Bhusawal-361396",2018-06-02,1253233.07
06WZECI3783F3ZC,WZECI3783F,Brar-Sharma,Bhavika Desai,"359, Apte Road, Hapur-314376",2026-05-30,4068392.52
27XMQRZ9354U1ZE,XMQRZ9354U,"Chada, Babu and Narayanan",Noah Sarkar,"71/20, Srinivas Nagar, Kolkata 463328",2022-06-06,508398.51
19XQJBG0567H5Z5,XQJBG0567H,Soman LLC,Ishaan Chaudry,"H.No. 977, Bhat Chowk, Srikakulam 278025",2018-04-26,3317548.64
09ARSHP7746F3ZQ,ARSHP7746F,"Garde, Sachar and Maharaj",Banjeet Mitra,"728, Sehgal Circle, Siwan-865580",2015-06-26,94553.04
36AOKJO0851D2ZS,AOKJO0851D,Kata PLC,Pooja Pradhan,"90, Rau Chowk, Sagar-928377",2021-07-24,121264.43
07KBTDS6011H7Z0,KBTDS6011H,Kala Inc,Chavvi Parmer,"63/39, Bir Nagar, Munger-745914",2021-09-13,5631051.76
24DNAKC4169O5ZX,DNAKC4169O,Kaur-Dugal,Daniel Basu,"08/000, Parmar Circle, Panihati 216368",2025-06-01,1873321.09
19REOUO9302T6Z3,REOUO9302T,"Vyas, Grewal and Chowdhury",Hamsini Balan,"39, Garg, Bikaner-199225",2014-09-30,1553554.84
24GVWYC5242P3ZB,GVWYC5242P,"Chatterjee, Arya and Kunda",Karan Purohit,"H.No. 951, Bala Chowk, Begusarai 606172",2017-04-15,1550746.23
06SYEST9487M8ZD,SYEST9487M,Dora-Ghose,Yashasvi Sawhney,"30/08, Varughese Nagar, Etawah-220495",2017-05-30,764353.07
33NFBVN7203H3ZW,NFBVN7203H,Banerjee Inc,Megha Pandya,"29/148, Dani Chowk, Bikaner 043267",2017-08-12,21531226.31
33NZLUC1145O1ZC,NZLUC1145O,Din-Thakkar,Eesha Anne,"H.No. 95, Wali Road, Jehanabad-770197",2016-11-27,24515029.75
32YSTPI3823N1ZO,YSTPI3823N,"Khatri, Saha and Dada",Gaurav Sharma,"H.No. 06, Badal Chowk, Mysore 221063",2018-08-07,14370073.98
33JRSNR0747O7ZZ,JRSNR0747O,Kala PLC,Gauri Patel,"23, Dyal Ganj, Bareilly 396278",2026-01-02,18981210.44
32GHVXW5306M3ZC,GHVXW5306M,"Gera, Choudhury and Garde",Yadavi Sinha,"70, Prasad Circle, Solapur 216835",2022-07-04,13308160.40
24QGLNH3235H4ZJ,QGLNH3235H,Nath-Ravel,Rachana More,"H.No. 96, Banik Chowk, Sambhal 703852",2018-06-27,4178360.93
27ESEGE0624L2ZG,ESEGE0624L,Vohra LLC,Urishilla Sarraf,"95, Tandon, Thrissur-276722",2017-05-19,2466534.69
29EBUKX7702T9ZW,EBUKX7702T,Khurana Group,Saumya Mishra,"347, Cheema Zila, Mira-Bhayandar-061480",2014-11-07,16893266.24
32VZQBN7221O2ZW,VZQBN7221O,Mody Ltd,Vaishnavi Chawla,"59/53, Divan Ganj, Kalyan-Dombivli-420162",2021-10-17,1854996.27
33LKMIV9804Q1ZD,LKMIV9804Q,Patel-Muni,Faraj Kunda,"H.No. 918, Oommen Chowk, Bokaro 447656",2016-08-11,3217648.92
29OUBOW5574N1Z2,OUBOW5574N,Pillay-Keer,Jalsa Kashyap,"44, Walla Road, Pondicherry 770699",2023-03-18,12700397.92
29XYQFD5991D4Z9,XYQFD5991D,Narain PLC,Anay Dalal,"214, Bath Circle, Vijayanagaram 255940",2020-10-16,6174482.96
33XXEUI5490L3ZL,XXEUI5490L,Konda-Gole,Maanav Mishra,"57/00, Divan Nagar, Thane-025232",2022-06-25,5786127.61
33XHLRJ9499Z7ZD,XHLRJ9499Z,Sant-Mukhopadhyay,Vyanjana Srinivas,"H.No. 90, Mahal Chowk, Bharatpur-514678",2019-03-28,23683390.59
19WFHBX8459T9ZZ,WFHBX8459T,"Srivastava, Chopra and Pingle",Megha Acharya,"H.No. 380, Sarma Path, Sangli-Miraj & Kupwad 686061",2024-12-27,569289.67
19FLPWS3263P8Z3,FLPWS3263P,"Agarwal, Bora and Kara",Saksham Varghese,"09/76, Sastry, Salem 229339",2025-10-06,38834517.77
19QIHDX4076J5ZD,QIHDX4076J,"Chopra, Sawhney and Chand",Varenya Nanda,"20/57, Mohan Marg, Gandhinagar-408374",2016-09-04,4747292.06
24GBKGE9107F2ZI,GBKGE9107F,Nadkarni-Gera,Isaiah Chand,"29/691, Rama Ganj, Jamalpur-193152",2017-07-27,25291841.23
36SLAIW9566G4ZU,SLAIW9566G,"Nayar, Kunda and Tak",Zansi Bawa,"695, Mann Road, Kolkata 279027",2021-12-30,12653675.04
32HPKDX0165L1ZV,HPKDX0165L,"Narain, Rout and Wali",Arjun Sarna,"25/51, Acharya, Tezpur 496114",2016-10-14,9607146.43
36PJIDK6313S4ZZ,PJIDK6313S,Apte PLC,Hemani Mann,"38, Sehgal Nagar, Parbhani-269869",2025-08-03,7800793.15
09NXUTC2653T7ZX,NXUTC2653T,Roy PLC,Pratyush Bains,"H.No. 94, Sodhi Path, Ambala-570656",2014-11-02,108769.33
24TAFTG7862R9Z6,TAFTG7862R,"Rao, Bhardwaj and Gala",Chakradev Krish,"848, Purohit Marg, Ghaziabad-432628",2015-02-10,30018776.22
27UFXEW3638E9ZG,UFXEW3638E,Karnik Group,Anjali Khalsa,"13, Garg Circle, Bhalswa Jahangir Pur-870026",2024-06-05,6041581.29
32ZJVLM6437K6Z7,ZJVLM6437K,"Sethi, Ravel and Keer",Qarin Ben,"90/264, Khare Chowk, Jamalpur-383378",2021-04-17,3308506.46
09RONYS4088W5ZD,RONYS4088W,Dasgupta Group,Laban Ganguly,"58, Ahluwalia, Bhubaneswar 936229",2024-04-08,16005847.73
27KYWUE7710V5ZC,KYWUE7710V,"Mukherjee, Sethi and Goel",Ayaan Toor,"H.No. 527, Jani, Ghaziabad-425028",2018-03-28,870407.44
29BMEKY4972T2ZE,BMEKY4972T,Khatri LLC,Forum Mishra,"76/68, Jayaraman Marg, Yamunanagar-939733",2020-05-03,35700460.11
07CPAKR3159C6Z6,CPAKR3159C,Yadav-Pradhan,Chandran Walia,"38/58, Ghosh Chowk, Srikakulam-354130",2020-02-15,17315708.69
24LUXFN0029T2ZG,LUXFN0029T,Sengupta-Sami,Manthan Ben,"994, Devi Nagar, Vellore 431389",2017-12-03,1623795.43
09FYBNU0683A6ZW,FYBNU0683A,Seth LLC,Jagat Subramanian,"652, Deol Marg, Mira-Bhayandar 212295",2017-03-21,8234868.63
09XKYBM1496U1ZU,XKYBM1496U,"Manda, Bora and Iyer",Nihal Bora,"16, Saxena, Ambala-912639",2014-12-03,22841446.03
07BTUQP2554I3Z1,BTUQP2554I,"Mane, Yohannan and Sarkar",Hemani Sinha,"40/61, Lall Path, Thanjavur 131498",2022-03-07,5296954.94
33PFWHD9788O7Z6,PFWHD9788O,"Wadhwa, Memon and Salvi",Tara Lanka,"87/46, Chatterjee Marg, Mango-759395",2022-09-12,32461924.87
36ENNFG5948A4Z6,ENNFG5948A,Ramachandran Group,Jalsa Bhatt,"37, Balakrishnan Chowk, Dharmavaram 886750",2026-03-05,1888187.24
07XKNFN1297C8Z2,XKNFN1297C,Master Inc,Lekha Oommen,"84/47, Chana Marg, Tiruvottiyur 812860",2014-11-27,26979113.63
07EQFPJ2114N1ZU,EQFPJ2114N,Batra LLC,Ati Mannan,"H.No. 87, Naidu Circle, Jalna-134949",2025-10-15,1894403.33
06ELZUF6460J3Z8,ELZUF6460J,Reddy-Gole,Jacob Bassi,"H.No. 00, Wable Chowk, Madanapalle-546056",2016-02-10,7885415.77
09YARNK5803H8ZN,YARNK5803H,Bhatnagar-Vaidya,Leela Vohra,"06/177, Dua Ganj, Ramgarh-200241",2016-10-28,2119288.17
07XSZMA4829F7ZD,XSZMA4829F,Naidu Inc,Falak Chaudhary,"H.No. 391, Brar, Hapur 037361",2020-03-25,1830252.20
36TAUVC0696P5Z4,TAUVC0696P,Hora-Raja,Wazir Zachariah,"95/58, Krishnamurthy Zila, Kottayam 073951",2015-05-11,283145.22
09CUBWZ8000R4ZC,CUBWZ8000R,Mahal Inc,Harrison Barman,"305, Wali Street, Allahabad 240834",2016-12-01,670765.06
24TFDQH5064O3ZY,TFDQH5064O,Krishnamurthy and Sons,Ubika Patla,"71/628, Om Marg, Belgaum 758374",2018-03-14,11933437.86
32SUTFF5881X6ZG,SUTFF5881X,"Suresh, Chandra and Bala",Yashasvi Narayan,"57/40, Radhakrishnan Street, Mau-046631",2017-09-13,4990356.96
29CTKXD7018G8ZU,CTKXD7018G,Saraf Ltd,Jhalak Ravel,"688, Nadkarni Zila, Guwahati 263737",2024-11-14,4102117.17
07YRZGW0080Q5ZB,YRZGW0080Q,"Garg, Pau and Dey",Ekta Sidhu,"603, Dhillon Chowk, Bhavnagar-761988",2021-03-22,92767.73
24VFTVD4871S3ZW,VFTVD4871S,Sidhu-Dhar,Dayita Pau,"405, Choudhury Street, Jhansi 873287",2018-04-26,433168.66
06QGYKA6359L8Z0,QGYKA6359L,Subramaniam Ltd,Triveni Sarin,"04/26, Krishnan Circle, Nagercoil 971408",2019-05-20,1948807.27
07HNDAC7174A3Z5,HNDAC7174A,Nagarajan-Savant,Brijesh Varkey,"H.No. 786, Sani Street, Anantapuram-692298",2016-05-03,22183500.13
19GQKKT5057E4Z6,GQKKT5057E,Hans-Aurora,Patrick Menon,"H.No. 583, Ram Zila, Maheshtala 999689",2022-10-09,1323382.62
07ULRXS8874S2ZN,ULRXS8874S,"Anne, Seshadri and Ben",Naveen Kannan,"40, Dara Zila, Phusro 004111",2019-12-16,3120254.79
32KJKMN6484U7ZN,KJKMN6484U,Majumdar and Sons,Theodore Seshadri,"90, Murthy Nagar, Tiruvottiyur-288778",2017-07-18,24116702.51
06AOBGQ5239V8ZF,AOBGQ5239V,Parmer-Jhaveri,Chandran Lad,"H.No. 88, Bhasin Road, Khammam-715203",2019-04-08,1791074.90
06IGZSH2767F5Z0,IGZSH2767F,Ramesh Inc,Chaitanya Nagarajan,"33/48, Rao Ganj, Singrauli-607276",2026-02-15,8127643.87
06DZHEW6061W2ZS,DZHEW6061W,Sharma-Varty,Fariq Rajagopal,"H.No. 19, Parmer, Gorakhpur 562234",2024-12-07,48591094.42
06ENBMI2016E2ZJ,ENBMI2016E,Konda-Mangal,Veer Choudhury,"H.No. 76, Oza Marg, Sirsa-921165",2021-02-08,1210767.44
19VOKJX2044X4ZT,VOKJX2044X,Bansal PLC,Banjeet Mani,"H.No. 26, Kumar Chowk, Buxar-213171",2016-06-11,21176693.49
24MUJII8945M1Z0,MUJII8945M,Devan-Pandya,Harita Madan,"43, Suri Marg, Guntur 144761",2019-12-28,10729252.70
19BZEFW1480F6Z8,BZEFW1480F,Mody Ltd,Sara Bath,"H.No. 32, Seshadri Chowk, Faridabad-789570",2019-08-01,5182928.05
06JEJNS6957X1Z9,JEJNS6957X,Doctor PLC,Tanish Apte,"H.No. 33, Kothari Path, Firozabad-626133",2024-08-27,4272326.69
27MTNJL7732K6ZH,MTNJL7732K,"Arya, Dyal and Vohra",Tanish Mohan,"H.No. 53, Chaudhuri Path, Kharagpur-788664",2016-11-16,636395.60
06YPDLL6006B6ZN,YPDLL6006B,Sandhu-Ravel,Samesh Dua,"H.No. 85, Kara Circle, Kavali-308198",2019-06-13,2633819.24
07XCWRA1373Q8ZW,XCWRA1373Q,Gandhi and Sons,Chandani Modi,"23/184, Narain Circle, Eluru-585995",2015-05-07,4207768.43
07GZHSS1716P6ZB,GZHSS1716P,Mukherjee-De,Hemangini Sengupta,"92, Mital Street, Guna-741337",2020-03-03,16728081.98
27YJZBZ8374L7Z7,YJZBZ8374L,"Srinivasan, Dube and Sura",Jagdish Chanda,"H.No. 187, Sabharwal Nagar, Gwalior-104009",2023-03-21,20475907.77
36NRSZV1193C8ZL,NRSZV1193C,"Nayak, Jhaveri and Saini",Frederick Sahota,"H.No. 36, Sodhi Marg, Hazaribagh 065515",2015-01-17,176396.25
06WNTKI4503E6Z8,WNTKI4503E,"Shroff, Upadhyay and Wagle",Azad Badal,"57/065, Lanka Road, Akola 828681",2017-01-29,4353636.98
36KQFWW5519A7Z8,KQFWW5519A,Samra-Munshi,Wahab Sule,"28/361, Bakshi Zila, Srinagar-918687",2024-05-25,17732230.09
29ARILY4646G7ZB,ARILY4646G,Ben-Radhakrishnan,Amol Nagarajan,"21/885, Gola Zila, Shahjahanpur 034387",2020-02-25,3415791.89
06HFAFM5945P1ZL,HFAFM5945P,Srinivasan Ltd,Charles Chad,"03, Narula Road, Amravati-268693",2015-08-11,18180529.19
24UUBVF5038G7ZW,UUBVF5038G,Pau-Mangal,Benjamin Yohannan,"H.No. 97, Chander Marg, Ambarnath-457968",2022-06-10,10548957.42
33EVMUF8137F9Z7,EVMUF8137F,Sama and Sons,Warjas Murthy,"H.No. 672, Contractor Nagar, Dindigul-533869",2020-01-30,10084450.21
06RUOBA2687M5ZX,RUOBA2687M,Rai-Nair,Jackson Mangat,"60/035, Yadav Nagar, Firozabad 979440",2016-05-16,13447296.69
27JOHEZ8538U2ZY,JOHEZ8538U,Master-Hans,Samuel Rau,"H.No. 131, Patil Circle, Tiruchirappalli-488767",2015-07-06,1159460.60
06ITSTT5658S4Z7,ITSTT5658S,Badal-Dash,Bhanumati Shetty,"88/79, Dhar Path, Chittoor-922976",2025-02-02,25057397.99
06FUFTA8988N4Z8,FUFTA8988N,Venkataraman-Sathe,Ria Dhaliwal,"H.No. 720, Agate Street, Morena 486353",2014-08-14,6933704.44
24DZRRH4354M7ZS,DZRRH4354M,Gola-Hora,Ria Varkey,"45/185, Pau Circle, Madanapalle-114401",2016-01-27,8014862.90
09TPHGJ8510R6ZD,TPHGJ8510R,Andra-Reddy,Watika Zachariah,"52/54, Nagy Nagar, Ambattur 836552",2026-04-30,1589156.94
32ZLZJD3067N5ZE,ZLZJD3067N,Keer-Prasad,Kai Biswas,"H.No. 63, Mukhopadhyay, Nandyal-111201",2024-07-25,652303.83
27IGCHQ9187K8ZA,IGCHQ9187K,Bajaj-Sastry,Baljiwan Ram,"314, Chaudhry Chowk, Bareilly 262745",2017-07-11,11029882.11
09NEYGU2321F2ZI,NEYGU2321F,Sarin and Sons,Thomas Misra,"98/29, Dalal Nagar, Giridih-085140",2018-06-17,7361689.21
29HOUDN9979U7Z7,HOUDN9979U,"Khosla, Pillay and Dara",Kavya Radhakrishnan,"99, Chaudry Ganj, Durg-297887",2025-03-30,7456243.38
27NQRVF9575C6ZQ,NQRVF9575C,Boase-Dewan,Ridhi Kapadia,"55/390, Bajaj Street, Rourkela-429547",2017-08-30,7057682.01
27ISQSY8467Y9ZP,ISQSY8467Y,"Sandal, Narang and Golla",Keya Vasa,"11, Barman Street, Kakinada-346877",2020-01-04,442933.02
27DWJOU5759H6ZS,DWJOU5759H,Garde Ltd,Elijah Kapadia,"H.No. 82, Bahri, Etawah 650826",2021-07-07,168992.75
24NGPVO0298Q8ZW,NGPVO0298Q,Lad and Sons,Upasna Srinivas,"19, Panchal Marg, Anantapuram 121897",2015-06-22,669348.99
19LTMKQ8159Q5ZC,LTMKQ8159Q,"Varughese, Bora and Wason",Osha Dyal,"00/073, Konda Street, Imphal 374570",2020-03-19,1352491.05
27YVBKM4475J5ZK,YVBKM4475J,"Din, Hari and Choudhary",Hemangini Kulkarni,"10/592, Borah Zila, Warangal-736340",2016-11-24,22204691.74
33LVNFP1067J5ZX,LVNFP1067J,"Bala, Srinivasan and Kota",Gabriel Mani,"H.No. 090, Kota Zila, Sirsa 462959",2025-05-16,6417343.04
27LCXQX2689P8ZP,LCXQX2689P,"Shroff, Prabhakar and Sibal",Jyoti Tara,"454, Sama Path, Kottayam-102974",2025-04-30,14555151.01
27BAEWJ1351Z5ZK,BAEWJ1351Z,Parekh and Sons,Gunbir Bassi,"709, Sarkar Ganj, Korba-634704",2018-08-06,15949186.05
33ZCSCT4596B7ZU,ZCSCT4596B,"Virk, Lal and Bhatti",Rushil Sarna,"87/85, Kuruvilla Chowk, Gulbarga-787320",2018-01-26,8979024.10
32WXSUX8859H6Z9,WXSUX8859H,"Dave, Dyal and Kapur",Rehaan Nigam,"H.No. 49, Goswami Marg, Saharsa-133190",2017-09-14,849058.50
06AOGTZ5134C4Z0,AOGTZ5134C,Krishnan-Sarraf,Vedant Bhatt,"364, Bhatti Road, Bally-724289",2025-05-08,3110488.99
19BZPFJ0834C5ZT,BZPFJ0834C,Chandra-Patla,Nikita Lanka,"77/96, Parsa Chowk, Silchar 070355",2022-11-24,29317504.01
09PCMXE8651V4ZK,PCMXE8651V,Wali-Jhaveri,Januja Dayal,"46/511, Sathe Road, Uluberia-600089",2023-03-01,12214363.50
24QTIXQ5668K6Z9,QTIXQ5668K,Viswanathan-Pradhan,Ati Pandey,"H.No. 726, Bobal Chowk, Sasaram-426237",2019-08-07,1383617.96
33BJVMN3116U3ZK,BJVMN3116U,Dara and Sons,Vidhi Shukla,"90/854, Tara Street, Sirsa 290565",2025-12-12,6578911.71
32CRNFY6373O9Z8,CRNFY6373O,"Magar, Misra and Arya",Jeevika Jhaveri,"38/108, Peri Marg, Begusarai-448440",2017-12-15,12789183.33
09FNAGO2723O5ZZ,FNAGO2723O,Barman PLC,Robert Khatri,"22/858, Ranganathan Street, Bongaigaon-839534",2024-04-27,979205.92
27LHVJB5291F9ZC,LHVJB5291F,Gala-Bali,Manthan Dixit,"39, Dugar Nagar, Ongole-814073",2016-01-05,3216929.91
36WYPVY8076K3Z3,WYPVY8076K,Agrawal-Cheema,Barkha Bal,"39/728, Narang Path, Surendranagar Dudhrej 920719",2015-07-21,10387437.13
29ODIBW8657S1Z8,ODIBW8657S,"Tailor, Kade and Jani",Wyatt Apte,"H.No. 45, Arya Nagar, Anantapur 714784",2024-09-03,10603673.67
09EFSQI3042J4ZM,EFSQI3042J,Yohannan-Sane,Andrew Rattan,"33/89, Bawa Circle, Bally-793717",2020-06-03,1682734.12
06XZQVR7999N1Z0,XZQVR7999N,Thakur and Sons,Warda Shere,"H.No. 02, Kala Road, Pali-701448",2018-05-30,41398395.57
36WAVDP4011U2Z3,WAVDP4011U,Oak Inc,Reva Chakraborty,"H.No. 635, Chad Path, Proddatur 881878",2018-10-30,12915759.86
06THCMS0056K9ZV,THCMS0056K,Bera and Sons,Jairaj Anand,"215, Sant, Bathinda-167276",2025-10-03,9258362.56
07TLLXR8407K4Z9,TLLXR8407K,Tank-Zacharia,Pallavi Singhal,"97, Shukla Ganj, Tinsukia-857597",2019-10-22,1820131.55
32YKYQM2933I6ZP,YKYQM2933I,Parmer-Lata,Rajeshri Korpal,"87/65, Menon Circle, Korba-322284",2022-05-20,4858527.29
19ICMVC1419T7ZU,ICMVC1419T,Reddy Ltd,Rishi Rajagopalan,"H.No. 048, Dutt Zila, Loni 300828",2021-03-10,1012718.69
06UHJGH1204O4Z9,UHJGH1204O,"Vala, Varghese and Lall",Falguni Swaminathan,"H.No. 92, Wali Zila, Muzaffarpur-488005",2020-10-30,15585836.14
32SGBJM3526O4ZB,SGBJM3526O,Kakar PLC,Indira Babu,"93/97, Randhawa Road, Khammam-663625",2019-06-09,21889201.59
24EZULO5490G8ZD,EZULO5490G,Seth PLC,Dayita Hari,"57/39, Barman Chowk, Bhagalpur-964218",2017-10-21,1969919.85
33JONDD4070U3ZI,JONDD4070U,Chokshi-Srinivas,Bahadurjit Sankar,"H.No. 88, Khatri Street, Dhanbad 718487",2017-10-06,5066255.27
06NPRTK7012S1Z0,NPRTK7012S,Shroff LLC,Yug Ratta,"H.No. 022, Magar Road, Katni 950069",2026-03-01,1011247.44
19DMEND3380F6ZM,DMEND3380F,Dara-Sankar,Vedhika Char,"H.No. 471, Sinha Zila, Muzaffarpur 454134",2022-09-30,381389.15
19PQRMM4466I9ZB,PQRMM4466I,"Nori, Nagarajan and Bhardwaj",Aadi Ramaswamy,"H.No. 32, Sawhney Marg, Vijayanagaram 986259",2017-07-02,3845891.10
36GAURC9832G8ZJ,GAURC9832G,"Sankaran, Jhaveri and Tripathi",Zinal Mani,"120, Dash Street, Jalgaon-668004",2015-07-07,1079602.07
36QJRRK2696Y5ZN,QJRRK2696Y,Sagar-Sagar,Lucky Ranganathan,"H.No. 24, Kunda, Bijapur-558853",2021-08-04,34545378.14
33TFEJF8807I8ZF,TFEJF8807I,"Mander, Ranganathan and Sanghvi",Tripti Nagy,"H.No. 68, Kar Zila, Davanagere 652132",2024-04-18,4173726.25
27DCHUP1187B2Z5,DCHUP1187B,Bhakta PLC,Lakshmi Nagar,"540, Ratta Street, Kozhikode-564678",2019-01-06,7968537.92
06RKGXN9416K9ZU,RKGXN9416K,Sur-Ram,Yutika Kibe,"22/940, Behl Chowk, Bharatpur-783785",2022-07-27,7107303.65
06UOQQX5800Z1ZM,UOQQX5800Z,Bhandari Ltd,Anika Khanna,"H.No. 77, Ganesan Chowk, Navi Mumbai 455098",2017-02-17,853097.87
19YWFRM8169Y5ZR,YWFRM8169Y,Sen and Sons,Yoshita Bhasin,"945, Narayan Chowk, Khammam 567100",2016-10-20,9179820.46
06HNDDA2191X7ZY,HNDDA2191X,"Mistry, Bandi and Chokshi",Omya Andra,"74, Om Street, Aurangabad-721864",2024-04-22,11588626.94
33IKVXF1885C4ZB,IKVXF1885C,Rege-Lad,Sathvik Pingle,"H.No. 745, Pradhan, Thiruvananthapuram 639595",2023-02-20,471976.55
27PWPBT1677A6ZN,PWPBT1677A,"Khanna, Palla and Narula",Andrew Agate,"789, Karnik, Ujjain 431684",2021-06-06,4687574.95
27JGBRH4597U5ZN,JGBRH4597U,Bhalla Group,Ekaraj Bose,"964, Batra Ganj, Patna-495462",2024-02-06,93662.19
36IRHSK8740M6Z7,IRHSK8740M,"Patla, Rege and Sekhon",Ikbal Mutti,"H.No. 910, Venkatesh Ganj, Jamnagar-100935",2015-02-13,19055267.86
09GRVNV9465C8Z6,GRVNV9465C,"Padmanabhan, De and Bandi",Radha D’Alia,"92/881, Jani Chowk, South Dumdum-597298",2026-01-23,2958964.21
24ETOTI4054G9ZY,ETOTI4054G,Dutta Ltd,Pranit Tella,"29/33, Dubey Street, Bhimavaram-618486",2022-11-02,4338805.96
06RYYLR5134X7ZQ,RYYLR5134X,Raman-Nagi,Reva Chaudhary,"H.No. 50, Shah Ganj, Varanasi 849080",2014-12-10,13526598.55
24TQQPT5227A6ZV,TQQPT5227A,Dugar LLC,Wazir Gour,"63/133, Pant Road, Nagercoil 392528",2015-09-26,215698.49
09UDXJB7202A7ZG,UDXJB7202A,Nagi Inc,Zehaan Mitter,"52/05, Vohra Ganj, Pimpri-Chinchwad 742660",2019-10-21,12882350.56
33DOVQP9745D1ZN,DOVQP9745D,Roy-Nair,Gaurika Ahuja,"H.No. 60, Agrawal Circle, Burhanpur 087466",2018-12-19,46513662.35
29VZAYN5978Z6ZK,VZAYN5978Z,"Sani, Bansal and Bhagat",Vyanjana Borra,"921, Mand Nagar, Bangalore-796716",2024-12-24,4615351.31
24QXHMU5524H5ZF,QXHMU5524H,"Aurora, Srinivasan and Sampath",Varenya Patla,"37/025, Chand Marg, Haridwar-661345",2021-09-21,3423723.27
32PWDDC1201L1ZC,PWDDC1201L,"Bhatti, Andra and Sani",Sanaya Merchant,"459, Bala Chowk, Ambala-221965",2014-08-23,458705.28
27ODOWD9626F7ZM,ODOWD9626F,"Handa, Bora and Sagar",Charles Balakrishnan,"H.No. 80, Kamdar Zila, Mirzapur-242295",2016-02-24,5818803.76
07ZETAD0970Y4ZJ,ZETAD0970Y,"Prakash, Kade and Purohit",Mitali Jaggi,"66/05, Parmer Path, Rampur-960686",2021-02-07,7705170.50
09EQJPS9310J9ZV,EQJPS9310J,Rastogi Inc,Indali Choudhary,"67, Bail, Bhilai-679448",2020-07-09,3205431.05
27HGHYX5539A5ZA,HGHYX5539A,Mannan-Narayan,George Barman,"16/21, Badami Chowk, Mumbai 860844",2024-11-20,21464422.60
07KFHVM8893L3Z8,KFHVM8893L,Hora-Mistry,Girish Oza,"23/56, Cheema Nagar, Shimla 902597",2023-10-18,3095986.15
19OPCSX2613K9Z4,OPCSX2613K,"Raju, Chadha and Das",Jeremiah Nagy,"14/35, Oak Road, Kochi-566625",2018-02-28,7837198.63
36SVELR8565B4ZB,SVELR8565B,"Balasubramanian, Bhandari and Baral",Harsh Vyas,"30/45, Nagar Path, Mangalore 831881",2023-05-21,4159164.45
09OCVTM5541D2ZT,OCVTM5541D,"Suresh, Mahal and Shenoy",Ekta Sami,"61, Purohit Road, Suryapet-287454",2025-05-30,2415019.05
06CKXBB0732H5ZC,CKXBB0732H,"Mohanty, Seth and Narang",Zayyan Ghose,"86, Ramaswamy Nagar, Kharagpur 549672",2019-07-16,9917422.07
32DILIY3610L2Z5,DILIY3610L,"Mandal, Dhar and Natarajan",Triveni Mody,"87/435, Kalla Nagar, Kharagpur 551301",2017-12-02,6914441.55
32HIATX0979H8ZL,HIATX0979H,Sane Group,Wyatt Kala,"04, Soni Nagar, Rewa-201050",2024-03-07,1018517.75
19SNJUN2959Q6ZT,SNJUN2959Q,"D’Alia, Wali and Gera",Manthan Kannan,"H.No. 66, Kalla Road, Amritsar-555279",2019-12-06,5422971.53
36VKXZI5668R2ZS,VKXZI5668R,Sharaf-Khanna,Joshua Hayer,"26/26, Ramaswamy Circle, Thoothukudi-278805",2024-08-28,1008579.84
33RDYHO0936P5ZQ,RDYHO0936P,Raja Group,Meera Wason,"90/059, Bal, Vijayanagaram 958650",2022-08-30,23934851.27
06VCUTU2378Z9ZW,VCUTU2378Z,"Chand, Dugar and Mutti",Ishanvi Varghese,"52/225, Sathe Ganj, Rajpur Sonarpur-359455",2023-08-22,3694616.76
29TOZFV4787Y4Z8,TOZFV4787Y,Rajagopal-Choudhary,Aditya Ramesh,"H.No. 515, Goyal Road, Bettiah 970949",2025-02-09,19923361.91
32LIZUT6281Q1Z4,LIZUT6281Q,"Ahluwalia, Bains and Ravel",Oni Ramesh,"27, Chada Circle, Pimpri-Chinchwad-227289",2016-09-17,897501.46
24UOUWU7831P5ZE,UOUWU7831P,Kuruvilla LLC,Nathan Mistry,"51/086, Shere Chowk, Tadipatri-749675",2021-09-10,16886700.72
32WOFIF8971V5ZQ,WOFIF8971V,Raja PLC,Charan Aggarwal,"H.No. 277, Tailor Circle, Ghaziabad-193848",2021-01-23,947877.57
33SWNPX5268K6Z0,SWNPX5268K,"Basak, Guha and Choudhary",Ekansh Padmanabhan,"94/05, Yadav Ganj, Tirunelveli-136174",2025-02-15,2178581.29
27YHULU2604V5Z7,YHULU2604V,Boase LLC,Ekantika Hora,"51/12, Bahri Chowk, Katihar 560543",2017-09-13,14341976.55
19YXMBB0894S5ZN,YXMBB0894S,"Wadhwa, Choudhry and Hari",Damyanti Varughese,"336, Bajaj, Bahraich 715617",2015-04-30,10439940.05
33YMOXU1184I2ZU,YMOXU1184I,"Varughese, Shan and Varma",Sai Kunda,"36/726, Dara Chowk, Rajkot 550182",2023-06-23,7363565.10
07UTAXR5427H3ZW,UTAXR5427H,Menon Group,Yuvraj Saraf,"16/70, Bassi Chowk, Vasai-Virar 761040",2020-01-13,12018689.95
33KTYIJ0653T9Z0,KTYIJ0653T,Sankaran-Tata,Amruta Chand,"H.No. 02, Vig Nagar, Solapur 274306",2017-06-05,18475409.14
24NIJQI4010S1ZF,NIJQI4010S,"Devi, Mangat and Ahuja",Madhavi Murty,"H.No. 449, Mander Ganj, Dharmavaram 423795",2024-10-08,6996668.41
19QFZMH8938H3ZJ,QFZMH8938H,Sarna Inc,Anita Dixit,"H.No. 71, Sunder Street, Raiganj-766734",2022-08-23,8693819.80
36MVHTB2985P1Z5,MVHTB2985P,"Nagi, Bhasin and Karan",Nathaniel Sandhu,"42/472, Sani Chowk, Erode-205896",2017-05-23,2048661.50
29ZPTTJ0999K9ZS,ZPTTJ0999K,Kulkarni-Agate,Avi Pillai,"74/135, Sachar Chowk, Bhind-937234",2017-01-30,893673.93
36FAOCT9733N5ZK,FAOCT9733N,"Goyal, Mittal and Singhal",Qarin Ray,"25/262, Manda Marg, Allahabad-999173",2025-01-09,1592546.82
27WDPVD4784M1ZW,WDPVD4784M,"Patla, Rai and Chauhan",Gauri Pradhan,"47/63, Vora Chowk, Farrukhabad 728447",2016-11-02,28135243.23
06QGHQV9801I2ZF,QGHQV9801I,"Raja, Chokshi and Chakraborty",Jairaj Goswami,"H.No. 506, Dalal Nagar, Satara 865090",2024-12-22,1805319.01
29ZJPOZ3040E8ZO,ZJPOZ3040E,"Hari, Boase and Bir",Hamsini Thaker,"394, Yogi Road, Orai-125721",2015-01-21,29644712.07
09OSVCA8316Z9ZT,OSVCA8316Z,Sachdeva-Kar,Jairaj Viswanathan,"097, Roy Road, Ambala-406003",2021-02-04,858586.80
19WREBE8410O7Z7,WREBE8410O,"Sangha, Bhardwaj and Mukhopadhyay",Onveer Bera,"921, Rana Marg, Orai 052430",2023-01-03,3220799.76
33PMOPR8856S8ZT,PMOPR8856S,Gade-Kadakia,Yashasvi Bassi,"H.No. 88, Mistry Ganj, Ahmednagar-288827",2018-12-01,5465559.87
07LSOOZ5480W9ZC,LSOOZ5480W,Handa Inc,Yash Deep,"72/46, Hari Ganj, Jodhpur-550793",2022-05-25,7969919.63
33TKHZT9032W7ZI,TKHZT9032W,Mukhopadhyay Inc,Hemani Raval,"77, Bhardwaj Street, Kharagpur-998741",2016-11-30,10330841.07
07DXDAV0481F1ZD,DXDAV0481F,Sachdev Group,Vasana Puri,"H.No. 972, Tank Path, Jorhat-925797",2017-09-22,2709915.63
33IROKP6874T9Z1,IROKP6874T,"Brahmbhatt, Prasad and Dalal",Luke Bhasin,"19, Bora Street, Naihati 816813",2024-03-21,4543840.67
32RAAKH3997L8ZE,RAAKH3997L,Sem-Krishna,Pushti Banerjee,"14/88, Soni Chowk, Jamshedpur-448707",2026-02-10,17064078.15
27MYHNU2537R6ZC,MYHNU2537R,"Bali, Pathak and Deshmukh",Janani Sule,"H.No. 060, Gole Chowk, Ozhukarai 295446",2021-09-02,4757658.11
32OGDSM4218P1ZP,OGDSM4218P,Natarajan-Seth,Bachittar Bhatnagar,"85, Gaba, Firozabad 592386",2025-07-20,749404.41
33WAWBF7184R7ZH,WAWBF7184R,"Sastry, Ramakrishnan and Balasubramanian",Gauri Dugar,"H.No. 516, Som Street, Siliguri 591624",2018-09-16,34563636.85
32AEEII0619L5ZR,AEEII0619L,Arora-Warrior,Yashodhara Nair,"46, Mani Nagar, Tenali-976839",2025-07-08,19039661.82
36PCYCP5382I6ZF,PCYCP5382I,"Krishnamurthy, Bhatti and Lad",Rushil Agate,"H.No. 12, Gara Road, Dhule 548233",2022-03-31,8219213.10
33GFMOF6809Q9ZR,GFMOF6809Q,Kumar Inc,Hemal Banerjee,"05, Sehgal Ganj, Rohtak 787543",2015-04-06,6472121.63
07EBFXY1723M5Z0,EBFXY1723M,"Mannan, Barman and Baria",Nathaniel Palla,"89/66, Deo Marg, Silchar 543640",2016-12-22,14433328.92
19EMMMK2499I6ZU,EMMMK2499I,Johal-Nayak,Amaira Ravi,"49/08, Ghosh, Sangli-Miraj & Kupwad-685970",2015-01-21,27766532.41
32XTMNC7585K4Z4,XTMNC7585K,Thaman-Anne,Yochana Gill,"806, Datta Circle, Meerut-120241",2020-10-17,3158714.75
29HEABS6656C9Z1,HEABS6656C,Cherian-Bera,Triya Pandey,"H.No. 84, Bassi Ganj, Srinagar-586095",2017-01-29,1036034.12
29VIMOR6767Q5ZB,VIMOR6767Q,Grover-Srinivasan,Lipika Chandra,"13/62, Barad Street, Gulbarga 947825",2023-02-17,11557871.30
27LGPRG7850B5ZF,LGPRG7850B,"Banerjee, Arya and Mallick",Ekiya Halder,"12/085, Nigam Road, Madanapalle 557438",2016-06-15,1704545.05
09XLKWA9837E5Z3,XLKWA9837E,Mistry Group,Krisha Prasad,"61/45, Sane Path, Nangloi Jat 336221",2025-09-28,1620922.01
24IKZPL6710A9ZR,IKZPL6710A,"Patel, Karpe and Prasad",Madhav Swaminathan,"403, Suri Nagar, Phagwara-945233",2018-04-10,5391021.74
33KHSOO2186J4ZG,KHSOO2186J,"Shere, Pau and Balay",Matthew Madan,"12/67, Mane, Kozhikode 847561",2020-07-27,21629788.61
32JYKSY5334M4ZN,JYKSY5334M,Toor and Sons,Zinal Natarajan,"18/841, Nazareth, Tiruppur-988729",2021-06-07,9152804.83
33BFGOQ9935W2ZG,BFGOQ9935W,Buch-Bali,Vyanjana Mital,"82/760, Garde Street, Hosur-082445",2016-12-10,5744733.72
36YDESM4306B7ZK,YDESM4306B,Dasgupta-Sule,Manbir Naik,"34/34, Raju Zila, Pune 710650",2022-02-04,3242756.93
27DKTND0910H1ZD,DKTND0910H,Sarkar and Sons,Nilima Kibe,"501, Padmanabhan Ganj, Giridih 973015",2019-12-05,3055699.82
09UUTWL2016D2ZY,UUTWL2016D,Soni Group,Caleb Lalla,"H.No. 001, Kaul Nagar, Thane 282988",2017-07-05,10068289.71
33TPFTR2929Q5ZY,TPFTR2929Q,"Rao, Mahal and Sarna",Anusha Gandhi,"H.No. 386, Gulati Path, Vasai-Virar-547911",2023-02-15,12124518.73
36MSFMC8486I5Z7,MSFMC8486I,Luthra Inc,Zarna Zachariah,"H.No. 354, Rama Nagar, Agra-435111",2020-01-16,13457695.83
24BRXJS0802F4Z7,BRXJS0802F,"Nagi, Lad and Choudhry",Wridesh Sur,"18/87, Grewal Circle, Bulandshahr-429593",2022-06-27,590302.32
36LFLLH9252Y9ZG,LFLLH9252Y,"Khalsa, Deshpande and Kant",Lakshmi Sem,"74/642, Lata Street, Latur-827769",2021-07-21,1418205.24
19LGQNB4742U7ZQ,LGQNB4742U,Pandey PLC,Anjali Gara,"90, Sabharwal Path, Kulti 148041",2020-11-11,126849.90
24TLKNA8096M7ZH,TLKNA8096M,Shankar Inc,Chaman Tak,"16, Cherian Nagar, Nadiad-459231",2025-10-02,6617125.41
33FVZTP1886B1ZH,FVZTP1886B,Mutti Ltd,Peter Deo,"08, Hora Ganj, Amritsar-386097",2023-06-01,19543302.54
36CMVWT0762P4ZQ,CMVWT0762P,Magar-Agrawal,Aditya Tripathi,"29/012, Rajagopalan Road, New Delhi-819884",2021-01-24,12659374.92
33GNMWC3459C8ZR,GNMWC3459C,Chopra-Parekh,Inaya Nagy,"31/394, Bava Chowk, Rourkela-239358",2016-04-27,53856305.93
32PAWKZ8902F4ZN,PAWKZ8902F,"Soni, Sane and Dugar",Wridesh Salvi,"87/94, Biswas Street, Dhanbad 966113",2014-08-26,9670043.37
19NKRBC3455F4ZK,NKRBC3455F,Datta-Ghosh,Dhruv Balan,"H.No. 886, Sahni Road, Panvel 104670",2015-01-18,991279.42
32XRNFR6605L7Z0,XRNFR6605L,Magar-Rajagopal,Oni Virk,"48/922, Kashyap Chowk, Bhiwandi 142668",2017-12-20,1187178.89
36KLDTM9166Z2Z1,KLDTM9166Z,"Bal, Goel and Shan",Tanish Bhasin,"69/180, Sastry Nagar, Pallavaram-657851",2017-09-05,3587592.80
24IQLJZ5610I3Z5,IQLJZ5610I,Lall-Manne,Xavier Shetty,"H.No. 949, Sekhon Path, Vijayanagaram 542416",2018-04-11,17751922.87
09DQXMB8445G1ZL,DQXMB8445G,Pal-Gaba,Tejas Sem,"24/582, Aggarwal Nagar, Tenali 203817",2024-09-22,1688179.72
27DOPQG9025Y1Z5,DOPQG9025Y,Walla Inc,Turvi Grewal,"92/271, Tara Road, Serampore-704182",2019-08-31,2912782.17
24QDIHY5458Z7ZQ,QDIHY5458Z,"Raja, Bajaj and Ram",Madhavi Raju,"983, Pingle, Kozhikode-614022",2018-04-04,11768468.68
19TRUGR1805R3ZK,TRUGR1805R,Pant and Sons,Aarush Kothari,"H.No. 27, Mittal Ganj, Belgaum 492621",2021-10-18,568726.64
24HCWQR1979I6ZR,HCWQR1979I,"Mammen, Sundaram and Deo",Jalsa Mitter,"H.No. 44, Shan Street, Singrauli-390439",2021-07-05,7769650.08
24FRPIL4479K9ZH,FRPIL4479K,Manda-Chaudhary,Vaishnavi Bhatt,"855, Bir Zila, Mehsana 351232",2022-04-25,1465694.94
36PKISX6729J4ZJ,PKISX6729J,Anne PLC,Vasudha Majumdar,"H.No. 18, Patil Road, Malegaon 485143",2015-10-31,2306917.85
27WAGPM4551G4Z1,WAGPM4551G,Barad-Dutt,Bishakha Gandhi,"70, Jha Circle, Kozhikode-356301",2016-04-27,3104857.75
24HYRGF7704V3ZP,HYRGF7704V,Kurian Inc,Saksham Boase,"95/34, Mani Street, Katihar-217727",2024-08-29,8119211.25
07XQTBE3305M2ZD,XQTBE3305M,Prabhu-Suri,Ansh Kakar,"59/21, Golla, Sambhal 580021",2014-10-04,5124289.50
24EPTPO8329E3ZB,EPTPO8329E,"Nazareth, De and Pillay",Aadhya Saran,"861, Manda Nagar, Madurai 686672",2017-01-03,636611.97
32JEUOR8051M2ZY,JEUOR8051M,"Chahal, Roy and Saxena",Wahab Sarraf,"911, Rai Nagar, Aurangabad 824406",2022-01-30,3880418.30
07LYZSS0766S2ZM,LYZSS0766S,"Soman, Sachdev and Bath",Darika Chhabra,"34/677, Rai Nagar, Rohtak-519556",2016-02-10,14418073.65
29XXSQF3522F4ZS,XXSQF3522F,Singh-Dewan,Sanaya Khare,"24/07, Ray Road, Bilaspur-695799",2016-12-23,2621333.11
27LPMDU8680M6ZK,LPMDU8680M,Kadakia Inc,Finn Kohli,"27/590, Basu Chowk, Jalandhar 579245",2023-11-15,2291769.82
06TOBXT4980A3ZP,TOBXT4980A,"Wagle, Dar and Raju",Anamika Om,"85, Pau Path, Sasaram-771421",2025-02-12,2171252.98
19MBYTH2272Q3ZG,MBYTH2272Q,"Sahota, Som and Bath",Upadhriti Dey,"45/126, Chander Chowk, Karawal Nagar 250363",2024-08-05,10405096.97
06UAQNP7590U6ZR,UAQNP7590U,"Bir, Deshpande and Doctor",Ishaan Raja,"H.No. 286, Sangha Marg, New Delhi 743946",2020-03-16,7919938.76
36VEOPY8780B9ZZ,VEOPY8780B,Guha-Dhar,Peter Korpal,"H.No. 57, Thaman Chowk, Katihar-798473",2018-10-22,9605185.69
27EPSSI0538L8ZO,EPSSI0538L,Misra-Sur,Naveen Parekh,"30, Kannan Circle, Miryalaguda-963670",2023-12-17,1719332.31
07KGCWA8511U5ZT,KGCWA8511U,Puri and Sons,Chaaya Sem,"H.No. 72, Dhar Zila, North Dumdum-985582",2017-02-21,15741711.39
33ALJGR8193I4Z6,ALJGR8193I,Chand-Lanka,Nitara Mallick,"91/513, Dar Zila, Raebareli 342436",2019-05-08,20637272.24
36NOCOD5617S2ZS,NOCOD5617S,"Korpal, Rastogi and Kashyap",Samarth Sundaram,"H.No. 53, Subramanian Path, Medininagar-842223",2019-05-18,9646201.84
19MODVZ8931V1ZK,MODVZ8931V,Sachar-Dayal,Aayush Bhargava,"030, Bedi Zila, Shimla 404375",2017-08-03,15412140.62
32SJOMH6468C1ZT,SJOMH6468C,Nath-Kota,Fitan Garde,"21/029, Bala Circle, Raipur 100268",2020-10-07,15293242.02
19JTNUV7541S1Z6,JTNUV7541S,Garg-Kumer,Ekalinga Ghosh,"72, Bir Path, Morena 362722",2017-05-16,772298.33
09PVJHA6824V5ZK,PVJHA6824V,Deol Ltd,Tanish Dhawan,"343, Sinha Ganj, Jehanabad 764597",2018-06-07,486356.48
36NSCXJ2379K3ZG,NSCXJ2379K,Gill-Tella,Ekanta Jaggi,"H.No. 502, Subramanian Road, Ambala-590973",2025-08-20,1382221.90
07CEPTP7176N4ZK,CEPTP7176N,"Gopal, Atwal and Mangal",Harshil Garde,"H.No. 05, Srinivas Circle, Cuttack-759700",2022-11-01,2454540.38
24FIOEP6067E9ZR,FIOEP6067E,"Pandey, Kuruvilla and Jain",Bhanumati Taneja,"68, Modi Zila, Tirupati-136196",2025-09-07,5672410.18
06LWOJC3576O3ZF,LWOJC3576O,Nori-Pingle,Upasna Mahal,"23, Sampath Chowk, Bangalore 880620",2020-04-15,1065787.77
36POFVN2425E2Z3,POFVN2425E,Khurana Inc,Daniel Reddy,"52/267, Buch Zila, Coimbatore 218184",2020-07-08,878914.65
06UDZNU5516R9ZD,UDZNU5516R,"Char, Varkey and Ganesan",Xiti Chandra,"H.No. 74, Anand, Vasai-Virar 424440",2020-07-19,2303657.12
07JUPXM1118Z6Z5,JUPXM1118Z,Boase-Tandon,Nakul Desai,"252, Saha Zila, Bhilai 348004",2016-06-20,1779618.75
32KATBV3116K5ZE,KATBV3116K,Prasad Group,Ekani Chad,"03/25, Karpe Marg, Sangli-Miraj & Kupwad 657898",2019-12-30,11830122.46
36LPFDN6321Q7ZS,LPFDN6321Q,Chaudhari Inc,Tamanna Kade,"906, Bhavsar Zila, Phusro-958000",2023-07-26,17993473.56
27BHVNZ0412B7ZB,BHVNZ0412B,"Iyengar, Venkatesh and Kalla",Upasna Bhardwaj,"728, Sharaf Ganj, Bhimavaram-664060",2025-04-13,1821291.51
29FIHAI2939Z6ZE,FIHAI2939Z,Karpe LLC,Lucky Menon,"H.No. 36, Barman, Bhatpara-005162",2026-05-27,13008147.75
06AERUY8827B6Z8,AERUY8827B,Gaba Group,Ranbir Peri,"55, Kapoor Road, Rewa 885528",2018-11-11,5533273.07
09ZCYUW7550P1Z3,ZCYUW7550P,Rajagopalan-Sem,Wahab Jhaveri,"86, Sani Circle, Muzaffarpur-757698",2022-10-06,775125.46
36NYPXP2056B2ZT,NYPXP2056B,Hayre-Basak,Nimrat Narayan,"92, Oak Marg, Faridabad 806421",2018-05-11,2254318.90
06WOCSO2572R8ZK,WOCSO2572R,Sharma LLC,Triveni Kant,"81/912, Sengupta Street, Bahraich-568963",2021-04-02,1489462.55
24MDSEC2518D8ZF,MDSEC2518D,Hari-Choudhary,Wridesh Narasimhan,"H.No. 64, Venkataraman Chowk, Pune-664684",2020-04-04,19852156.31
27BVOCS1488O3ZR,BVOCS1488O,Golla-Bail,Champak Dani,"034, Deshpande Path, Bhimavaram 979699",2019-10-23,1312294.39
07BVWRW5225P7Z7,BVWRW5225P,Mistry-Taneja,Ojas Parsa,"109, Mody Marg, Pallavaram-705523",2015-01-28,12862980.26
24EXFTK4465K7Z0,EXFTK4465K,"Yogi, Kale and Chandra",Sanya Anne,"H.No. 702, Lad Circle, Aurangabad 193666",2021-09-28,3044865.77
07TEGQN8760X6ZM,TEGQN8760X,Prabhakar-Kamdar,Triveni Deo,"082, Patla Marg, Bareilly 514125",2021-05-29,4544914.38
24LTDZM2440R8ZK,LTDZM2440R,Master Group,Pooja Barad,"751, Yadav Street, North Dumdum 161646",2016-10-05,4576983.48
33MNTPM8399I1ZL,MNTPM8399I,"Bhandari, Bedi and Mohan",Chaitanya Mody,"H.No. 061, Tripathi Marg, Chandigarh 891250",2016-12-31,6557404.24
33VJFMY3454R3ZC,VJFMY3454R,Rao-Nayar,Gautam Rajagopal,"50/09, Chauhan Chowk, Bijapur 037680",2015-08-30,440461.31
06JYAYN0537F6ZY,JYAYN0537F,Master-Murty,Turvi Manne,"16, Hari Zila, Patiala-466237",2020-02-02,20741174.89
19LAXOQ8966Z5Z0,LAXOQ8966Z,Kulkarni-Prashad,Aachal Babu,"75, Kaur Marg, Srinagar-688374",2021-07-22,11413285.21
29ZFIMP7849B7ZC,ZFIMP7849B,"Dhaliwal, Sahota and Kata",Lopa Gala,"80/218, Rama Chowk, Sambhal-734000",2018-10-13,8087332.30
33UAMQS0398Q9Z7,UAMQS0398Q,Karan-Deol,Brijesh Dara,"39/79, Subramaniam Marg, Kolkata-521563",2016-04-29,6398475.32
32NDUZF0241J7ZM,NDUZF0241J,Vig Group,Vedant Tata,"38/898, Ratti Ganj, Machilipatnam-140306",2025-11-13,7166420.33
24BYLCV6586A2ZG,BYLCV6586A,Dada PLC,Janya De,"21/74, Chaudhry Nagar, Mysore-511888",2022-01-31,1226096.30
29EEXBT9525S6ZW,EEXBT9525S,Minhas PLC,Lekha Kohli,"80/463, Borra Ganj, Junagadh 757098",2016-05-12,746772.09
19GUCAX1208L6ZO,GUCAX1208L,Lal Ltd,Mahika Varma,"36/36, Kuruvilla Zila, Visakhapatnam-359787",2021-12-24,27633401.11
19DJNOU6514R7ZL,DJNOU6514R,Sane Ltd,Damyanti Ben,"H.No. 696, Raj Road, Danapur-416890",2014-08-22,2110725.30
06ZSLHL1278O3Z3,ZSLHL1278O,Patel-Datta,Nathaniel Khosla,"74/599, Ramaswamy Ganj, Shimla-415804",2022-02-06,19583920.40
36GWHTO9501U9ZL,GWHTO9501U,"Chaudhary, Dalal and Ranganathan",Amara Dixit,"16/61, Chowdhury Road, Thoothukudi 993530",2022-02-11,649728.38
29JJWVF5847L7ZW,JJWVF5847L,Swaminathan-Hari,Lajita Bahri,"58/95, Halder Path, Guntakal 163475",2020-08-18,17939633.32
06QIUCX9513U3ZX,QIUCX9513U,"Khare, Sama and Nayar",Dev Wali,"H.No. 437, Mani, Dewas-575975",2017-02-16,10324392.16
07TFJXQ2760F1ZY,TFJXQ2760F,"Sankar, Thakur and Soman",Kala Natt,"95/552, Nath Zila, Bhiwani 698861",2021-07-30,5331456.68
24MYXEK1849X2Z5,MYXEK1849X,Pillai-Ray,Darika Ratta,"H.No. 88, Karpe Ganj, Amravati 585171",2022-08-19,1363042.07
32HENSX9314G5ZQ,HENSX9314G,Roy-Virk,Shaurya Deshmukh,"H.No. 90, Loyal Road, Jamnagar-878249",2024-03-27,2405905.24
33NIBIB2100D3Z2,NIBIB2100D,Koshy Group,Aahana Baral,"H.No. 85, Balakrishnan Street, Jalandhar-696897",2022-07-14,9169520.68
27UOAIF3203U2ZM,UOAIF3203U,"Trivedi, Kalita and Chhabra",Yashica Ratti,"519, Lall Ganj, Lucknow 181326",2021-03-17,3783813.42
19ZEIZZ0999N5ZF,ZEIZZ0999N,"Ramanathan, Verma and Tara",Wishi Nadkarni,"430, Vora Zila, Aizawl 532326",2023-07-30,2908751.19
06SKJHV5111V7ZF,SKJHV5111V,"Kala, Handa and Murty",Lohit Vohra,"H.No. 61, Anand, Machilipatnam-184213",2022-03-31,10385728.56
33JNXTI4295W2Z8,JNXTI4295W,Narang LLC,Jagvi D’Alia,"H.No. 21, Rege Marg, Visakhapatnam-992388",2022-10-11,2822379.19
06CWPIM4224B7ZS,CWPIM4224B,"Loke, Bandi and Balasubramanian",Daksh Reddy,"979, More Path, Sambhal 958501",2015-09-08,11842141.79
09OIFBK6905N1ZJ,OIFBK6905N,Mody Inc,Vincent Vora,"03, Wable Marg, Gwalior-441759",2024-05-24,12120262.10
27SJPYM0716W7Z2,SJPYM0716W,"Kakar, Taneja and Gupta",Harrison Balakrishnan,"171, Mani Ganj, Kolkata-689477",2015-08-31,3433077.38
33GKWJF8288F1ZC,GKWJF8288F,"Sha, Nori and Mody",Girish Gulati,"54/559, Sem Road, Ongole 052772",2026-05-18,2708615.45
09GRNAZ9774X3ZZ,GRNAZ9774X,Anand-Vohra,Warinder Ghose,"89, Behl Road, Gwalior 359638",2026-06-14,36176939.06
27JMRWB3281Z6ZG,JMRWB3281Z,"Purohit, Biswas and Gill",Vedant Mukherjee,"773, Madan Chowk, Dehri-390787",2019-07-06,5323082.61
09KWHDG9479Y8ZW,KWHDG9479Y,Grewal-Pandit,Wyatt Brar,"550, Sidhu Road, Berhampore-085429",2020-12-17,9193577.67
29UPUNF0361B2ZG,UPUNF0361B,"Pal, Morar and Narasimhan",Siddharth Panchal,"H.No. 97, Mittal Path, Firozabad-441654",2016-04-17,363791.85
36DDHKE2310C7ZR,DDHKE2310C,"Murthy, Nanda and Srinivasan",Ira Desai,"76/880, Golla Road, Junagadh 853060",2025-09-10,185913.62
29INPAN4986B5Z7,INPAN4986B,Gour-More,Xavier Baral,"75/45, Bhatia Street, Bhiwandi 307334",2017-03-06,1181695.96
32HYZZV5111U1ZY,HYZZV5111U,Vora Group,Sara Trivedi,"H.No. 760, Handa Marg, Dhanbad-733495",2020-11-03,11231671.70
24GFVMS1800O6Z1,GFVMS1800O,Malhotra-Mishra,Eiravati Kumar,"H.No. 71, Murty Chowk, Bhiwani 724889",2015-08-18,982056.49
32ZWIJE3718Q6ZI,ZWIJE3718Q,Comar-Kadakia,Ekani Oza,"499, Varughese Marg, Imphal-395148",2026-04-18,9223734.15
19IEIDM7523V5ZS,IEIDM7523V,Ratta-Sami,Girindra Hayer,"41/23, Shenoy Nagar, Ahmedabad-646044",2018-08-15,932582.85
07AUAFM2203V4ZY,AUAFM2203V,Vig-Ghose,Aachal Pillay,"47/08, Dara Zila, Jamshedpur-280286",2024-05-01,2042315.87
09OVCIZ9745U3Z5,OVCIZ9745U,Walia-Nadig,Xiti Datta,"H.No. 441, Kalla Road, Agartala-107988",2017-08-01,12993283.51
09YQQBM6652S2ZN,YQQBM6652S,"Ramaswamy, Merchant and Sharma",Aryan Barad,"67/52, Narain Street, Tiruppur 460565",2022-08-20,11820851.44
33LHQTB8030D5ZS,LHQTB8030D,"Chahal, Tak and Bains",Harrison Goswami,"H.No. 33, Tripathi Path, Madhyamgram-670015",2023-05-16,9687512.06
36ZCZUT4728A5Z6,ZCZUT4728A,"Atwal, Brar and Raj",Diya Kaul,"H.No. 316, Chandran, Hubli–Dharwad-428628",2020-09-02,2492619.21
33TBIGS5498V4Z2,TBIGS5498V,Prakash-Borah,Tripti Oommen,"H.No. 39, Aggarwal, Vijayawada 179845",2025-10-18,1845982.03
36TDPOG5123F5ZU,TDPOG5123F,Borah Group,Laksh Uppal,"H.No. 67, Purohit Road, Madanapalle-403908",2025-10-05,821196.40
19CQUJL2234R1ZF,CQUJL2234R,Reddy LLC,Jagvi Trivedi,"H.No. 533, Ramachandran Nagar, Junagadh 347437",2021-09-03,4562017.03
07HPOAR3802C2ZC,HPOAR3802C,Brahmbhatt-Chaudhuri,Unnati Sachdeva,"68, Mody Marg, Madurai-148471",2021-03-07,5849439.13
27TEUMQ9534E8Z8,TEUMQ9534E,Ratta-Suri,Sathvik Murty,"H.No. 55, Chokshi Marg, New Delhi-063786",2019-03-05,13047616.52
24DUAGJ0859E5ZK,DUAGJ0859E,Kala-Gade,Keya Sarma,"60, Oak Nagar, Panchkula 578274",2026-03-18,4132373.69
24WKELN4654G2ZI,WKELN4654G,"Kalla, Chhabra and Parekh",Gavin Dhillon,"54/63, Mistry Ganj, Madanapalle 908919",2020-05-27,2357124.29
27WCUSS6785Z1Z7,WCUSS6785Z,Aggarwal LLC,Abha Munshi,"H.No. 736, Chatterjee Street, Ghaziabad-240720",2025-01-20,16329526.81
36RFJIA6760Z4ZE,RFJIA6760Z,Srivastava Inc,Hemal Chaudhary,"48, Nazareth Path, Asansol 600817",2015-02-16,881808.29
33IZUKK1955M4ZS,IZUKK1955M,Bhavsar-Bora,Joshua Master,"340, Sawhney Zila, Serampore 879613",2017-09-14,3664191.30
29VNRII2695P2Z1,VNRII2695P,Chander Ltd,Faraj Sachdeva,"963, Bhattacharyya Zila, Ulhasnagar 184245",2018-06-05,273289.48
36BPVVB6181L6Z8,BPVVB6181L,Dar-Patil,Frado Sastry,"H.No. 217, Srivastava Chowk, Ballia 101648",2018-10-31,428880.20
09RRTEI5707U5ZD,RRTEI5707U,"Boase, Ghose and Agarwal",Michael Saran,"H.No. 69, Kant Path, Amroha-803007",2016-03-31,27568296.48
19CXNUT7047E2ZG,CXNUT7047E,Narasimhan-Dhaliwal,Darpan Minhas,"96, Jain Circle, Surat-097589",2022-03-04,771057.76
27ZULAU3631S7ZM,ZULAU3631S,Chaudry-Taneja,Qarin Prabhu,"36, Andra Road, Mahbubnagar 482527",2025-08-01,2055146.19
36NQMHU0743T3Z9,NQMHU0743T,Trivedi and Sons,Timothy Kapur,"H.No. 88, Pall Nagar, Raipur 690716",2021-08-21,7711735.72
32LOOQU3817S5ZG,LOOQU3817S,Rastogi and Sons,Mohini Sastry,"H.No. 470, Savant Circle, Machilipatnam 964083",2015-07-09,2717717.02
24SHNHA8348T8ZE,SHNHA8348T,Doshi Inc,Forum Issac,"49/118, Bath Road, Tinsukia 079706",2020-04-14,1336119.45
29UQWZC4737L8Z4,UQWZC4737L,"Palan, Khosla and Mane",Yashodhara Brahmbhatt,"H.No. 31, Dey Street, Maheshtala-185311",2015-10-31,2835347.41
19WRYEO1416X2Z6,WRYEO1416X,Bajwa-Natt,Vaishnavi Chander,"26, Modi Ganj, Satna 722997",2021-07-09,22250699.06
33JHNUH6395G6ZM,JHNUH6395G,Dhar-Misra,Aarna Chanda,"H.No. 001, Venkataraman Street, Khandwa 898452",2022-05-13,2739216.40
07ZWIEF2376E1ZY,ZWIEF2376E,Radhakrishnan Ltd,Ekta Prabhu,"069, Gole Zila, Siliguri-630073",2018-12-16,26748074.73
29EPRNJ0437L1Z5,EPRNJ0437L,Parikh-Gaba,Chanakya Pandey,"H.No. 40, Halder Marg, Katihar-215807",2021-05-29,20334247.29
29CDAZU0268I5Z4,CDAZU0268I,"Arora, Patla and Dayal",Arya Ramakrishnan,"09/086, Sethi Chowk, Pondicherry-499000",2023-04-26,7608055.83
07ZCTGP2362P4ZZ,ZCTGP2362P,Dora-Parekh,Radha Varghese,"H.No. 54, Naik Marg, Baranagar-639953",2022-12-12,2190976.97
36EGIHH7497O3ZT,EGIHH7497O,Aurora and Sons,Janya Ben,"85/088, Master Marg, Guna-401388",2021-04-30,5956747.37
33ABVKA2477Q3ZV,ABVKA2477Q,Balay Inc,Hema Uppal,"H.No. 62, Koshy Ganj, Tumkur 827220",2020-12-23,14329755.50
32FPNIX0587P8ZM,FPNIX0587P,"Kamdar, Gour and Pandya",Edhitha Srivastava,"90/485, Gole Ganj, Madhyamgram 268372",2026-04-05,38704511.34
36QBRJZ7960N5ZJ,QBRJZ7960N,"Deo, Pathak and Palan",Viraj Khurana,"83/30, Sastry Chowk, Hapur-899325",2017-11-27,787982.57
24TMMKL9574L8ZS,TMMKL9574L,Thakur and Sons,Matthew Ramachandran,"80/804, Mane Chowk, Faridabad-162932",2019-08-29,310840.34
29WXEAG3010N7ZB,WXEAG3010N,Lalla-Talwar,Madhav Dhillon,"86, Gokhale Road, Singrauli 233708",2025-06-17,10583093.00
09RCQJQ9188Y9Z4,RCQJQ9188Y,Saxena-Dey,Yatan Morar,"514, Palla Ganj, Srinagar 400834",2016-08-24,14485261.80
06DXSKX4244I1Z4,DXSKX4244I,Dugal-Halder,Aadhya Sengupta,"80/335, Biswas Street, Ramgarh-314349",2020-01-13,22268372.24
06NPDWV5348B6ZT,NPDWV5348B,Aggarwal Group,Isha Mangal,"H.No. 67, Handa Marg, Pimpri-Chinchwad-765534",2026-02-20,379675.87
32QVAGE5635F9ZW,QVAGE5635F,Modi Ltd,Saumya Taneja,"107, Maharaj, Bhagalpur-133098",2021-07-24,8289337.58
32UUPHZ3906D6Z2,UUPHZ3906D,"Vohra, Anand and Sharaf",Gavin Mand,"H.No. 705, Tailor Ganj, Meerut-905343",2022-07-18,13938770.25
33QGVZB7086N8ZW,QGVZB7086N,"Sura, Mishra and Lall",Eshana Kothari,"986, Chaudry Street, Chittoor 637553",2015-05-27,9719654.56
07BDHJK2478N3Z2,BDHJK2478N,"Bajaj, Aurora and Mody",Bhavani Savant,"10/92, Kata Ganj, Ongole-108045",2022-10-30,2318003.82
24FEFMF3546N5Z4,FEFMF3546N,Issac-Bail,Kai Majumdar,"939, Ray Circle, Ramgarh-356735",2021-08-13,12438771.75
33OGHGM3786Y9ZG,OGHGM3786Y,"Vig, Mani and Mani",Fiyaz Padmanabhan,"50/189, Kothari Ganj, Kavali 239923",2018-07-29,4729997.58
24GZBVA6558P1ZL,GZBVA6558P,Chowdhury-Pall,Yasti Buch,"121, Sawhney Zila, Gangtok-616921",2023-02-22,363590.67
29ECHOI5732A3Z5,ECHOI5732A,"Gour, Vaidya and Suri",Sathvik Hayer,"92, Krish Ganj, Anand-282592",2019-03-10,802613.85
24QTUMZ3531G5ZI,QTUMZ3531G,Seth-Shenoy,Dhruv Palan,"H.No. 615, Saha Street, Aligarh 793941",2019-04-14,653178.03
32VLMMI6846F9Z7,VLMMI6846F,Gola-Patla,Wakeeta Batta,"H.No. 39, Bhagat Street, Jalna 587528",2025-11-13,22489756.16
29QOSCT7969T6ZU,QOSCT7969T,Mistry-More,Ati Comar,"23/670, Deshmukh, Jammu-801867",2015-07-16,3289590.17
29ATZVW6457H4ZL,ATZVW6457H,Pingle-Misra,Rudra Bava,"H.No. 65, Arora Chowk, Khandwa 466088",2021-07-08,3737022.78
27AAUOA7028I4Z6,AAUOA7028I,Mohanty PLC,Nathaniel Mall,"829, Butala Road, Bhiwani-916338",2016-04-01,61058713.67
24WLSGV2872A6ZA,WLSGV2872A,"Deo, Bava and Nanda",Harsh Setty,"35/71, Kapur Path, Jalgaon 319584",2026-06-10,14839019.91
06LDIZD2534M6ZA,LDIZD2534M,Nayar Group,Champak Vohra,"48/295, Mangal Zila, New Delhi-341858",2026-05-30,51758317.89
36DNCNJ6004M1ZY,DNCNJ6004M,Sama Group,Eta Golla,"38/470, Pau Circle, Silchar 218674",2017-04-23,8741896.43
07ARXVS1250K1ZO,ARXVS1250K,"Sunder, Sathe and Sangha",Yahvi Rattan,"34/614, Barman Road, Raipur-420899",2021-05-19,368054.10
32TJJBA3768W6ZI,TJJBA3768W,"Sarma, Desai and Chadha",Dhruv Sahota,"17/418, Tripathi Circle, Karimnagar 615175",2025-02-19,24810887.94
06EPCNC3231W7ZC,EPCNC3231W,Agrawal PLC,Eiravati Ganesh,"17/05, Anand Path, Patiala 576782",2020-11-12,352363.81
09JNWOL6893F4ZX,JNWOL6893F,"Khurana, Bhalla and Chakraborty",Nicholas Menon,"82/78, Deo Nagar, Bangalore 808529",2024-04-30,23792051.17
19HZCMF8758A7ZO,HZCMF8758A,"Walia, Mitter and Pillai",Harshil Sampath,"86, Setty Nagar, Gaya 208636",2026-05-12,8949886.48
06HUEZD0916A5ZO,HUEZD0916A,Bawa-Kamdar,Ijaya Kuruvilla,"32/20, Gole Circle, Warangal-834519",2022-07-18,2146647.04
32YEZQN5377H9ZW,YEZQN5377H,"Dhar, Saha and Mane",Aryan Halder,"196, Ahuja Nagar, Ramgarh-558914",2018-12-17,21073460.97
09CJXAH0631R3Z4,CJXAH0631R,Shankar-Sarna,Kabir Gaba,"41, Gera Street, Chennai-805531",2023-09-10,11957184.18
24LXLDC8883Y4ZO,LXLDC8883Y,Dayal-Dugar,Geetika Sastry,"H.No. 330, Bakshi Road, Jaunpur-691518",2014-08-29,2904804.62
29GCINY8075O5ZW,GCINY8075O,"Mahajan, Johal and Bhasin",Wridesh More,"18/426, Bakshi Street, Sagar 285678",2025-08-31,3475965.82
19MTHWN3614A8ZF,MTHWN3614A,"Bose, Bhatia and Chand",Bhavini Murthy,"80, Chander Circle, Rajahmundry 492629",2024-10-03,1352263.75
24YFVJT0833B3ZJ,YFVJT0833B,"Chandran, Savant and Mander",Eiravati Sunder,"67, Hayre Road, Machilipatnam 757824",2017-09-05,2642991.97
19VLESR2232N4ZG,VLESR2232N,"Behl, Dasgupta and Rastogi",Chaman Srinivas,"56/52, Pingle Road, Hindupur-985607",2014-11-01,1043174.38
32IWWXC5804U3ZH,IWWXC5804U,"Mohan, Ramesh and Bains",Sanya Sama,"73/950, Edwin Ganj, Ramgarh-920111",2025-04-22,3858839.55
33DNNCJ1259C1ZN,DNNCJ1259C,Trivedi Group,Unni Yadav,"603, Chana Nagar, Tadipatri 067892",2018-04-21,15721531.78
33WDOQK8955G5ZO,WDOQK8955G,"Sharma, Dash and Gandhi",Udarsh Bail,"75/07, Chopra Zila, Karnal 660272",2018-06-29,1030255.84
06KBZCR3504Y5ZI,KBZCR3504Y,Kaul and Sons,Krishna Murty,"35, Kaur Circle, Dhanbad-448176",2017-05-12,13670274.34
27NQPGL5129K6ZB,NQPGL5129K,Bansal Group,Kabir Gera,"94/692, Mann Road, Avadi 951849",2015-07-21,19195473.42
06RUQMD4562S5ZI,RUQMD4562S,Lala-Munshi,Tanmayi Ahluwalia,"775, Kanda Chowk, Vasai-Virar 889900",2021-09-09,14272793.58
19LQLDP1768Z5ZQ,LQLDP1768Z,"Kar, Bhakta and Nair",Triya Halder,"H.No. 630, Divan Circle, Bhopal-288336",2022-10-20,2557572.14
19YOXQY2490H6ZC,YOXQY2490H,Bhardwaj-Naik,David Lata,"H.No. 66, Raman Circle, Tiruvottiyur-281483",2022-04-12,8901176.12
09MXUTU6897Y7ZJ,MXUTU6897Y,"Kuruvilla, Talwar and Sahota",Forum Kota,"H.No. 798, Hora Nagar, Gulbarga-750941",2022-09-21,28051108.35
24HIQTW1080X9ZQ,HIQTW1080X,Bedi Ltd,Yauvani Bose,"H.No. 54, Wagle Circle, Dehri 892739",2026-05-02,15580992.62
33EFJZG0185J3Z8,EFJZG0185J,Buch-Anand,Amruta Dar,"H.No. 21, Wable Chowk, Gandhidham-781480",2025-12-21,121430.08
33EQTFY9246D2ZP,EQTFY9246D,Devi-Rege,Ayush Sen,"23/248, Narain Zila, Mirzapur-402258",2024-01-03,3587295.80
07JGLTX1764E9ZC,JGLTX1764E,Wagle and Sons,Bishakha Minhas,"65/223, Dube Nagar, Nagaon 172857",2025-06-20,38317858.44
19GQRVR4090T4Z3,GQRVR4090T,"Chaudhuri, Warrior and Bahri",Raagini Thaman,"86/37, Murthy Ganj, Agra 304673",2024-07-10,4658325.16
29SOMGX9585B4Z1,SOMGX9585B,Chauhan Ltd,Laksh Pathak,"84/51, Barman Zila, Durg 711972",2025-03-26,18690893.69
06MSQLC0441O4ZD,MSQLC0441O,Manne-Butala,Yasti Brahmbhatt,"12/566, Solanki Marg, Ghaziabad 948306",2021-01-22,1075866.91
32FDPUC3482Y5ZW,FDPUC3482Y,Khanna-Wason,Aashi More,"12, Walla Street, Anantapuram-218369",2022-11-22,2393800.94
32XKYTZ1931X5ZK,XKYTZ1931X,Sarma-Chatterjee,Parth Sahota,"H.No. 43, Khatri Street, Nagpur-166135",2020-12-21,27667730.29
32EOXOY2608M1ZB,EOXOY2608M,Nigam-Manda,Triveni Patla,"650, Sani Marg, Kulti 411538",2022-07-05,23264592.56
06BCMHK9638S4ZB,BCMHK9638S,Purohit-Barman,Warjas Kari,"45/798, Ramaswamy Ganj, Bhagalpur 397769",2018-07-18,3827731.96
06OPGPI0803S3ZS,OPGPI0803S,Peri-Palla,Prisha Varty,"73, Ravi Path, Hospet 197152",2025-07-29,2540142.41
29KXAIO5781A6ZG,KXAIO5781A,"Srinivas, Nagarajan and Bhargava",Viraj Ravel,"H.No. 093, Butala Circle, Narasaraopet-056248",2016-06-16,342153.58
27ZCKTO5444T7ZH,ZCKTO5444T,Atwal and Sons,Devansh Manne,"91/75, Sankar Nagar, Bhiwandi 144970",2016-09-29,1925778.95
36WKZLE4817U3Z1,WKZLE4817U,"Choudhary, Mannan and Bhakta",Janani Nair,"80, Prabhakar Nagar, Bhatpara 110267",2020-06-09,36291493.89
33EQLHB6062X1ZL,EQLHB6062X,Dhar-Morar,Saanvi Bhandari,"91/817, Sathe Ganj, Gwalior 841633",2017-12-31,10858153.19
09LZEBK1230P7Z4,LZEBK1230P,"Shanker, Lad and Patla",Yagnesh Chana,"24/198, Patil Street, Agra-508508",2022-07-25,18211392.61
36ECOVM0632B6ZD,ECOVM0632B,Salvi and Sons,Warinder Barad,"75, Sethi, Ranchi-222835",2025-05-16,38847250.68
36VIRRB5571P8ZW,VIRRB5571P,Dhillon-Wason,Mohammed Sabharwal,"118, Pillai Nagar, Burhanpur-115488",2021-02-10,578473.68
09DSGWM5856J8ZQ,DSGWM5856J,Baral and Sons,Oscar Sidhu,"95, Hari Road, Vijayawada-499263",2017-10-16,11865198.26
29QPMND1837Q4Z4,QPMND1837Q,Srinivas Ltd,Upma Thaman,"H.No. 859, Chahal Street, Muzaffarnagar 169098",2022-12-19,436906.14
07NBJJK8234L9ZU,NBJJK8234L,Ravi-Sahota,Sanya Vyas,"93/473, Bhakta, Mysore-957071",2018-06-03,12608404.41
29PUFRV0286P9ZW,PUFRV0286P,"Behl, Patla and Ramanathan",Anvi Bala,"71/210, Viswanathan Street, Jalna 679246",2019-03-06,2188281.07
33GLIBD0798R1ZT,GLIBD0798R,Batra-Chhabra,Zinal Zacharia,"664, Nayak Ganj, Motihari 704190",2014-11-24,9356103.59
24MPLEE5634W6ZN,MPLEE5634W,"Sharma, Dugal and Nazareth",Aarav Tripathi,"655, Goel Nagar, Kadapa-793170",2020-08-23,18475529.84
06UZMKI3358L1ZQ,UZMKI3358L,"Sama, Kunda and Prashad",Amrita Dubey,"H.No. 19, Dua Circle, Bellary-278450",2016-07-05,22198349.91
07EYYKZ3331H2Z6,EYYKZ3331H,Dhar and Sons,Yoshita Sridhar,"24, Basu Nagar, Khora  877716",2025-11-14,1493638.28
33LCHOK5905H2Z5,LCHOK5905H,"Dube, Choudhary and Mannan",Turvi Chauhan,"08/436, Biswas Nagar, Tiruvottiyur-512334",2025-02-08,6526353.48
24ILBVC7592Q8ZJ,ILBVC7592Q,Mitra-Shenoy,Oliver Bava,"11/364, Nadkarni Circle, Thanjavur-825599",2017-04-05,7064218.80
07BWHTY0829N6ZP,BWHTY0829N,Oak PLC,Sara Swaminathan,"078, Bava Marg, Varanasi-246163",2021-02-10,17137952.62
06NAVHI7437N7ZE,NAVHI7437N,Patel-Bhandari,Lohit Bath,"98, Chakrabarti Road, Panchkula-355684",2019-01-29,12288654.73
09CIXDJ8471L8ZX,CIXDJ8471L,Soman-Borah,Hitesh Dhar,"20/68, Sant Road, Berhampore-033716",2018-06-26,898122.70
24QQGIX5561D4Z3,QQGIX5561D,More Ltd,Xavier Konda,"31/81, Pandey Ganj, Sirsa-023071",2022-06-11,17044963.97
06RCMOB8266A5ZS,RCMOB8266A,Sha Ltd,Dayamai Walia,"75/89, Mittal Marg, Gandhidham-347127",2025-12-26,14508037.41
09OIXYX3156W6ZS,OIXYX3156W,Oza-Luthra,Jasmit Krishna,"18/969, Rastogi, Ozhukarai-410131",2023-07-09,7333658.00
29BTMTB8919G8ZK,BTMTB8919G,Oza Inc,Manthan Natt,"09, Basu Ganj, Shivpuri 377507",2021-11-25,4230248.11
27NYFJA7202W4Z6,NYFJA7202W,Menon Ltd,Qadim Padmanabhan,"H.No. 49, Chatterjee Street, Baranagar 700690",2022-09-14,3212393.46
27EXEMU0081P8Z4,EXEMU0081P,Subramaniam-Khurana,Chaman Bhargava,"H.No. 215, Dara Marg, Anand 081567",2018-12-21,13355954.64
27WDXOE5948P9Z4,WDXOE5948P,"Nadig, Kala and Vora",Vidhi Solanki,"42/849, Kar Circle, Yamunanagar-200647",2015-06-07,986038.69
36RJLHS6311E3ZX,RJLHS6311E,"Loke, Sinha and Sinha",Odika Dasgupta,"37, Ratta Chowk, Madanapalle-910624",2015-03-09,22793387.31
36XYVUI9897A3ZU,XYVUI9897A,"Comar, Tara and Reddy",Fitan Balan,"H.No. 879, Srinivasan Street, Barasat 298200",2024-03-09,457886.66
19SWXCF0852S7Z7,SWXCF0852S,Tailor Group,Gavin Hayer,"34, Venkatesh Road, Aizawl-273349",2020-04-10,15196692.51
19QAGAA7495E8ZB,QAGAA7495E,Subramanian-Sabharwal,Jairaj Gara,"704, Chaudhry Zila, Malda 447198",2022-07-03,1052249.27
27ATPYL8961P3ZN,ATPYL8961P,Halder-Pillai,Christopher Mall,"54/078, Pandit Zila, Jalgaon 159470",2025-09-03,6172546.44
33SQATA4825Z5ZW,SQATA4825Z,"Vaidya, Andra and Memon",Raksha Bhardwaj,"73/94, Sunder Chowk, Solapur-241502",2019-07-27,1808397.71
24RBULX0106T3Z3,RBULX0106T,"Khatri, Sarma and Bhagat",Fiyaz Salvi,"62/59, Nath Ganj, Pali-519235",2025-10-29,10125206.41
07OAQOF6796J4Z9,OAQOF6796J,Mani-Sangha,Anthony Bhattacharyya,"90/94, Mohanty Road, Sambhal 509276",2019-01-26,52763781.86
07CWRIW0584Y7ZT,CWRIW0584Y,Gola PLC,Atharv Pant,"H.No. 857, Bail Chowk, Vellore-927342",2025-07-31,22471936.82
27YUKKG1223G2ZD,YUKKG1223G,Chad-Gandhi,Zayan Khalsa,"915, Kale Street, Sultan Pur Majra 313749",2019-06-01,13841747.30
19KVONY2634I3ZU,KVONY2634I,"Grewal, Tara and Wadhwa",Turvi Nadkarni,"51/412, Prakash Road, Motihari-776538",2019-10-18,1358137.67
32TFYAB0128V9ZY,TFYAB0128V,"Talwar, Majumdar and Maharaj",Isaac Dora,"60/28, Virk Road, Bhavnagar-813018",2020-05-17,3817844.26
24KZLYF1306S4ZF,KZLYF1306S,Kale-Sahni,Vritti Thaker,"86/476, Pradhan, Davanagere-896124",2026-03-18,30041807.03
07LNDLJ0637R8ZW,LNDLJ0637R,Sarkar PLC,Jasmit Puri,"681, Bawa Nagar, Srinagar-262649",2024-05-03,4671146.01
19MEYTN0908N5ZK,MEYTN0908N,Setty LLC,Anusha Ravi,"H.No. 550, Madan Zila, Panvel 032869",2020-01-26,3846532.48
36ELSGN8654K7ZI,ELSGN8654K,Mallick PLC,Harish Uppal,"872, Warrior Marg, Mysore-960973",2021-07-07,5402330.20
07EAFRS2850M9ZL,EAFRS2850M,Bansal-Kar,Alka Ray,"64/07, Mukhopadhyay Path, Khora  582390",2025-06-19,734387.18
09GQRDS8801S5ZL,GQRDS8801S,"Natarajan, Raja and Rajagopal",Balveer Ravi,"73/71, Shankar Road, Agartala-062816",2018-12-15,817797.06
06WQEOX2203S9ZK,WQEOX2203S,"Johal, Luthra and Saran",Aashi Desai,"H.No. 845, Mukherjee Street, Bhind-789663",2021-03-07,5887745.13
32KVGFK9772N3ZY,KVGFK9772N,Rai-Oza,Kai More,"92/826, Sunder, Adoni 165695",2015-01-12,11310918.01
09UAOYX7557Q4ZE,UAOYX7557Q,Lala-Buch,Damini Magar,"09/454, Acharya Marg, Tezpur-919952",2022-06-29,37537425.89
29RBQBJ7440P5ZC,RBQBJ7440P,Dash-Sahni,Naveen Walla,"09, Sankaran Marg, Vellore 881288",2025-11-26,1238243.26
06MRNJF5697F1ZC,MRNJF5697F,"Wagle, Sandhu and Rao",Oviya Kakar,"556, Rout Zila, Yamunanagar 331953",2015-11-29,3023421.60
36JYIWY1351I1ZC,JYIWY1351I,Shukla LLC,Dipta Nazareth,"40/47, Kala Marg, Varanasi 961352",2015-04-02,436095.89
36EGXNI7648A7ZX,EGXNI7648A,Balakrishnan-Barad,Jack Dewan,"H.No. 416, Agate Marg, Rohtak-896207",2021-08-13,1732337.83
06OXZBL4645M7ZJ,OXZBL4645M,Khosla Group,Arunima Yohannan,"93/27, Batta Marg, Bareilly 091569",2022-12-29,17177879.43
36WXHRO7763C4ZH,WXHRO7763C,Ganesan Group,Hemal Badal,"23/79, Madan Nagar, Narasaraopet-271873",2015-08-09,2226016.95
19QAOLQ9981I4Z3,QAOLQ9981I,Nayar-Pall,Wishi Peri,"H.No. 319, Dube, Barasat 129626",2021-04-13,10958110.66
19ZQLTB5343U4Z1,ZQLTB5343U,"Hegde, Vasa and Goyal",Amaira Bava,"05/31, Golla Path, Anantapuram-438234",2016-05-17,4293822.81
07DVBPW1637L5Z1,DVBPW1637L,"Sachar, Mangal and Prabhakar",Hiral Parsa,"055, Yogi Marg, Aurangabad 884396",2016-03-27,1422311.14
19TFGHU7741B8ZG,TFGHU7741B,Setty LLC,Wridesh Dewan,"H.No. 32, Tripathi Ganj, Visakhapatnam 983132",2015-10-05,15673243.93
33IHRLY2939X6ZD,IHRLY2939X,Sastry-Chadha,Gauri Lanka,"03, Datta Ganj, Dhanbad 949379",2020-08-01,19815264.92
32VJUJC1516U4ZY,VJUJC1516U,Patla-Nagi,Faris Mohan,"H.No. 199, Mutti Chowk, Dehradun 608674",2024-10-11,2824055.48
29FGSZT2341L4ZU,FGSZT2341L,"Cherian, Chander and Rao",Rayaan Balakrishnan,"91/886, Agarwal Nagar, Faridabad-398874",2015-04-25,18428020.16
32NTXFC2871G3ZV,NTXFC2871G,"Natarajan, Narayan and Ravel",Divya Kapur,"H.No. 901, Menon Path, Erode-676948",2015-07-25,12271200.09
27MXVER2592P6ZL,MXVER2592P,Bahl-Varma,Quincy Jhaveri,"85/998, Banik Marg, Nandyal-619126",2017-08-10,15138370.61
07YNOTG9414F6ZV,YNOTG9414F,Thaker-Sheth,Chanakya Prakash,"15, Tank Road, Bijapur 718439",2022-01-15,7313893.87
36SKJGK8752V2ZP,SKJGK8752V,Parekh LLC,Yutika Dhingra,"11, Brar Chowk, Davanagere-460017",2021-04-16,11786029.44
19OBTEF3380C5ZG,OBTEF3380C,Mital Ltd,Kashvi Rau,"42, Date Path, Shahjahanpur 395260",2015-08-24,10588592.70
09KINXL7056Z3ZZ,KINXL7056Z,"Sood, Sarraf and Apte",Balvan Dara,"38, Randhawa Path, Proddatur-618083",2020-06-17,4974313.95
32IYHEE8294C2ZF,IYHEE8294C,"Sankaran, Bandi and Dua",Nandini Shroff,"16, Bumb Zila, Agra 077488",2020-04-16,11532037.01
29XDOCZ0835Z2ZJ,XDOCZ0835Z,Mohan-Bobal,Gavin Mishra,"90, Krishnamurthy Nagar, Bahraich-979282",2020-12-23,399841.80
24KOGBQ6248F4ZI,KOGBQ6248F,"Shan, Sunder and Pradhan",Umang Lalla,"783, Sekhon Road, Rewa-302728",2018-09-08,370405.72
07LRZYY2678G4ZZ,LRZYY2678G,"Zacharia, Narayan and Walia",Niharika Sastry,"88, Deshmukh Street, Rampur 431638",2023-02-14,12788537.57
24QWLPM7218M9ZS,QWLPM7218M,Gour Group,Zayan Srivastava,"H.No. 31, Lad Ganj, Ajmer-156155",2021-12-11,3778637.19
07YIZMD4409I9ZA,YIZMD4409I,Tiwari LLC,Advay Tripathi,"29, Zacharia Path, Ambarnath-656532",2025-06-12,3156876.89
27CNDBZ1741R6ZQ,CNDBZ1741R,Sathe-Narasimhan,Maya Kamdar,"H.No. 33, Sodhi Ganj, Proddatur-612430",2022-12-23,2183921.79
24MKFLB8170K4ZY,MKFLB8170K,Nagarajan-Hari,Sathvik Narang,"H.No. 50, Batra Chowk, Morbi-674358",2018-09-03,322859.08
07FTHBZ1524L3ZW,FTHBZ1524L,Krishnan PLC,Isha Sandal,"39/69, Bala Street, Kadapa-748861",2019-03-03,3715706.14
24URTJL4991N1ZZ,URTJL4991N,Chanda-Saxena,Neha Kaul,"H.No. 345, Mahajan Circle, Alappuzha 455935",2020-12-20,4393553.69
19AWRZY6366B5ZV,AWRZY6366B,"Seshadri, Bala and Borra",Vinaya Rege,"52/92, Kala Ganj, Erode 860658",2014-10-24,16109143.31
24ARFQN2083I5Z9,ARFQN2083I,Bhandari Ltd,Bina Mani,"H.No. 616, Bhasin Path, Faridabad 078389",2017-12-11,17433204.10
24DTMAT0592K8ZH,DTMAT0592K,Murthy and Sons,Thomas Gopal,"H.No. 69, Ramanathan Road, Kottayam-519060",2019-02-21,3670612.99
24VICEF2038B3Z7,VICEF2038B,"Mukhopadhyay, Magar and Singhal",Charvi Parekh,"17, Gokhale Street, North Dumdum-880862",2015-10-30,6486915.87
09NBHGA4027M5Z5,NBHGA4027M,Parsa Ltd,Balveer Dara,"39, Purohit Ganj, Kakinada 700493",2023-12-20,4922700.76
29DAWUC8426F9Z7,DAWUC8426F,"Mahal, Deshpande and Arora",Shravya Ravi,"H.No. 09, Sehgal Chowk, Tiruchirappalli 542144",2025-07-18,324682.98
33CWHXJ5537Y1Z9,CWHXJ5537Y,Deshpande-Oommen,Qarin Dash,"H.No. 905, Muni Nagar, Bikaner-448548",2019-01-06,4405539.34
33TUDOJ2570F2ZG,TUDOJ2570F,"Arora, Gupta and Randhawa",Prisha Khare,"39, Sabharwal Road, Bidhannagar-445549",2020-10-04,18401343.55
32EISZB1964Z7ZY,EISZB1964Z,"Chakrabarti, Balan and Gandhi",Laban Nigam,"33/05, Mannan Ganj, Panihati-122811",2021-10-27,1539103.82
19KWMKE4885V7ZZ,KWMKE4885V,Rao PLC,Vrishti Wali,"18/65, Buch, Ahmednagar 417677",2025-04-22,8305834.79
32ONNAU7395B3Z1,ONNAU7395B,Trivedi-Gupta,Fariq Khare,"81/636, Dugal Chowk, Chennai 793515",2014-10-09,1794476.72
32OZRIK3603Z4Z2,OZRIK3603Z,"Thaker, Varty and Jayaraman",Ojas Reddy,"540, Purohit Road, Bellary 615012",2016-07-14,4004866.88
19XOUDS2630L1ZS,XOUDS2630L,Shenoy Ltd,Yatan Kata,"H.No. 20, Pandya Road, Kirari Suleman Nagar 498168",2015-10-07,1082105.41
06EOFCH2182W4ZE,EOFCH2182W,Mutti and Sons,Ganga Ravi,"H.No. 992, Dora Road, Chennai-524636",2014-09-07,1963885.81
24JQCPN0074Y3ZG,JQCPN0074Y,"Sachdeva, Bhatt and Sundaram",Wyatt Mammen,"00, Trivedi Nagar, Rajahmundry-801086",2025-08-04,5155311.28
19STMJU1951R2ZG,STMJU1951R,Rajan PLC,Hamsini Sani,"02/585, Kale, Jaunpur 168129",2014-11-08,22431614.65
07XOOWL7361E4Z2,XOOWL7361E,"Nagi, Hora and Borah",Laksh Dash,"H.No. 93, Verma Circle, Madanapalle-436305",2015-09-21,5209263.36
19BVREK0128R4Z3,BVREK0128R,Dyal-Varma,Sai Lata,"25, Aggarwal Road, Shivpuri 697735",2022-06-17,13521681.60
09NQXMH5912V4ZJ,NQXMH5912V,"Lala, Kothari and Bansal",Bachittar Balakrishnan,"H.No. 36, Lall Street, Pune-418965",2015-09-25,1774884.24
06HFYNZ1798A6ZG,HFYNZ1798A,"Vaidya, Das and Murthy",Hamsini Reddy,"12/205, Kata Chowk, Rajkot-302792",2022-11-16,2395526.49
09WJQCB1454R3ZL,WJQCB1454R,Gade and Sons,Wahab Varty,"H.No. 980, Sankaran Ganj, Hosur-726253",2024-10-15,9113538.76
06URZYF5217Q9Z4,URZYF5217Q,Nayak-Master,Chakradhar Kala,"60/31, Shankar Street, Faridabad-088964",2020-02-10,59995265.00
24UAROH8623F6ZK,UAROH8623F,Bansal Group,Sara Nori,"15, Subramaniam Nagar, Bilaspur-295875",2015-06-17,24484688.80
07UUIJV4066X3ZC,UUIJV4066X,Ratti-Subramaniam,Garima Bahl,"65, Gupta, Coimbatore-062509",2021-04-02,14096640.77
07EXQKX7818A9ZG,EXQKX7818A,Bora-Ray,Kalpit Baria,"32, Bava Marg, Ghaziabad-395531",2019-07-01,1467253.17
06PWGXK2063Z4ZO,PWGXK2063Z,"Patla, Narula and Agate",Barkha Balan,"H.No. 843, Gara Ganj, Tenali-127848",2025-01-02,4153333.94
36QTTFR8451D9ZG,QTTFR8451D,Mahajan Group,Vasana Bansal,"16/811, Narain Street, Bhilai 854602",2019-01-09,645597.64
27RVXXY4179W3Z4,RVXXY4179W,Karan and Sons,Osha Parikh,"13, Das Nagar, Bhiwandi-770310",2024-04-11,644185.70
36BBWUT4830N5ZH,BBWUT4830N,Sachar Group,Rishi Mangat,"H.No. 468, Pandit Zila, Bhubaneswar-271423",2015-07-24,7599776.21
36RJJAV2183Y3Z6,RJJAV2183Y,Sarma and Sons,Zaid Dhar,"H.No. 843, Krish Ganj, Kochi-538495",2018-05-05,5745550.91
19IHFRH3001N5ZV,IHFRH3001N,Char and Sons,Indira Sandhu,"13, Goel Ganj, Phusro 216777",2022-08-23,2333152.98
36EMZLB6643F7ZW,EMZLB6643F,Ravi-Dhar,Rajata Tailor,"59/229, Koshy Nagar, Bally 382110",2024-06-10,1774752.41
27UHAWX1457S4ZD,UHAWX1457S,Kari and Sons,Idika Mishra,"39, Anne Chowk, Giridih 082968",2020-09-26,19750874.35
19LYLCS9688L8ZP,LYLCS9688L,Memon Ltd,Andrew Kanda,"H.No. 390, Comar Marg, Bidar 971848",2019-10-22,1168706.76
32WEZRU7504H4Z2,WEZRU7504H,"Bhat, Naidu and Nagarajan",Lakshit Tandon,"90/273, Sheth Road, Warangal-256404",2019-09-14,806965.30
32ALNUF4800G2ZH,ALNUF4800G,Raghavan-Mistry,Aryan Bhalla,"H.No. 43, Dua Chowk, Muzaffarpur-214026",2026-01-20,6949074.74
24CIITW7014B7Z5,CIITW7014B,Krish Ltd,Yuvraj Trivedi,"H.No. 285, Sekhon Zila, Kochi-817012",2014-12-14,1220041.51
06EACCB2675E2Z1,EACCB2675E,"Mital, Sagar and Gala",David Ramakrishnan,"404, Mammen Chowk, Madurai 731225",2022-08-10,4297116.84
06FRUJV1633Q4ZN,FRUJV1633Q,"Guha, Kalita and Mistry",Manan Sahni,"029, Bansal Marg, Sambhal-930956",2022-03-27,1780972.57
29RELOB5508Y7ZQ,RELOB5508Y,Som and Sons,Sudiksha Wadhwa,"H.No. 04, Oak Circle, Ambarnath-971135",2019-02-17,51253332.90
29LTOXH0322F9ZZ,LTOXH0322F,"Kurian, Ramachandran and Goel",Gopal Patla,"H.No. 781, Prakash Road, Pali 039989",2021-07-08,3485246.72
07DDQAL6601Z1ZZ,DDQAL6601Z,"Rege, Jain and Dar",Tamanna Bhat,"78/704, Bhakta Ganj, Thrissur 873466",2021-08-04,68340.82
33TKUIG7182I3ZP,TKUIG7182I,Uppal-Agarwal,Hemani Dhaliwal,"86, Dar Road, Coimbatore-057347",2015-12-03,34439191.12
32GDZQX5921E9Z3,GDZQX5921E,"Gour, Thakkar and Bhandari",Ojasvi Brahmbhatt,"443, Badami Nagar, Kottayam 937429",2024-04-26,2443648.80
06YFMVT3473T1ZM,YFMVT3473T,"Bala, Date and Contractor",Arunima Bhavsar,"97/25, Date Marg, Chennai 744936",2025-07-06,27108719.85
36WACDX7121A6Z4,WACDX7121A,"Parekh, Guha and Mahajan",Leela Jani,"H.No. 357, Kaur Ganj, Katihar 726891",2018-02-03,2199160.33
06UMMBZ1398Q4Z5,UMMBZ1398Q,Patel-Barad,Wahab Rao,"37/218, Kari, Patna-539781",2015-05-13,5494710.08
09RXFOA4190U4Z0,RXFOA4190U,Ram and Sons,Lakshit Tara,"10, Sarna Nagar, Tirunelveli-694504",2021-05-15,304428.96
36FWTSP8079H7ZQ,FWTSP8079H,Patla and Sons,Dayita Thakkar,"H.No. 17, Vora Street, Begusarai-344645",2020-01-10,10583572.47
29DSRUE4312O4Z2,DSRUE4312O,"Kulkarni, Bora and Saran",Ekta Mammen,"32/202, Ratti Ganj, Mysore-822448",2021-03-28,16836239.94
24YEIBB0968Z9Z5,YEIBB0968Z,Tak Ltd,Chasmum Dey,"586, Balay Marg, Guntur-602085",2017-04-04,297975.28
27YSZDU6810W4Z2,YSZDU6810W,Kapoor Group,Pushti Balay,"62/591, Gopal Marg, Bangalore 884616",2022-12-19,386848.11
33HJIJO9020O7Z4,HJIJO9020O,"Suri, Walla and Deol",Hamsini Om,"12, Toor Chowk, Anantapuram-352373",2016-02-20,30184701.03
29PRFLL9925S1ZV,PRFLL9925S,Chopra Group,Raagini Dash,"H.No. 76, Sen Nagar, Nangloi Jat 879515",2020-02-16,1138135.04
29BHEIW6163O1ZM,BHEIW6163O,"Sahni, Dar and Toor",Gauri Sachar,"202, Bhatt, Kharagpur-767616",2024-07-06,21934129.85
27PPCGL5684J3ZM,PPCGL5684J,"Shere, Korpal and Shankar",Hritik Pant,"02/63, Bhalla Zila, Buxar 575467",2016-11-11,12444088.55
32NQUIN7760G5ZD,NQUIN7760G,Bajwa-Desai,Noah Agrawal,"H.No. 95, Choudhary Ganj, Dehri-217601",2020-02-24,1991566.99
07HTOHS3181G3ZM,HTOHS3181G,Brahmbhatt-Chakrabarti,Indira Yadav,"H.No. 76, Kala Path, Berhampore 510549",2019-06-13,14295336.94
33JRTGH8758T8ZZ,JRTGH8758T,"Mital, Pillay and Natarajan",Devika Chauhan,"23/78, Rajagopal Street, Haldia-716405",2015-07-12,9205045.40
09PIKTI8354W7Z7,PIKTI8354W,Kamdar-Sankaran,Thomas Ganguly,"92/35, Borra Path, Muzaffarpur-847015",2020-09-04,11773182.70
32ADWGC1514E4Z1,ADWGC1514E,"Chatterjee, Deo and Radhakrishnan",Gaurangi Varughese,"H.No. 962, Sachar Circle, Jabalpur 706465",2025-02-05,2024385.50
36OOLAP3432L3ZI,OOLAP3432L,Kade LLC,Deepa Kari,"829, Sachar, Thiruvananthapuram 189572",2025-09-04,325172.72
27XMSAK7391J6ZA,XMSAK7391J,"Sandal, Mall and Dora",Isaiah Sen,"H.No. 99, Dash Chowk, Rourkela-612864",2025-12-02,5242724.05
09WAQDK6753Q3ZU,WAQDK6753Q,"Misra, Pandya and Patel",Henry Bava,"21, Divan Nagar, Allahabad-841644",2019-09-10,34413256.53
06SQHUC6997F5ZG,SQHUC6997F,Baria-Raja,Akshay Bhat,"H.No. 364, Konda, Gorakhpur 161458",2025-11-11,10727741.84
32ZYCXN1706G9ZL,ZYCXN1706G,Pandey PLC,Agastya Patla,"H.No. 55, Banik Nagar, Gandhidham 630602",2016-05-02,11432651.71
33FJYSX1763X1Z6,FJYSX1763X,"Khosla, Chaudry and Sachdeva",Chakrika Raj,"H.No. 333, Chhabra Chowk, Sangli-Miraj & Kupwad-057743",2024-03-22,23248894.32
09LJSIF9820B2ZU,LJSIF9820B,"Ranganathan, Nadig and Balay",Lavanya Chaudry,"733, Batta Zila, Delhi-190219",2019-08-16,3428992.04
36VITYQ3485E8ZF,VITYQ3485E,Joshi-Dixit,Ekaraj Singhal,"96/02, Deo Circle, Surendranagar Dudhrej 347513",2022-10-05,7075397.30
36NGPAI1891T5ZB,NGPAI1891T,"Kaur, Chakrabarti and Goda",Zehaan Krishnamurthy,"725, Cherian Chowk, Gaya 879571",2015-10-25,4500263.79
27UDSBI9175I6ZW,UDSBI9175I,"Solanki, Jain and Venkatesh",Harsh Kala,"684, Wali Circle, Motihari 832377",2016-07-14,3141199.95
33UBWQA4570H5ZV,UBWQA4570H,Buch Ltd,Harish Bakshi,"H.No. 38, Sidhu Path, Anantapur 224234",2024-12-25,486545.89
29EJCKA2893O7ZQ,EJCKA2893O,"Gola, Jani and Din",Deepa Mohanty,"H.No. 39, Panchal, Bhimavaram 495565",2023-02-28,1624979.34
07EMRFZ5192G2ZV,EMRFZ5192G,"Hayer, Yohannan and Kara",Kashvi Natt,"49/26, Bali Street, Khammam-476010",2017-11-19,1587022.08
27JIUZJ9936O3ZP,JIUZJ9936O,Bhatti and Sons,Nakul Chhabra,"57, Rastogi Zila, Bhubaneswar-117758",2018-06-04,30646386.16
32ZAVXR5770U3Z6,ZAVXR5770U,Morar-Menon,Ubika Kapur,"H.No. 09, Natarajan Marg, Patiala-558546",2015-02-13,8992793.63
36CFFIS3443T8ZD,CFFIS3443T,De Group,Sarthak Patil,"452, Handa Path, Bhind 080430",2021-05-27,5315628.02
36FPQLO5625C6ZA,FPQLO5625C,Tripathi Ltd,Darsh Varma,"88, Sanghvi Road, Hospet-907398",2024-01-09,10285288.69
29RSYPI4119E9Z3,RSYPI4119E,"Kunda, Chacko and Dasgupta",Ekantika Chacko,"H.No. 42, Nagi Path, Chandigarh-806703",2021-11-16,474659.94
09DHBDX8593U3ZV,DHBDX8593U,"Narang, Talwar and Gade",Amol Din,"749, Pandit Zila, Kurnool-377033",2015-11-20,2069622.08
24NSLLG5896D9Z0,NSLLG5896D,"Madan, Rastogi and Oza",Lucky Chana,"63, Bora Zila, Dindigul 439643",2015-02-23,31592492.88
06ABOZX1726F6Z2,ABOZX1726F,"Jhaveri, Loyal and Suri",Lopa Magar,"H.No. 842, Bumb Marg, Chandigarh-383038",2016-09-22,202164.94
29YWXBC4288W9ZE,YWXBC4288W,Dasgupta-Shan,Bhavna Mittal,"H.No. 03, Dutta, Kozhikode 144885",2024-11-04,12895219.16
32QHXUF3872N3Z5,QHXUF3872N,"Kade, Patil and Barman",Zashil Nanda,"587, Kunda Chowk, Rajahmundry 066027",2017-07-22,266735.17
29HNIND5864A9ZJ,HNIND5864A,Sekhon PLC,Naveen Tandon,"29, Mukhopadhyay Zila, Kakinada 862683",2017-04-16,3796806.53
27MMJVZ0962P5ZS,MMJVZ0962P,Karnik-Chander,Raagini Samra,"83/65, Bail Zila, Bally 326065",2020-01-18,7902857.11
29VLBYZ6281N5ZR,VLBYZ6281N,"More, Bains and Choudhry",Kai Sood,"91/39, Naidu Circle, Mangalore-932127",2015-07-08,5120238.45
29ZSWJO5789M3ZL,ZSWJO5789M,Sastry LLC,Upadhriti Amble,"64/12, Bakshi Nagar, Tirunelveli 462938",2020-02-06,8728973.65
32NTPPS8516U5ZR,NTPPS8516U,Pillay LLC,Pallavi Krish,"450, Srinivas Road, Alappuzha 624775",2018-09-03,10102328.73
32ZRIPZ2094K6ZA,ZRIPZ2094K,Ganesh and Sons,Praneel Nagarajan,"H.No. 409, Kadakia Street, Barasat 538217",2021-12-06,9324925.35
19JDNCF8116A7ZR,JDNCF8116A,"Naidu, Wagle and Dubey",Irya Vohra,"29, Magar Marg, Vijayawada 818083",2014-11-09,1370502.39
27QNMRB6353F7ZR,QNMRB6353F,Trivedi-Bala,Gaurika Venkataraman,"H.No. 744, Sant Circle, Vasai-Virar-352074",2015-07-11,1610883.02
07SLHCO4805K5ZG,SLHCO4805K,Singh PLC,Ekaja Mahajan,"72/58, Raju Zila, Malda 685289",2015-09-20,918267.93
27VTNXY1352J3ZF,VTNXY1352J,Amble-Ravi,Gaurang D’Alia,"H.No. 59, Jain Nagar, Kakinada-873346",2017-05-06,14696983.78
33MNAYZ5482R4ZT,MNAYZ5482R,Rajagopalan-Hora,Oliver Sharaf,"15/407, Batta Path, Hosur-666825",2023-06-28,40371581.47
07THVEP6061V2ZB,THVEP6061V,"Desai, Korpal and Jha",Atharv Palla,"H.No. 100, Patla, Karimnagar 386114",2015-04-22,10569933.26
32HRRZC9237T5ZR,HRRZC9237T,Bumb Inc,Dhruv Andra,"H.No. 439, Narula Zila, Guna-748898",2017-03-03,1272876.69
32ZKLIP5900B5Z9,ZKLIP5900B,Brar-Sachdev,Vansha Sood,"36/03, Bakshi Street, Bijapur 599386",2018-07-11,106291.45
19VGYQZ2924B4Z2,VGYQZ2924B,"Saini, Ranganathan and Zachariah",Chatresh Balay,"03/059, Salvi Zila, Dhule-784258",2016-05-07,24294124.06
29MJHRZ2349X6ZY,MJHRZ2349X,Bhasin LLC,Darika Krishnan,"12/491, Banerjee Zila, Sirsa 450113",2021-12-13,2476222.10
33LULMY8190R8ZQ,LULMY8190R,Sachdeva Group,Guneet Chada,"H.No. 74, Pal Ganj, Nagercoil 592812",2022-01-02,11483725.44
06QJBZK9831V2ZJ,QJBZK9831V,"Divan, Mane and Sehgal",Yauvani Solanki,"177, Naik Nagar, Burhanpur 821409",2023-01-16,12725489.41
32TFNYB3320B7ZT,TFNYB3320B,Jain Ltd,Gaurangi Barad,"21/50, Ganesan Circle, Hajipur-457223",2021-09-23,99630.79
07ZKJAC9975W9ZO,ZKJAC9975W,"Hari, Anand and Ben",Kashish Bhalla,"07/322, Lad Street, Ajmer 342610",2023-04-17,29284013.33
07XANKW9188Z9ZJ,XANKW9188Z,Aggarwal Inc,Girish Balakrishnan,"468, Walla Chowk, Panvel 795686",2016-08-19,1054380.67
27PJSKK6553U6Z1,PJSKK6553U,Kata Ltd,Akshay Tata,"96/825, Gour Nagar, Amritsar-430124",2020-05-13,286342.13
32RJAQU3238E9ZL,RJAQU3238E,Nagarajan LLC,Qabil Chad,"43/83, Nath Street, Unnao-529310",2018-02-08,776639.97
27NDSXW1264Q8ZN,NDSXW1264Q,Warrior and Sons,Harinakshi Kaur,"043, Vohra, Guntakal 936221",2023-12-31,16669966.46
29JOOCQ4392Y4ZW,JOOCQ4392Y,Lall-Sura,Hritik Kata,"34, Thakkar Ganj, Adoni-268522",2015-02-11,15305134.01
36DPRCE3746A5Z6,DPRCE3746A,"Balakrishnan, Contractor and Loyal",Benjamin Krishna,"H.No. 390, Toor Zila, Ratlam-930646",2023-12-28,7330539.49
24NYIFL2135V1ZB,NYIFL2135V,Sule PLC,Yasti Kant,"23, Lad Zila, Aurangabad 562855",2018-06-29,19901449.03
24XBYDE7638K2ZV,XBYDE7638K,Iyer Group,Rajeshri Banik,"95/720, Mandal, Giridih 903731",2015-09-26,15990509.65
07YVUEM7457C9ZE,YVUEM7457C,Ganguly-Vyas,Vrishti Soman,"11/326, Kar Zila, Amaravati-315548",2014-09-14,998337.57
36KJCDC4607S6ZZ,KJCDC4607S,"Sankar, Char and Ramaswamy",Hemang Nagy,"H.No. 752, Sura Street, Bangalore 099643",2024-07-16,3238704.63
36FWOXP5034G9ZE,FWOXP5034G,Bhattacharyya PLC,Triya Sheth,"H.No. 11, Padmanabhan Road, Nandyal 352930",2025-05-09,8218643.43
36GBFOF8858W7Z6,GBFOF8858W,"Chadha, Sekhon and Sengupta",Amaira Mammen,"82/816, Iyengar Zila, Bhind 498548",2020-08-01,544726.96
32IGVXD6382F8Z8,IGVXD6382F,"Banik, Goyal and Mistry",Odika Suresh,"14/337, Arora Chowk, Gudivada-797354",2014-11-24,3413820.78
24KNZCL5285I7ZP,KNZCL5285I,Thaker-Shukla,Jagdish Hora,"H.No. 88, Sawhney Street, Motihari-186829",2017-06-18,20525592.33
24RQFLE6565G4ZD,RQFLE6565G,Mallick-Naik,Ekta Kapadia,"H.No. 260, Rege, Bareilly-058407",2020-03-11,23003536.05
19PKRBM1243B7ZD,PKRBM1243B,"Barman, Bhattacharyya and Vohra",Peter Cheema,"H.No. 148, Deep Marg, Dewas 669494",2022-12-23,21203790.40
19PRINY7435U9ZD,PRINY7435U,"Grover, De and Natarajan",Aarnav Natarajan,"819, Pillai Path, Giridih 263752",2022-04-27,2360248.38
36TFTAW7817I2Z7,TFTAW7817I,Pandya and Sons,Vasudha Doctor,"39, Misra, Khammam-486356",2018-12-23,2123433.87
07HJLRU4362I2ZS,HJLRU4362I,Prabhu-Sekhon,Eshana Rama,"14, Sarna Road, Bhusawal-807667",2018-10-26,530802.37
24TLSLX2923G1ZY,TLSLX2923G,"Ram, Sood and Pai",Manya Raghavan,"07/62, Nair Chowk, Sonipat 923423",2020-06-22,7890297.55
07BUJJJ5506C2ZI,BUJJJ5506C,Muni LLC,Krishna Kara,"621, Din Zila, Mira-Bhayandar 410318",2021-06-28,3446353.08
27MHFFN4694Y1ZK,MHFFN4694Y,"Padmanabhan, Pillai and Sharma",Ekbal Patla,"85, Thakur Marg, Dibrugarh-887801",2020-04-27,647094.20
09RRLGW6717E9Z5,RRLGW6717E,"Karnik, Ram and Nayar",Chaaya Dhingra,"19, Mukhopadhyay, Ambattur-061639",2023-02-24,918881.72
32SXWLX6014F7ZC,SXWLX6014F,Iyengar PLC,Hiral Halder,"78/153, Jayaraman Road, Meerut-819263",2020-04-01,15505698.20
06SGUIE0076Q5ZV,SGUIE0076Q,Subramanian Inc,Falan Tripathi,"94/390, Morar Zila, Khammam 761823",2026-06-08,4570290.56
06KEXKP2163C3ZJ,KEXKP2163C,Keer-Pillay,Kai Bir,"63/084, Chowdhury, Erode-776838",2021-01-25,15839641.33
24TAGXM6969H7ZH,TAGXM6969H,Malhotra-Chand,Pahal Kari,"45/569, Radhakrishnan Path, Amravati-057937",2022-11-26,9629004.71
07YSUCX0242K6ZE,YSUCX0242K,Badami-Sekhon,Dalaja Mangal,"94/79, Badami Road, Ujjain 569190",2021-12-18,818897.62
09CCHTX9695Y7Z4,CCHTX9695Y,"Kota, Comar and Pradhan",Matthew Merchant,"78, Chauhan Street, Tinsukia 354516",2022-03-06,2957310.54
29DPNPP4898G9ZM,DPNPP4898G,Garde PLC,Yachana Singh,"730, Prashad Circle, Pondicherry 041461",2024-04-04,14939162.85
09EXQBA3793L4ZW,EXQBA3793L,"Tailor, Sidhu and Naik",Azad Varughese,"H.No. 442, Sidhu Path, Karawal Nagar 782350",2025-07-11,4245958.59
33IMJVG1615A4ZC,IMJVG1615A,Gokhale-Kadakia,Vihaan Nath,"94/36, Kaul Path, Pali-761959",2026-04-26,1599227.03
29GOHXI9816W2ZK,GOHXI9816W,Verma Ltd,Wriddhish Banerjee,"50, Issac, Junagadh-406110",2016-11-14,16998819.75
27ASTEJ2103K8ZQ,ASTEJ2103K,"Saxena, Muni and Bhattacharyya",Gayathri Dada,"02/90, Chopra Zila, Sultan Pur Majra 546052",2020-10-05,6962671.76
24BBBQH3838W2ZY,BBBQH3838W,Kadakia Inc,Aahana Thaman,"58/354, Mohanty Nagar, Raichur 013043",2024-03-12,15749674.43
27NXAFK8593H7Z3,NXAFK8593H,Gaba-Kumer,Sarthak Vaidya,"94/08, Tailor, Satara 783683",2019-12-27,5721157.93
32GCYJS2186J6ZN,GCYJS2186J,Sachdev Inc,Vanya Gopal,"192, Ramachandran Street, Muzaffarnagar-068402",2022-06-24,10359097.16
06FQPOI4836E2Z2,FQPOI4836E,"Hayre, Sampath and Datta",Nachiket Malhotra,"H.No. 418, Jha Zila, Ongole-414654",2022-04-01,169773.10
36STVIR3070X4ZD,STVIR3070X,Kala-Ramesh,Panini Maharaj,"75/42, Mukherjee Path, Bathinda 788713",2025-08-02,18149045.81
36XUXAI4189N6ZK,XUXAI4189N,"Garg, Tandon and Wagle",Maanav Jhaveri,"32/482, Saini Chowk, Anantapuram-437270",2014-12-07,13544153.14
07CFYEW0573H3ZF,CFYEW0573H,Kaul-Bath,Vaishnavi Lad,"107, Jani Marg, Hyderabad 190712",2025-05-11,5793352.66
33FFGXW3839O7Z3,FFGXW3839O,Kunda Inc,Isaac Bhavsar,"H.No. 83, Kumer Nagar, Hospet 492526",2025-08-06,12751651.63
24FNYFL3454W1ZW,FNYFL3454W,Mitra-Kata,Panini Korpal,"95/36, Sangha Chowk, Mira-Bhayandar 870543",2026-03-02,17908957.51
06ULAQX8964C6ZS,ULAQX8964C,"Bhargava, Saxena and Sachdeva",Chameli Borra,"55/282, Seth Street, Coimbatore-002297",2024-09-28,23839765.12
24PEIOE9587K6Z1,PEIOE9587K,"Dhaliwal, Patla and Aurora",Eshana Sharaf,"H.No. 30, Manda Zila, Gurgaon 712504",2019-09-30,1902551.88
07EUBNW2509O7Z8,EUBNW2509O,Varkey Inc,Gabriel Varty,"71/02, Misra, Rewa 429659",2025-08-24,1539840.27
19RQJBT1395Z1ZN,RQJBT1395Z,Radhakrishnan Ltd,Jagvi Bal,"97/58, Bhakta Zila, Miryalaguda 281042",2015-11-02,513437.95
27MYQID8433F3ZD,MYQID8433F,"Vora, Borah and Dugar",Garima Joshi,"106, Sarma Path, Phagwara 911770",2025-11-28,16818828.09
09SRTKP8046U2ZR,SRTKP8046U,"Bhalla, Narain and Sachar",Ishwar Raman,"031, Mohanty Path, Serampore-098035",2017-11-12,683594.66
24RYKIV6023H8ZM,RYKIV6023H,"Butala, Mittal and Arora",Krishna Narayan,"65/486, Goda Ganj, Coimbatore-608032",2023-03-07,1805613.88
36DAPUO0310C7ZC,DAPUO0310C,Hayre-Sethi,Zilmil Sharma,"H.No. 834, Sane Marg, Salem 354939",2020-07-08,4747406.28
27XYHMK0202D2Z9,XYHMK0202D,Modi PLC,Aarush Kamdar,"82/16, Sami Circle, Nizamabad 098698",2021-01-23,5993832.59
24LUBGS4659F1ZJ,LUBGS4659F,Sami-Guha,Yutika Tank,"32/651, Koshy Ganj, Dehradun-681155",2022-02-14,4466974.30
09HIFSB1091F7ZG,HIFSB1091F,"Nagi, Patla and Sarin",Yachana Gokhale,"H.No. 365, Sama Chowk, Mau-633818",2022-10-27,4012502.85
36JVTOF3184F9Z0,JVTOF3184F,"Natarajan, Savant and Luthra",Harrison Mangat,"H.No. 57, Gopal Street, Ambala-907688",2021-04-13,3517367.07
09NDTRH1653V4ZA,NDTRH1653V,"Mody, Shankar and Dalal",Charan Badal,"H.No. 441, Bail Nagar, Vadodara-187458",2024-01-30,2427775.49
32VKPIN5707Y1ZH,VKPIN5707Y,Patel-Ranganathan,Omkaar Oak,"26/985, Iyer Chowk, Bhiwani-748348",2022-07-04,3389564.75
29QZVZF6154V1ZY,QZVZF6154V,Lata PLC,Eta Chaudry,"H.No. 29, Luthra Ganj, Bongaigaon 775844",2023-01-11,3094418.34
27BRQGI9104D2ZV,BRQGI9104D,Bhatnagar Inc,Jack Setty,"22, Anand Path, Hindupur 598800",2022-11-20,2350793.63
27OIOTL4229B3ZU,OIOTL4229B,Basu Inc,Ubika Pandya,"H.No. 481, Devan Ganj, Tezpur-066330",2021-02-24,5321289.60
33OUXHG4467K4ZW,OUXHG4467K,Ramaswamy Inc,Ubika Pandya,"122, Ganesan Street, Ahmednagar 159005",2023-07-17,5674325.58
27ZQZVM1046Z9Z1,ZQZVM1046Z,"Dhar, Pathak and Andra",Dhriti Doshi,"046, Setty Nagar, Dharmavaram-075140",2022-05-28,7938706.56
27LSIIM9240N9Z4,LSIIM9240N,"Guha, Ganguly and Chada",Chanakya Tara,"72/124, Narain Path, Tumkur-867065",2021-01-17,5214721.02
29YNNYP6885K8ZS,YNNYP6885K,Palla LLC,Aradhana Wali,"H.No. 74, Sunder Zila, Gandhidham 808567",2021-07-03,6462022.20
06HIFZI4887N7Z3,HIFZI4887N,Munshi-Badami,Aishani Patla,"H.No. 801, Nagy Zila, Arrah-889650",2024-07-13,9145684.27
29MTZCS0807H8ZZ,MTZCS0807H,Rao-Lata,Aishani Patla,"018, Saini Chowk, Vellore 305399",2021-03-25,9651639.63
06SQZLL1905R1ZW,SQZLL1905R,Jani-Sharma,Reva Buch,"530, Dayal Marg, Bulandshahr 702982",2022-06-23,9755367.26
32KIKUO4682T4ZQ,KIKUO4682T,"Parekh, Pandey and Sahota",Charan Nigam,"25, Bajaj Zila, Baranagar-726793",2022-12-26,8527204.74
19JKBWX0995N9ZU,JKBWX0995N,Vohra LLC,Ranveer Sengupta,"H.No. 170, Kala Nagar, Ratlam-462477",2022-12-24,1608097.82
32TYTQW2079Q5ZR,TYTQW2079Q,Bajaj and Sons,Ranveer Sengupta,"H.No. 49, Seth Chowk, Tenali-596600",2021-02-17,2182176.24
36HHZJF8496R4ZG,HHZJF8496R,"Patel, Gopal and Bala",Odika Sarin,"59, Savant Street, Bhubaneswar 808897",2024-01-10,2175932.44
32BOBTB8584O7Z0,BOBTB8584O,"Bhasin, Chatterjee and Barad",Indrajit Keer,"86/65, Char, Dehri-103741",2022-02-04,1945196.04
24FMYCT8079U4Z6,FMYCT8079U,Krishnamurthy-Kade,Tanish Arora,"19/064, Reddy Nagar, Sambhal-175877",2026-02-17,66506.52
36SYLBV9513D8ZR,SYLBV9513D,"Bhargava, Johal and Ganguly",Champak Sura,"85/44, Sidhu Road, Aurangabad 125253",2025-11-02,1032810.89
27TOCZN8533C4ZZ,TOCZN8533C,Kibe-Grewal,Ishaan Chander,"32/00, Kamdar Chowk, Patiala-974499",2024-02-06,2590403.35
36WVVCY5256Z7Z1,WVVCY5256Z,Desai PLC,Jagvi Sama,"H.No. 095, Sachdeva Road, Dindigul-207731",2024-02-17,1443224.14
27XAFRG7552O9ZK,XAFRG7552O,Kohli Ltd,Ekaraj Palan,"142, Bajaj Street, Mathura-847798",2025-04-17,722491.45
19REVEC2722Z4Z0,REVEC2722Z,Mohanty and Sons,Neelima Dayal,"H.No. 51, Basak Chowk, Anantapur-575651",2025-01-08,3729387.50
