seller_gstin,buyer_gstin,amount,date,goods_description,has_eway_bill
27VMTID3305Z9Z1,09EULJN4456L1ZL,35548.10,2015-12-23,Assembled pump units,true
09EAVZF4445T5ZF,09EULJN4456L1ZL,111762.08,2015-12-27,Auto spare kits,true
29GHOXW1991A4ZA,29EEEDM1207Z5ZI,109358.50,2015-12-31,Assembled pump units,true
27XCGLU6888M7Z9,07TUAFV0647D4Z4,2853880.09,2016-01-07,Unprocessed timber,true
33VSKKT9786Y3ZG,36EAVZD5995V1ZW,750897.12,2016-01-09,Assembled pump units,true
29FKTQX9100V7ZB,06BAGOT5114I3ZB,22061.42,2016-01-14,Kitchenware cartons,true
07TUAFV0647D4Z4,36FIYPN9843Q2Z7,659186.06,2016-03-13,Auto spare kits,true
09EAVZF4445T5ZF,36EAVZD5995V1ZW,124559.03,2016-04-30,Assembled pump units,true
36PPFOZ0403V7Z7,09EULJN4456L1ZL,293555.78,2016-05-21,Garment lots,true
09EAVZF4445T5ZF,36EAVZD5995V1ZW,114086.75,2016-06-08,Assembled pump units,true
27XCGLU6888M7Z9,07TUAFV0647D4Z4,2315626.97,2017-01-22,Raw cotton bales,true
27XCGLU6888M7Z9,33VSKKT9786Y3ZG,2616977.36,2017-03-10,Raw cotton bales,true
27ALEPK7569U6ZG,36EAVZD5995V1ZW,602709.19,2017-03-20,Furniture sets,true
19UKDFQ9474N1ZH,27ALEPK7569U6ZG,275768.68,2017-04-03,Unprocessed timber,true
36GNWQX9803V1ZI,24WDFFK6372L6ZG,845198.20,2017-04-26,Assembled pump units,true
36GNWQX9803V1ZI,09EULJN4456L1ZL,352590.87,2017-05-02,Garment lots,true
36GNWQX9803V1ZI,09EULJN4456L1ZL,451369.14,2017-06-01,Garment lots,true
29CBPWW7946Z2ZA,36GNWQX9803V1ZI,886636.23,2017-06-14,Bauxite,true
36GNWQX9803V1ZI,24WDFFK6372L6ZG,852061.18,2017-06-14,Garment lots,true
06HMMKP3107F5ZD,29EEEDM1207Z5ZI,290746.56,2017-07-20,Rubber gaskets,true
07TUAFV0647D4Z4,36FIYPN9843Q2Z7,649013.90,2017-07-22,Garment lots,true
29FKTQX9100V7ZB,06BAGOT5114I3ZB,26410.26,2017-08-15,Assembled pump units,true
27LQOKU1297U4Z3,24WDFFK6372L6ZG,750502.58,2017-08-22,Packaged fittings,true
29GHOXW1991A4ZA,06BAGOT5114I3ZB,52398.00,2017-09-18,Kitchenware cartons,false
06ZSOZA9116X9Z3,27ALEPK7569U6ZG,584680.46,2017-12-30,Cotton yarn,true
29FKTQX9100V7ZB,06BAGOT5114I3ZB,23127.27,2018-01-08,Packaged fittings,true
27ALEPK7569U6ZG,36EAVZD5995V1ZW,614094.28,2018-01-14,Auto spare kits,true
09EAVZF4445T5ZF,06BAGOT5114I3ZB,141950.87,2018-01-17,Furniture sets,true
06FFMGW8098X2ZO,36EAVZD5995V1ZW,1482994.97,2018-01-24,Garment lots,true
29FKTQX9100V7ZB,06BAGOT5114I3ZB,21794.50,2018-04-08,Auto spare kits,true
29FKTQX9100V7ZB,36EAVZD5995V1ZW,26915.83,2018-04-24,Assembled pump units,true
36PPFOZ0403V7Z7,36EAVZD5995V1ZW,326106.12,2018-05-01,Kitchenware cartons,true
29GHOXW1991A4ZA,19YDRKQ8981G8Z0,50566.05,2018-05-21,Garment lots,true
36PPFOZ0403V7Z7,06BAGOT5114I3ZB,250953.59,2018-07-13,Garment lots,true
09EAVZF4445T5ZF,06BAGOT5114I3ZB,140789.98,2018-07-24,Packaged fittings,true
06HMMKP3107F5ZD,36PPFOZ0403V7Z7,263658.70,2018-08-23,Steel coils,true
19YDRKQ8981G8Z0,29EEEDM1207Z5ZI,182289.73,2018-08-27,Recovered packaging material,true
19YDRKQ8981G8Z0,29EEEDM1207Z5ZI,194753.45,2018-09-07,Warranty replacement units,true
32BEJPU7148L1Z5,06BAGOT5114I3ZB,174028.80,2018-09-28,Rubber gaskets,true
36PPFOZ0403V7Z7,36EAVZD5995V1ZW,347294.99,2018-10-18,Assembled pump units,false
27ALEPK7569U6ZG,33ZBNHU0943P7ZR,614960.64,2018-10-23,Furniture sets,true
29CODLF5738S2ZV,06FFMGW8098X2ZO,62771.89,2018-10-30,Moulded plastic parts,true
27VMTID3305Z9Z1,33ZBNHU0943P7ZR,30379.77,2018-11-06,Assembled pump units,true
29FKTQX9100V7ZB,27HMTFL8592A4ZD,34937.22,2018-11-09,Assembled pump units,true
27ALEPK7569U6ZG,33ZBNHU0943P7ZR,623204.44,2018-11-15,Assembled pump units,true
29CODLF5738S2ZV,29GHOXW1991A4ZA,77289.84,2018-11-26,Rubber gaskets,true
32BEJPU7148L1Z5,06BAGOT5114I3ZB,157181.89,2018-11-28,Plywood panels,true
06ZSOZA9116X9Z3,06YLMRX1588B6ZF,397596.61,2018-12-24,Plywood panels,true
27VMTID3305Z9Z1,27HMTFL8592A4ZD,972557.01,2018-12-29,Kitchenware cartons,true
09EAVZF4445T5ZF,36EAVZD5995V1ZW,115101.34,2019-01-16,Kitchenware cartons,true
27VMTID3305Z9Z1,09EULJN4456L1ZL,33878.08,2019-01-23,Assembled pump units,true
09EAVZF4445T5ZF,24WDFFK6372L6ZG,109109.86,2019-02-07,Garment lots,true
29UTSSL5497K4Z2,36EAVZD5995V1ZW,240608.91,2019-02-09,Assembled pump units,true
29FKTQX9100V7ZB,36FIYPN9843Q2Z7,59578.11,2019-02-23,Packaged fittings,true
29UTSSL5497K4Z2,36EAVZD5995V1ZW,181525.40,2019-03-06,Packaged fittings,true
29GHOXW1991A4ZA,06BAGOT5114I3ZB,66083.97,2019-03-19,Assembled pump units,true
36PPFOZ0403V7Z7,09EULJN4456L1ZL,266398.63,2019-03-25,Garment lots,true
29NHUTK5280X8ZT,29EEEDM1207Z5ZI,86487.77,2019-04-04,Assembled pump units,true
36PPFOZ0403V7Z7,09EULJN4456L1ZL,293930.26,2019-05-16,Packaged fittings,true
07TUAFV0647D4Z4,33ZBNHU0943P7ZR,427902.48,2019-06-04,Packaged fittings,true
09AREDJ3750L1ZR,07TUAFV0647D4Z4,89176.51,2019-06-08,Moulded plastic parts,true
09EAVZF4445T5ZF,06BAGOT5114I3ZB,133269.89,2019-07-05,Garment lots,true
09EULJN4456L1ZL,19YDRKQ8981G8Z0,188364.46,2019-07-11,Recovered packaging material,false
27VMTID3305Z9Z1,09EULJN4456L1ZL,29840.64,2019-07-21,Furniture sets,true
06HMMKP3107F5ZD,29EEEDM1207Z5ZI,294803.66,2019-07-29,Aluminium sheets,true
29FKTQX9100V7ZB,09EULJN4456L1ZL,55973.52,2019-08-03,Furniture sets,true
29CBPWW7946Z2ZA,06ZSOZA9116X9Z3,418024.54,2019-08-16,Crude polymer granules,true
29CODLF5738S2ZV,09EULJN4456L1ZL,84920.17,2019-08-23,Rubber gaskets,true
24XNQWD7385X3ZL,29QKBDF0435G7ZL,5959046.90,2019-08-26,Crude polymer granules,true
36GNWQX9803V1ZI,06WAFKG4621R2ZO,768863.30,2019-09-13,Assembled pump units,true
09AREDJ3750L1ZR,29EEEDM1207Z5ZI,201105.80,2019-09-16,Rubber gaskets,true
36PPFOZ0403V7Z7,09EULJN4456L1ZL,354022.73,2019-09-24,Packaged fittings,true
36GNWQX9803V1ZI,06WAFKG4621R2ZO,662509.84,2019-09-25,Kitchenware cartons,true
27ALEPK7569U6ZG,33ZBNHU0943P7ZR,664806.91,2019-09-26,Kitchenware cartons,true
27ALEPK7569U6ZG,06WAFKG4621R2ZO,718012.74,2019-10-02,Garment lots,true
06RGXNS6258D5ZB,27HMTFL8592A4ZD,199586.76,2019-10-03,Furniture sets,true
29CODLF5738S2ZV,06FFMGW8098X2ZO,64659.42,2019-10-07,Aluminium sheets,true
24HHIGA2305T5Z7,29EEEDM1207Z5ZI,36035.84,2019-10-11,Rubber gaskets,true
24SVGIC0584E3ZH,29GHOXW1991A4ZA,149965.52,2019-10-25,Plywood panels,true
09EAVZF4445T5ZF,24WDFFK6372L6ZG,117098.54,2019-10-29,Auto spare kits,true
06FFMGW8098X2ZO,36OCSNL9677X2ZE,1162085.03,2019-11-13,Garment lots,false
33VSKKT9786Y3ZG,09EULJN4456L1ZL,915596.26,2019-11-14,Auto spare kits,true
27VMTID3305Z9Z1,27HMTFL8592A4ZD,19912.11,2019-11-25,Assembled pump units,true
24XNQWD7385X3ZL,06FFMGW8098X2ZO,4125524.45,2019-12-08,Raw rubber sheets,true
29ZAFKS8325T5Z6,33PVFCK5757F9ZU,964263.38,2019-12-15,Raw cotton bales,true
27ZXPIC6089I8ZK,36FIYPN9843Q2Z7,711767.17,2019-12-17,Furniture sets,true
19UKDFQ9474N1ZH,09AREDJ3750L1ZR,677462.31,2019-12-24,Raw cotton bales,true
24ZMIAB1800N3ZA,27ZXPIC6089I8ZK,227035.31,2019-12-25,Aluminium sheets,true
29UTSSL5497K4Z2,36EAVZD5995V1ZW,188023.14,2019-12-28,Garment lots,true
06HMMKP3107F5ZD,33ZBNHU0943P7ZR,486141.47,2020-01-07,Plywood panels,true
29UTSSL5497K4Z2,06WAFKG4621R2ZO,147543.60,2020-01-07,Kitchenware cartons,true
06RGXNS6258D5ZB,06BAGOT5114I3ZB,202442.22,2020-01-08,Kitchenware cartons,false
06RGXNS6258D5ZB,36VLZNB9706Y8Z5,394420.57,2020-01-09,Furniture sets,true
06HMMKP3107F5ZD,19YDRKQ8981G8Z0,441765.30,2020-01-14,Rubber gaskets,true
27LQOKU1297U4Z3,24WDFFK6372L6ZG,909331.21,2020-01-27,Garment lots,true
27LQOKU1297U4Z3,06BAGOT5114I3ZB,513031.41,2020-02-01,Furniture sets,true
09AREDJ3750L1ZR,29EEEDM1207Z5ZI,197004.47,2020-02-03,Rubber gaskets,true
29CBPWW7946Z2ZA,06RGXNS6258D5ZB,871018.02,2020-02-16,Crude polymer granules,false
32BEJPU7148L1Z5,06BAGOT5114I3ZB,137656.29,2020-02-26,Steel coils,true
19UKDFQ9474N1ZH,19ZJYJV7014C7ZU,388065.21,2020-03-11,Crude polymer granules,true
07ONTHA8211P8ZV,33ZBNHU0943P7ZR,146050.38,2020-03-14,Packaged fittings,true
07ONTHA8211P8ZV,36VLZNB9706Y8Z5,161075.52,2020-03-20,Furniture sets,true
29CBPWW7946Z2ZA,06RGXNS6258D5ZB,838988.40,2020-04-05,Raw rubber sheets,true
27VMTID3305Z9Z1,27HMTFL8592A4ZD,19928.32,2020-04-09,Assembled pump units,true
36PPFOZ0403V7Z7,06WAFKG4621R2ZO,138317.16,2020-04-11,Furniture sets,true
29UTSSL5497K4Z2,29EEEDM1207Z5ZI,165779.12,2020-04-12,Packaged fittings,true
27VMTID3305Z9Z1,09EULJN4456L1ZL,33765.29,2020-04-17,Garment lots,true
27XCGLU6888M7Z9,07TUAFV0647D4Z4,2355697.00,2020-04-18,Bauxite,true
06HMMKP3107F5ZD,27ZXPIC6089I8ZK,253365.94,2020-05-03,Rubber gaskets,true
06HMMKP3107F5ZD,19YDRKQ8981G8Z0,438772.73,2020-05-19,Cotton yarn,true
07TUAFV0647D4Z4,36VLZNB9706Y8Z5,751286.88,2020-05-23,Kitchenware cartons,true
29UTSSL5497K4Z2,33ZBNHU0943P7ZR,296906.12,2020-05-30,Auto spare kits,true
09AREDJ3750L1ZR,36GNWQX9803V1ZI,208618.27,2020-05-31,Aluminium sheets,true
24SVGIC0584E3ZH,06WAFKG4621R2ZO,216949.60,2020-06-01,Aluminium sheets,true
29NHUTK5280X8ZT,36OCSNL9677X2ZE,56576.79,2020-06-11,Furniture sets,true
24QZZUH6664T7ZI,36FIYPN9843Q2Z7,114484.82,2020-06-12,Kitchenware cartons,true
27HMTFL8592A4ZD,27VMTID3305Z9Z1,43963.02,2020-06-14,Warranty replacement units,true
24QZZUH6664T7ZI,06WAFKG4621R2ZO,156104.47,2020-06-16,Auto spare kits,true
09AREDJ3750L1ZR,36VLZNB9706Y8Z5,73783.90,2020-06-18,Plywood panels,true
06RGXNS6258D5ZB,36VLZNB9706Y8Z5,389357.45,2020-06-21,Kitchenware cartons,true
07ONTHA8211P8ZV,24WDFFK6372L6ZG,109711.87,2020-06-23,Auto spare kits,true
09EAVZF4445T5ZF,27HMTFL8592A4ZD,42297.75,2020-06-29,Furniture sets,true
07ONTHA8211P8ZV,24WDFFK6372L6ZG,85967.90,2020-06-29,Packaged fittings,true
06RGXNS6258D5ZB,29EEEDM1207Z5ZI,362781.14,2020-06-29,Auto spare kits,true
29NHUTK5280X8ZT,24WDFFK6372L6ZG,35574.72,2020-07-08,Garment lots,true
24QZZUH6664T7ZI,06WAFKG4621R2ZO,167175.96,2020-07-17,Packaged fittings,true
32BEJPU7148L1Z5,07ONTHA8211P8ZV,214588.45,2020-07-25,Steel coils,true
29NHUTK5280X8ZT,06BAGOT5114I3ZB,84967.42,2020-07-26,Auto spare kits,true
06RGXNS6258D5ZB,29EEEDM1207Z5ZI,457987.39,2020-07-31,Kitchenware cartons,true
29CBPWW7946Z2ZA,06RGXNS6258D5ZB,876263.21,2020-08-08,Raw rubber sheets,true
06BYUOB2814C3Z6,36OCSNL9677X2ZE,66206.16,2020-08-11,Rubber gaskets,true
27LQOKU1297U4Z3,24WDFFK6372L6ZG,919742.74,2020-08-14,Furniture sets,true
27ALEPK7569U6ZG,33ZBNHU0943P7ZR,582980.31,2020-08-17,Assembled pump units,true
24QZZUH6664T7ZI,36FIYPN9843Q2Z7,104402.98,2020-08-19,Furniture sets,true
27VMTID3305Z9Z1,27HMTFL8592A4ZD,19194.70,2020-08-20,Packaged fittings,true
06RGXNS6258D5ZB,27HMTFL8592A4ZD,183657.56,2020-09-13,Garment lots,true
07TUAFV0647D4Z4,19YDRKQ8981G8Z0,676099.36,2020-09-14,Packaged fittings,true
06BYUOB2814C3Z6,29GHOXW1991A4ZA,53384.82,2020-10-21,Plywood panels,true
24XNQWD7385X3ZL,06FFMGW8098X2ZO,3458661.05,2020-11-01,Bauxite,true
36PPFOZ0403V7Z7,06BAGOT5114I3ZB,230529.79,2020-11-02,Garment lots,true
06FFMGW8098X2ZO,36OCSNL9677X2ZE,1022112.42,2020-11-19,Garment lots,false
29UTSSL5497K4Z2,24QZZUH6664T7ZI,7487655.57,2020-11-21,Packaged fittings,true
33VSKKT9786Y3ZG,09EULJN4456L1ZL,849513.09,2020-11-27,Assembled pump units,true
24XNQWD7385X3ZL,29QKBDF0435G7ZL,5708231.21,2020-12-01,Unprocessed timber,true
27LQOKU1297U4Z3,24WDFFK6372L6ZG,787804.07,2020-12-01,Furniture sets,true
24XNQWD7385X3ZL,06FFMGW8098X2ZO,3866471.96,2020-12-12,Crude polymer granules,true
27XCGLU6888M7Z9,06YLMRX1588B6ZF,2747566.98,2020-12-20,Raw rubber sheets,true
06RGXNS6258D5ZB,36VLZNB9706Y8Z5,350166.26,2020-12-28,Auto spare kits,false
29UTSSL5497K4Z2,19YDRKQ8981G8Z0,132966.85,2021-01-03,Kitchenware cartons,false
29GHOXW1991A4ZA,24WDFFK6372L6ZG,77508.72,2021-01-10,Kitchenware cartons,true
24SVGIC0584E3ZH,29EEEDM1207Z5ZI,187952.55,2021-01-18,Aluminium sheets,false
29KTEZO9632U3ZL,29EEEDM1207Z5ZI,585765.24,2021-01-30,Kitchenware cartons,true
29NHUTK5280X8ZT,24WDFFK6372L6ZG,33755.00,2021-01-31,Furniture sets,true
19PLHHW1016H9ZF,09EULJN4456L1ZL,533568.59,2021-01-31,Assembled pump units,false
29CODLF5738S2ZV,36VLZNB9706Y8Z5,32952.18,2021-02-02,Moulded plastic parts,true
27ALEPK7569U6ZG,36VLZNB9706Y8Z5,731474.20,2021-02-02,Packaged fittings,true
29CODLF5738S2ZV,36VLZNB9706Y8Z5,39555.29,2021-02-04,Aluminium sheets,true
29ZAFKS8325T5Z6,33PVFCK5757F9ZU,1097119.25,2021-02-07,Raw rubber sheets,true
29NHUTK5280X8ZT,36OCSNL9677X2ZE,47492.21,2021-02-08,Furniture sets,true
24QZZUH6664T7ZI,19YDRKQ8981G8Z0,224078.53,2021-02-19,Garment lots,true
19PLHHW1016H9ZF,33ZBNHU0943P7ZR,1454904.80,2021-02-20,Assembled pump units,true
09AREDJ3750L1ZR,24QZZUH6664T7ZI,123647.03,2021-02-22,Cotton yarn,true
29FKTQX9100V7ZB,09EULJN4456L1ZL,66729.17,2021-03-02,Kitchenware cartons,true
29GHOXW1991A4ZA,19YDRKQ8981G8Z0,44534.75,2021-03-07,Packaged fittings,true
09AREDJ3750L1ZR,36GNWQX9803V1ZI,189345.34,2021-03-11,Cotton yarn,true
09EAVZF4445T5ZF,06BAGOT5114I3ZB,141260.53,2021-03-11,Garment lots,false
27ALEPK7569U6ZG,36VLZNB9706Y8Z5,650576.89,2021-03-15,Kitchenware cartons,true
07ONTHA8211P8ZV,33ZBNHU0943P7ZR,158463.75,2021-03-17,Auto spare kits,true
06BYUOB2814C3Z6,06BAGOT5114I3ZB,38219.39,2021-03-24,Cotton yarn,true
24ZMIAB1800N3ZA,06WAFKG4621R2ZO,121688.40,2021-03-25,Moulded plastic parts,false
19UKDFQ9474N1ZH,09AREDJ3750L1ZR,660956.73,2021-03-29,Crude polymer granules,true
09AREDJ3750L1ZR,24QZZUH6664T7ZI,119553.33,2021-04-02,Rubber gaskets,false
06ZSOZA9116X9Z3,29KTEZO9632U3ZL,716831.31,2021-04-03,Rubber gaskets,true
29UTSSL5497K4Z2,06WAFKG4621R2ZO,119457.23,2021-04-20,Packaged fittings,true
07ONTHA8211P8ZV,24WDFFK6372L6ZG,102326.92,2021-05-03,Assembled pump units,true
19UKDFQ9474N1ZH,27ALEPK7569U6ZG,368957.72,2021-05-04,Iron ore,true
29UTSSL5497K4Z2,36EAVZD5995V1ZW,232645.30,2021-05-16,Assembled pump units,true
29CODLF5738S2ZV,29KTEZO9632U3ZL,74880.33,2021-05-18,Aluminium sheets,true
06RGXNS6258D5ZB,27HMTFL8592A4ZD,210434.73,2021-05-18,Garment lots,false
06HMMKP3107F5ZD,19CINWU1856P4ZV,378945.96,2021-05-19,Moulded plastic parts,true
29UTSSL5497K4Z2,19YDRKQ8981G8Z0,135207.37,2021-05-20,Furniture sets,true
29NHUTK5280X8ZT,29EEEDM1207Z5ZI,72092.88,2021-05-23,Auto spare kits,true
27VMTID3305Z9Z1,27JJWTQ8319K2ZQ,21285.29,2021-05-25,Assembled pump units,true
27VMTID3305Z9Z1,09EULJN4456L1ZL,32543.55,2021-05-31,Furniture sets,true
09AREDJ3750L1ZR,19PLHHW1016H9ZF,179787.78,2021-06-06,Aluminium sheets,true
09EAVZF4445T5ZF,27JJWTQ8319K2ZQ,104984.60,2021-06-06,Kitchenware cartons,true
36GNWQX9803V1ZI,27JJWTQ8319K2ZQ,496096.18,2021-06-06,Furniture sets,true
32BEJPU7148L1Z5,07ONTHA8211P8ZV,177538.66,2021-06-18,Plywood panels,true
33VSKKT9786Y3ZG,19YDRKQ8981G8Z0,1131164.47,2021-06-23,Auto spare kits,true
36PPFOZ0403V7Z7,06WAFKG4621R2ZO,118572.01,2021-06-25,Furniture sets,true
07ONTHA8211P8ZV,36VLZNB9706Y8Z5,148785.65,2021-07-01,Garment lots,true
27ZXPIC6089I8ZK,36FIYPN9843Q2Z7,673076.98,2021-07-03,Garment lots,true
24XNQWD7385X3ZL,06FFMGW8098X2ZO,4368102.68,2021-07-12,Raw cotton bales,true
36PPFOZ0403V7Z7,06WAFKG4621R2ZO,150763.13,2021-07-16,Garment lots,true
19UKDFQ9474N1ZH,29KTEZO9632U3ZL,307304.81,2021-07-19,Raw cotton bales,true
29KTEZO9632U3ZL,27HMTFL8592A4ZD,350730.64,2021-07-19,Auto spare kits,true
29ZAFKS8325T5Z6,33PVFCK5757F9ZU,962047.07,2021-07-23,Crude polymer granules,true
29CODLF5738S2ZV,29GHOXW1991A4ZA,86639.53,2021-07-23,Aluminium sheets,true
24QZZUH6664T7ZI,06BAGOT5114I3ZB,124412.00,2021-07-24,Garment lots,true
33VSKKT9786Y3ZG,09EULJN4456L1ZL,996630.61,2021-07-26,Packaged fittings,true
07TUAFV0647D4Z4,36FIYPN9843Q2Z7,702368.18,2021-07-27,Packaged fittings,true
29BGPKH2454D9ZH,09EULJN4456L1ZL,50460.20,2021-07-31,Aluminium sheets,true
29GHOXW1991A4ZA,24WDFFK6372L6ZG,97739.14,2021-07-31,Auto spare kits,true
06FFMGW8098X2ZO,19YDRKQ8981G8Z0,1761082.21,2021-08-05,Auto spare kits,true
24SVGIC0584E3ZH,29EEEDM1207Z5ZI,173594.90,2021-08-06,Rubber gaskets,true
19PLHHW1016H9ZF,27HMTFL8592A4ZD,636645.46,2021-08-09,Furniture sets,true
06HMMKP3107F5ZD,19PLHHW1016H9ZF,403314.26,2021-08-13,Plywood panels,true
29NHUTK5280X8ZT,36EAVZD5995V1ZW,55589.24,2021-08-13,Auto spare kits,true
29UTSSL5497K4Z2,27JJWTQ8319K2ZQ,159575.02,2021-08-16,Furniture sets,true
19UKDFQ9474N1ZH,07TUAFV0647D4Z4,582933.76,2021-08-18,Bauxite,true
19PLHHW1016H9ZF,36FIYPN9843Q2Z7,607638.20,2021-08-28,Auto spare kits,true
36GNWQX9803V1ZI,27JJWTQ8319K2ZQ,513614.97,2021-08-28,Kitchenware cartons,true
36GNWQX9803V1ZI,27JJWTQ8319K2ZQ,449143.56,2021-09-02,Assembled pump units,true
27ALEPK7569U6ZG,33ZBNHU0943P7ZR,504403.71,2021-09-08,Furniture sets,true
29UTSSL5497K4Z2,06WAFKG4621R2ZO,111038.32,2021-09-17,Assembled pump units,true
29CBPWW7946Z2ZA,24QZZUH6664T7ZI,1025046.52,2021-09-18,Unprocessed timber,true
06HMMKP3107F5ZD,19YDRKQ8981G8Z0,404604.55,2021-09-18,Steel coils,true
29FKTQX9100V7ZB,06WAFKG4621R2ZO,60820.80,2021-09-18,Kitchenware cartons,true
29CBPWW7946Z2ZA,06ZSOZA9116X9Z3,498858.98,2021-09-21,Bauxite,true
29UTSSL5497K4Z2,29EEEDM1207Z5ZI,131595.88,2021-09-22,Furniture sets,true
24SVGIC0584E3ZH,27JJWTQ8319K2ZQ,221227.86,2021-09-25,Aluminium sheets,true
24ZMIAB1800N3ZA,06FFMGW8098X2ZO,107002.65,2021-09-27,Moulded plastic parts,false
29FKTQX9100V7ZB,06WAFKG4621R2ZO,61520.08,2021-09-28,Auto spare kits,true
24HHIGA2305T5Z7,29EEEDM1207Z5ZI,37518.74,2021-09-30,Cotton yarn,true
29UTSSL5497K4Z2,29EEEDM1207Z5ZI,142493.14,2021-09-30,Auto spare kits,false
29BGPKH2454D9ZH,19YDRKQ8981G8Z0,47040.88,2021-10-13,Aluminium sheets,true
29BGPKH2454D9ZH,36FIYPN9843Q2Z7,24009.64,2021-10-15,Plywood panels,true
07TUAFV0647D4Z4,36FIYPN9843Q2Z7,709293.50,2021-10-24,Packaged fittings,false
06HMMKP3107F5ZD,19CINWU1856P4ZV,300276.41,2021-10-27,Rubber gaskets,true
19UKDFQ9474N1ZH,07TUAFV0647D4Z4,622559.11,2021-11-11,Unprocessed timber,true
09AREDJ3750L1ZR,19PLHHW1016H9ZF,179037.62,2021-11-15,Plywood panels,true
09GJYTU8142N9ZG,19CINWU1856P4ZV,231250.43,2021-11-20,Crude polymer granules,true
29GHOXW1991A4ZA,36EAVZD5995V1ZW,72560.16,2021-11-30,Packaged fittings,true
29CODLF5738S2ZV,29KTEZO9632U3ZL,83169.76,2021-12-04,Moulded plastic parts,false
09EAVZF4445T5ZF,09EULJN4456L1ZL,117504.18,2021-12-08,Packaged fittings,true
06BYUOB2814C3Z6,33VSKKT9786Y3ZG,45162.28,2021-12-10,Moulded plastic parts,true
29KTEZO9632U3ZL,06BAGOT5114I3ZB,423809.92,2021-12-10,Kitchenware cartons,false
06FFMGW8098X2ZO,36OCSNL9677X2ZE,1005839.57,2021-12-17,Garment lots,true
29BGPKH2454D9ZH,29FKTQX9100V7ZB,44089.94,2021-12-24,Moulded plastic parts,false
24QZZUH6664T7ZI,29UTSSL5497K4Z2,6812030.11,2021-12-27,Auto spare kits,true
19PLHHW1016H9ZF,06WAFKG4621R2ZO,1040773.91,2021-12-31,Furniture sets,true
19UKDFQ9474N1ZH,27ALEPK7569U6ZG,349509.73,2022-01-03,Iron ore,true
29FKTQX9100V7ZB,06BAGOT5114I3ZB,22089.48,2022-01-03,Auto spare kits,true
32HRUDX5644S8Z9,19PLHHW1016H9ZF,2740671.72,2022-01-09,Raw rubber sheets,true
24XNQWD7385X3ZL,06FFMGW8098X2ZO,4184157.68,2022-01-18,Unprocessed timber,true
33VSKKT9786Y3ZG,09EULJN4456L1ZL,985612.55,2022-01-20,Auto spare kits,true
33JCJFN2696A7ZH,07ABDII1174G9ZY,1574690.02,2022-01-23,Bauxite,true
19UKDFQ9474N1ZH,19ZJYJV7014C7ZU,320282.20,2022-01-24,Unprocessed timber,true
06HMMKP3107F5ZD,29KTEZO9632U3ZL,233783.73,2022-01-26,Rubber gaskets,true
24SVGIC0584E3ZH,29EEEDM1207Z5ZI,180141.52,2022-01-26,Plywood panels,true
29GHOXW1991A4ZA,19YDRKQ8981G8Z0,50749.65,2022-02-03,Auto spare kits,true
29FKTQX9100V7ZB,36FIYPN9843Q2Z7,51724.52,2022-02-04,Assembled pump units,true
06HMMKP3107F5ZD,29EEEDM1207Z5ZI,296104.07,2022-02-06,Moulded plastic parts,true
07TUAFV0647D4Z4,33ZBNHU0943P7ZR,490324.97,2022-02-17,Assembled pump units,false
07TUAFV0647D4Z4,19YDRKQ8981G8Z0,692306.09,2022-02-20,Assembled pump units,true
06RGXNS6258D5ZB,29EEEDM1207Z5ZI,349934.07,2022-02-21,Furniture sets,true
32HRUDX5644S8Z9,19PLHHW1016H9ZF,2785097.54,2022-03-02,Crude polymer granules,true
19PLHHW1016H9ZF,27JJWTQ8319K2ZQ,1096681.35,2022-03-03,Garment lots,true
33JCJFN2696A7ZH,07ABDII1174G9ZY,1614289.65,2022-03-04,Unprocessed timber,true
29ZAFKS8325T5Z6,27ALEPK7569U6ZG,704787.14,2022-03-09,Crude polymer granules,true
06ZSOZA9116X9Z3,06YLMRX1588B6ZF,414226.92,2022-03-10,Plywood panels,true
06FFMGW8098X2ZO,36EAVZD5995V1ZW,1485053.27,2022-03-14,Auto spare kits,true
19PLHHW1016H9ZF,27JJWTQ8319K2ZQ,1181980.27,2022-03-14,Auto spare kits,true
24SVGIC0584E3ZH,33GTKCX4322Y9ZI,221816.54,2022-03-23,Aluminium sheets,true
29NHUTK5280X8ZT,06BAGOT5114I3ZB,86010.44,2022-03-23,Furniture sets,true
19UKDFQ9474N1ZH,29KTEZO9632U3ZL,341486.06,2022-03-28,Iron ore,true
29NHUTK5280X8ZT,36OCSNL9677X2ZE,48872.57,2022-04-02,Furniture sets,true
07TUAFV0647D4Z4,33ZBNHU0943P7ZR,407063.01,2022-04-02,Assembled pump units,true
09GJYTU8142N9ZG,19CINWU1856P4ZV,225306.52,2022-04-03,Iron ore,true
07TUAFV0647D4Z4,33ZBNHU0943P7ZR,467983.22,2022-04-05,Auto spare kits,true
33JCJFN2696A7ZH,29UTSSL5497K4Z2,904116.58,2022-04-10,Raw cotton bales,true
33JCJFN2696A7ZH,32BEJPU7148L1Z5,2178509.35,2022-04-12,Bauxite,true
29BGPKH2454D9ZH,29FKTQX9100V7ZB,44916.55,2022-05-06,Aluminium sheets,false
32HRUDX5644S8Z9,27LQOKU1297U4Z3,3274146.43,2022-05-11,Crude polymer granules,true
09EAVZF4445T5ZF,27JJWTQ8319K2ZQ,120903.58,2022-05-12,Furniture sets,true
07TUAFV0647D4Z4,36VLZNB9706Y8Z5,893262.36,2022-05-13,Packaged fittings,true
07KUQLA3240I4ZW,24SVGIC0584E3ZH,746874.53,2022-05-16,Raw cotton bales,true
06RGXNS6258D5ZB,27JJWTQ8319K2ZQ,379131.25,2022-05-29,Packaged fittings,false
19UKDFQ9474N1ZH,24QZZUH6664T7ZI,367536.27,2022-06-02,Raw rubber sheets,true
29UTSSL5497K4Z2,29EEEDM1207Z5ZI,133854.02,2022-06-04,Auto spare kits,true
24XNQWD7385X3ZL,29QKBDF0435G7ZL,5502635.32,2022-06-21,Iron ore,true
29KTEZO9632U3ZL,06BAGOT5114I3ZB,397658.94,2022-06-21,Packaged fittings,true
09AREDJ3750L1ZR,29EEEDM1207Z5ZI,207926.02,2022-06-23,Steel coils,true
29CBPWW7946Z2ZA,24QZZUH6664T7ZI,979652.93,2022-06-25,Raw cotton bales,true
06ZSOZA9116X9Z3,29KTEZO9632U3ZL,721950.34,2022-06-25,Rubber gaskets,true
06WTKXB3624X2ZZ,24AGMGP8326M1ZX,466605.65,2022-06-30,Steel coils,true
29KTEZO9632U3ZL,36VLZNB9706Y8Z5,262167.66,2022-07-01,Furniture sets,true
06BYUOB2814C3Z6,36OCSNL9677X2ZE,53564.81,2022-07-02,Aluminium sheets,true
06FFMGW8098X2ZO,27JJWTQ8319K2ZQ,814647.28,2022-07-07,Furniture sets,true
24SVGIC0584E3ZH,33GTKCX4322Y9ZI,193723.90,2022-07-09,Cotton yarn,true
24ZMIAB1800N3ZA,06WAFKG4621R2ZO,117961.48,2022-07-16,Steel coils,false
27VMTID3305Z9Z1,27JJWTQ8319K2ZQ,21369.26,2022-07-20,Auto spare kits,true
06HMMKP3107F5ZD,27ZXPIC6089I8ZK,245531.08,2022-07-23,Rubber gaskets,true
36PPFOZ0403V7Z7,06BAGOT5114I3ZB,198738.45,2022-07-23,Kitchenware cartons,true
24SVGIC0584E3ZH,29EEEDM1207Z5ZI,214529.95,2022-07-25,Cotton yarn,true
32BEJPU7148L1Z5,06BAGOT5114I3ZB,172397.05,2022-07-26,Steel coils,true
29FKTQX9100V7ZB,09EULJN4456L1ZL,60478.45,2022-07-31,Kitchenware cartons,true
29NHUTK5280X8ZT,29EEEDM1207Z5ZI,89714.32,2022-07-31,Kitchenware cartons,true
19UKDFQ9474N1ZH,24QZZUH6664T7ZI,451162.62,2022-08-01,Bauxite,true
29GHOXW1991A4ZA,19YDRKQ8981G8Z0,54890.57,2022-08-03,Packaged fittings,true
32HRUDX5644S8Z9,06WTKXB3624X2ZZ,1522316.58,2022-08-08,Crude polymer granules,true
24QZZUH6664T7ZI,36FIYPN9843Q2Z7,123318.95,2022-08-08,Assembled pump units,true
07ONTHA8211P8ZV,06FOYRN1089G8ZA,169258.69,2022-08-09,Garment lots,true
06YLMRX1588B6ZF,24WDFFK6372L6ZG,412204.88,2022-08-18,Garment lots,true
06YLMRX1588B6ZF,36FIYPN9843Q2Z7,519982.37,2022-08-26,Auto spare kits,true
06YLMRX1588B6ZF,36FIYPN9843Q2Z7,413916.19,2022-08-28,Auto spare kits,true
06YLMRX1588B6ZF,36FIYPN9843Q2Z7,453172.80,2022-09-13,Assembled pump units,true
29FKTQX9100V7ZB,36FIYPN9843Q2Z7,55096.41,2022-09-13,Auto spare kits,true
29CODLF5738S2ZV,06FFMGW8098X2ZO,56994.41,2022-09-19,Aluminium sheets,true
06ZSOZA9116X9Z3,29KTEZO9632U3ZL,773187.27,2022-09-21,Aluminium sheets,true
06RGXNS6258D5ZB,27JJWTQ8319K2ZQ,396899.68,2022-09-22,Kitchenware cartons,true
29BGPKH2454D9ZH,19YDRKQ8981G8Z0,46974.22,2022-09-23,Plywood panels,false
19UKDFQ9474N1ZH,07TUAFV0647D4Z4,555797.39,2022-09-27,Unprocessed timber,true
29NHUTK5280X8ZT,29EEEDM1207Z5ZI,67583.40,2022-09-27,Packaged fittings,true
29CODLF5738S2ZV,29GHOXW1991A4ZA,77613.96,2022-09-28,Steel coils,true
06RGXNS6258D5ZB,36VLZNB9706Y8Z5,402336.42,2022-09-28,Kitchenware cartons,false
06YLMRX1588B6ZF,06BAGOT5114I3ZB,293655.69,2022-10-05,Assembled pump units,true
29CODLF5738S2ZV,09EULJN4456L1ZL,84431.92,2022-10-06,Rubber gaskets,true
06YLMRX1588B6ZF,36EAVZD5995V1ZW,296815.91,2022-10-12,Assembled pump units,true
29GHOXW1991A4ZA,29EEEDM1207Z5ZI,110282.38,2022-10-12,Garment lots,true
06YLMRX1588B6ZF,24WDFFK6372L6ZG,501717.83,2022-10-14,Auto spare kits,true
06BYUOB2814C3Z6,36OCSNL9677X2ZE,61484.27,2022-10-15,Plywood panels,true
29CODLF5738S2ZV,06FFMGW8098X2ZO,62121.44,2022-10-25,Cotton yarn,true
06YLMRX1588B6ZF,06BAGOT5114I3ZB,241409.39,2022-10-27,Garment lots,true
06YLMRX1588B6ZF,06BAGOT5114I3ZB,264637.37,2022-10-27,Packaged fittings,false
09EAVZF4445T5ZF,27JJWTQ8319K2ZQ,115661.32,2022-11-01,Furniture sets,true
06YLMRX1588B6ZF,06BAGOT5114I3ZB,280949.75,2022-11-06,Packaged fittings,true
06YLMRX1588B6ZF,06BAGOT5114I3ZB,294934.45,2022-11-12,Assembled pump units,true
09AREDJ3750L1ZR,19PLHHW1016H9ZF,182466.03,2022-11-14,Moulded plastic parts,true
07ONTHA8211P8ZV,27JJWTQ8319K2ZQ,179766.55,2022-11-14,Packaged fittings,true
07ONTHA8211P8ZV,24WDFFK6372L6ZG,102395.16,2022-11-20,Assembled pump units,true
24HHIGA2305T5Z7,29EEEDM1207Z5ZI,48504.36,2022-11-21,Aluminium sheets,true
06BYUOB2814C3Z6,29GHOXW1991A4ZA,53417.93,2022-11-22,Aluminium sheets,true
07TUAFV0647D4Z4,36VLZNB9706Y8Z5,759720.09,2022-11-23,Packaged fittings,true
29NHUTK5280X8ZT,36OCSNL9677X2ZE,57614.74,2022-11-27,Packaged fittings,true
06WTKXB3624X2ZZ,06BAGOT5114I3ZB,955705.79,2022-12-05,Plywood panels,true
06HMMKP3107F5ZD,19PLHHW1016H9ZF,353619.28,2022-12-07,Moulded plastic parts,true
32HRUDX5644S8Z9,19PLHHW1016H9ZF,2938449.18,2022-12-08,Unprocessed timber,true
09EAVZF4445T5ZF,36EAVZD5995V1ZW,136049.90,2022-12-08,Auto spare kits,true
27SMUUO2665D2ZB,24SVGIC0584E3ZH,756368.98,2022-12-09,Raw rubber sheets,true
27XCGLU6888M7Z9,33VSKKT9786Y3ZG,2865896.86,2022-12-14,Unprocessed timber,true
24ZMIAB1800N3ZA,29FKTQX9100V7ZB,159367.25,2022-12-18,Moulded plastic parts,true
06RGXNS6258D5ZB,27JJWTQ8319K2ZQ,320534.44,2022-12-19,Auto spare kits,true
27VMTID3305Z9Z1,27JJWTQ8319K2ZQ,27486.95,2022-12-20,Assembled pump units,true
07UAULE5677X8ZE,29UTSSL5497K4Z2,172811.20,2022-12-22,Rubber gaskets,false
06YLMRX1588B6ZF,33ZBNHU0943P7ZR,380398.66,2022-12-29,Kitchenware cartons,true
06YLMRX1588B6ZF,36OCSNL9677X2ZE,437503.92,2022-12-31,Furniture sets,true
06YLMRX1588B6ZF,33ZBNHU0943P7ZR,401062.93,2023-01-01,Auto spare kits,true
27VMTID3305Z9Z1,09EULJN4456L1ZL,34685.94,2023-01-05,Assembled pump units,true
06YLMRX1588B6ZF,33ZBNHU0943P7ZR,405797.05,2023-01-12,Assembled pump units,true
29BGPKH2454D9ZH,36FIYPN9843Q2Z7,29351.44,2023-01-16,Plywood panels,false
06BYUOB2814C3Z6,29GHOXW1991A4ZA,56709.00,2023-01-17,Cotton yarn,true
33JCJFN2696A7ZH,29UTSSL5497K4Z2,1141122.09,2023-01-22,Unprocessed timber,true
29BGPKH2454D9ZH,29FKTQX9100V7ZB,46087.37,2023-01-22,Rubber gaskets,true
24SVGIC0584E3ZH,33GTKCX4322Y9ZI,224164.83,2023-01-26,Steel coils,true
09EAVZF4445T5ZF,27HMTFL8592A4ZD,49338.13,2023-01-27,Kitchenware cartons,true
19GFKAV3735Q8ZB,06FFMGW8098X2ZO,157136.29,2023-01-28,Crude polymer granules,true
06YLMRX1588B6ZF,33ZBNHU0943P7ZR,342806.60,2023-02-01,Furniture sets,true
24QZZUH6664T7ZI,19YDRKQ8981G8Z0,229265.42,2023-02-02,Packaged fittings,true
29EEEDM1207Z5ZI,09EULJN4456L1ZL,195898.86,2023-02-03,Recovered packaging material,true
07KUQLA3240I4ZW,24SVGIC0584E3ZH,774000.12,2023-02-05,Raw rubber sheets,false
27SMUUO2665D2ZB,33PVFCK5757F9ZU,631836.23,2023-02-06,Unprocessed timber,true
09GJYTU8142N9ZG,06WTKXB3624X2ZZ,84089.84,2023-02-06,Unprocessed timber,true
07ONTHA8211P8ZV,36VLZNB9706Y8Z5,147209.60,2023-02-12,Packaged fittings,true
06YLMRX1588B6ZF,36OCSNL9677X2ZE,407947.39,2023-02-13,Furniture sets,true
29NHUTK5280X8ZT,06WAFKG4621R2ZO,61746.79,2023-02-19,Packaged fittings,true
19GFKAV3735Q8ZB,06FFMGW8098X2ZO,138044.90,2023-02-20,Iron ore,false
27VMTID3305Z9Z1,06FOYRN1089G8ZA,12697.62,2023-02-22,Assembled pump units,true
06BYUOB2814C3Z6,33VSKKT9786Y3ZG,44314.87,2023-02-25,Moulded plastic parts,true
19GFKAV3735Q8ZB,27LQOKU1297U4Z3,106397.29,2023-02-26,Iron ore,false
06BAGOT5114I3ZB,27JJWTQ8319K2ZQ,147519.76,2023-02-26,Recovered packaging material,true
06BAGOT5114I3ZB,27JJWTQ8319K2ZQ,146700.83,2023-03-04,Inter-branch stock transfer,true
19UKDFQ9474N1ZH,29KTEZO9632U3ZL,394038.41,2023-03-06,Raw cotton bales,true
06YLMRX1588B6ZF,33ZBNHU0943P7ZR,320264.50,2023-03-07,Auto spare kits,true
29BGPKH2454D9ZH,07ONTHA8211P8ZV,46693.12,2023-03-14,Plywood panels,false
32BEJPU7148L1Z5,24AGMGP8326M1ZX,242200.76,2023-03-15,Plywood panels,true
29ZAFKS8325T5Z6,29EFAZI5543B4ZA,1181765.77,2023-03-20,Crude polymer granules,true
06YLMRX1588B6ZF,36OCSNL9677X2ZE,504646.96,2023-03-28,Assembled pump units,true
06BAGOT5114I3ZB,27JJWTQ8319K2ZQ,145013.79,2023-03-31,Scrap and offcuts,true
32HRUDX5644S8Z9,06WTKXB3624X2ZZ,1718180.93,2023-04-02,Crude polymer granules,true
09AREDJ3750L1ZR,29EEEDM1207Z5ZI,215398.18,2023-04-05,Cotton yarn,true
09EAVZF4445T5ZF,27HMTFL8592A4ZD,45294.18,2023-04-06,Furniture sets,true
27ALEPK7569U6ZG,36VLZNB9706Y8Z5,651677.35,2023-04-09,Garment lots,true
27WIYMC1225Z2ZK,33GTKCX4322Y9ZI,737963.27,2023-04-11,Kitchenware cartons,true
32BEJPU7148L1Z5,24AGMGP8326M1ZX,238717.92,2023-04-16,Cotton yarn,true
09AREDJ3750L1ZR,19PLHHW1016H9ZF,142969.77,2023-04-17,Cotton yarn,true
06FFMGW8098X2ZO,19YDRKQ8981G8Z0,1561665.43,2023-04-17,Auto spare kits,true
07ONTHA8211P8ZV,33GTKCX4322Y9ZI,234965.54,2023-04-18,Kitchenware cartons,true
19UKDFQ9474N1ZH,09AREDJ3750L1ZR,582272.51,2023-04-20,Raw cotton bales,true
09AREDJ3750L1ZR,36GNWQX9803V1ZI,228177.03,2023-04-26,Rubber gaskets,true
29GHOXW1991A4ZA,06BAGOT5114I3ZB,57350.46,2023-04-26,Furniture sets,true
24ZMIAB1800N3ZA,27ZXPIC6089I8ZK,223345.41,2023-04-28,Cotton yarn,true
33JCJFN2696A7ZH,07ABDII1174G9ZY,1523251.54,2023-04-29,Raw cotton bales,true
24QZZUH6664T7ZI,06WAFKG4621R2ZO,145193.83,2023-05-01,Assembled pump units,true
29GHOXW1991A4ZA,29EEEDM1207Z5ZI,112169.36,2023-05-01,Garment lots,true
24XNQWD7385X3ZL,29QKBDF0435G7ZL,5281985.36,2023-05-02,Bauxite,true
06FFMGW8098X2ZO,27JJWTQ8319K2ZQ,688700.93,2023-05-04,Furniture sets,true
27ZXPIC6089I8ZK,36FIYPN9843Q2Z7,812629.68,2023-05-10,Assembled pump units,true
09EAVZF4445T5ZF,27JJWTQ8319K2ZQ,116816.98,2023-05-10,Furniture sets,true
27ZXPIC6089I8ZK,36FIYPN9843Q2Z7,697020.60,2023-05-14,Packaged fittings,true
29CODLF5738S2ZV,09EULJN4456L1ZL,76199.54,2023-05-15,Cotton yarn,true
29BGPKH2454D9ZH,36FIYPN9843Q2Z7,25509.95,2023-05-16,Aluminium sheets,true
29NHUTK5280X8ZT,36EAVZD5995V1ZW,54270.68,2023-05-16,Garment lots,true
06RANFK6405V9Z5,33ZBNHU0943P7ZR,502389.40,2023-05-16,Packaged fittings,true
29GHOXW1991A4ZA,06BAGOT5114I3ZB,59865.09,2023-05-22,Garment lots,true
32JXXBH4534N8Z5,09EULJN4456L1ZL,75043.24,2023-05-23,Kitchenware cartons,true
29GHOXW1991A4ZA,36EAVZD5995V1ZW,64297.45,2023-05-24,Assembled pump units,true
29EFAZI5543B4ZA,33VSKKT9786Y3ZG,394352.81,2023-05-26,Rubber gaskets,false
09AREDJ3750L1ZR,29EEEDM1207Z5ZI,178718.64,2023-05-27,Plywood panels,true
24SVGIC0584E3ZH,33GTKCX4322Y9ZI,191763.50,2023-06-05,Cotton yarn,true
29FKTQX9100V7ZB,06WAFKG4621R2ZO,57079.86,2023-06-07,Kitchenware cartons,true
06WTKXB3624X2ZZ,06BAGOT5114I3ZB,905904.87,2023-06-18,Steel coils,true
24SVGIC0584E3ZH,06WAFKG4621R2ZO,226148.66,2023-06-18,Plywood panels,true
07TUAFV0647D4Z4,36FIYPN9843Q2Z7,678065.30,2023-06-19,Auto spare kits,true
19GFKAV3735Q8ZB,06FFMGW8098X2ZO,129797.19,2023-06-21,Raw rubber sheets,true
29CODLF5738S2ZV,36VLZNB9706Y8Z5,38652.12,2023-06-21,Cotton yarn,true
09EULJN4456L1ZL,19YDRKQ8981G8Z0,188205.91,2023-06-21,Returned unsold stock,true
27SMUUO2665D2ZB,27WIYMC1225Z2ZK,1092852.52,2023-06-22,Raw rubber sheets,true
27VMTID3305Z9Z1,27JJWTQ8319K2ZQ,28206.87,2023-07-06,Kitchenware cartons,true
19UKDFQ9474N1ZH,19ZJYJV7014C7ZU,381307.93,2023-07-15,Raw cotton bales,true
24ZMIAB1800N3ZA,27ZXPIC6089I8ZK,210611.90,2023-07-16,Steel coils,false
06HMMKP3107F5ZD,19PLHHW1016H9ZF,352139.35,2023-07-17,Rubber gaskets,true
29UTSSL5497K4Z2,33ZBNHU0943P7ZR,308518.23,2023-07-19,Furniture sets,true
07TUAFV0647D4Z4,06BAGOT5114I3ZB,346134.81,2023-07-24,Auto spare kits,true
06WTKXB3624X2ZZ,24AGMGP8326M1ZX,443918.97,2023-07-29,Cotton yarn,true
09LFTIT0622R5ZW,27WIYMC1225Z2ZK,108627.00,2023-07-31,Raw rubber sheets,true
06BYUOB2814C3Z6,24AGMGP8326M1ZX,92659.58,2023-07-31,Plywood panels,true
29JQZRD1863U2Z1,24HHIGA2305T5Z7,127652.71,2023-08-07,Crude polymer granules,true
07TUAFV0647D4Z4,19YDRKQ8981G8Z0,648017.10,2023-08-09,Auto spare kits,true
27WIYMC1225Z2ZK,36OCSNL9677X2ZE,900431.92,2023-08-09,Furniture sets,true
29JQZRD1863U2Z1,29KTEZO9632U3ZL,121964.16,2023-08-15,Bauxite,true
24SVGIC0584E3ZH,06WAFKG4621R2ZO,203447.86,2023-08-22,Moulded plastic parts,true
29UTSSL5497K4Z2,19YDRKQ8981G8Z0,119409.09,2023-08-22,Furniture sets,true
19GFKAV3735Q8ZB,36MZJBD4917K5Z9,98198.94,2023-08-23,Raw cotton bales,true
24QZZUH6664T7ZI,36FIYPN9843Q2Z7,126668.66,2023-08-27,Assembled pump units,true
27JJWTQ8319K2ZQ,06FAQAP4122I4ZE,141486.47,2023-08-27,Inter-branch stock transfer,false
06BYUOB2814C3Z6,24AGMGP8326M1ZX,84770.06,2023-08-28,Moulded plastic parts,true
09LFTIT0622R5ZW,24YYWVX1034K1ZA,162483.98,2023-08-29,Bauxite,true
07TUAFV0647D4Z4,19YDRKQ8981G8Z0,719963.96,2023-08-30,Furniture sets,true
29KTEZO9632U3ZL,29EEEDM1207Z5ZI,508181.19,2023-09-01,Assembled pump units,true
27LQOKU1297U4Z3,06FAQAP4122I4ZE,1349261.14,2023-09-03,Assembled pump units,true
29EFAZI5543B4ZA,19YDRKQ8981G8Z0,272551.73,2023-09-04,Plywood panels,true
27LQOKU1297U4Z3,06BAGOT5114I3ZB,509874.35,2023-09-04,Garment lots,true
32JXXBH4534N8Z5,06FAQAP4122I4ZE,77550.49,2023-09-08,Garment lots,true
32JXXBH4534N8Z5,19YDRKQ8981G8Z0,72177.56,2023-09-13,Auto spare kits,true
19UKDFQ9474N1ZH,07TUAFV0647D4Z4,638953.50,2023-09-14,Raw rubber sheets,true
29KTEZO9632U3ZL,29EEEDM1207Z5ZI,586109.15,2023-09-15,Packaged fittings,true
33PVFCK5757F9ZU,06WAFKG4621R2ZO,273527.58,2023-09-18,Aluminium sheets,true
27WIYMC1225Z2ZK,24WDFFK6372L6ZG,722368.28,2023-09-22,Kitchenware cartons,true
27SMUUO2665D2ZB,33PVFCK5757F9ZU,730589.72,2023-10-01,Raw cotton bales,true
07UAULE5677X8ZE,36MZJBD4917K5Z9,254170.44,2023-10-06,Plywood panels,true
24SVGIC0584E3ZH,29GHOXW1991A4ZA,140813.83,2023-10-09,Rubber gaskets,true
29BGPKH2454D9ZH,07ONTHA8211P8ZV,47175.27,2023-10-13,Plywood panels,true
06FFMGW8098X2ZO,19YDRKQ8981G8Z0,1566373.26,2023-10-13,Garment lots,false
19GFKAV3735Q8ZB,29NHUTK5280X8ZT,128177.00,2023-10-17,Iron ore,false
27WIYMC1225Z2ZK,29EEEDM1207Z5ZI,1091780.24,2023-10-18,Auto spare kits,true
27WIYMC1225Z2ZK,06FAQAP4122I4ZE,1433716.57,2023-10-19,Furniture sets,true
09LFTIT0622R5ZW,32CSIUV0454F1ZA,156455.98,2023-10-20,Raw rubber sheets,true
33PVFCK5757F9ZU,06WAFKG4621R2ZO,240556.19,2023-10-20,Moulded plastic parts,true
33PVFCK5757F9ZU,06WAFKG4621R2ZO,212744.49,2023-10-20,Rubber gaskets,true
06FFMGW8098X2ZO,36OCSNL9677X2ZE,955335.14,2023-10-23,Packaged fittings,true
06RANFK6405V9Z5,29EEEDM1207Z5ZI,264021.28,2023-10-24,Furniture sets,true
29KTEZO9632U3ZL,29EEEDM1207Z5ZI,601508.00,2023-10-24,Packaged fittings,true
33PVFCK5757F9ZU,06RGXNS6258D5ZB,406421.94,2023-10-25,Rubber gaskets,true
32JXXBH4534N8Z5,06FOYRN1089G8ZA,57475.66,2023-10-26,Furniture sets,true
27ALEPK7569U6ZG,36VLZNB9706Y8Z5,631042.15,2023-10-28,Auto spare kits,true
33PVFCK5757F9ZU,06WAFKG4621R2ZO,253160.09,2023-10-30,Rubber gaskets,true
33PVFCK5757F9ZU,06WAFKG4621R2ZO,231712.14,2023-10-30,Cotton yarn,true
24SVGIC0584E3ZH,06WAFKG4621R2ZO,188191.16,2023-10-31,Steel coils,true
24SVGIC0584E3ZH,06FOYRN1089G8ZA,203702.32,2023-11-01,Aluminium sheets,false
29BGPKH2454D9ZH,36FIYPN9843Q2Z7,27874.12,2023-11-02,Rubber gaskets,true
33PVFCK5757F9ZU,06RGXNS6258D5ZB,424407.41,2023-11-08,Moulded plastic parts,true
29NHUTK5280X8ZT,24WDFFK6372L6ZG,43322.13,2023-11-08,Assembled pump units,true
29KTEZO9632U3ZL,06BAGOT5114I3ZB,458156.21,2023-11-11,Auto spare kits,true
33PVFCK5757F9ZU,06RGXNS6258D5ZB,479277.23,2023-11-12,Moulded plastic parts,true
36MZJBD4917K5Z9,09EULJN4456L1ZL,1606249.86,2023-11-12,Auto spare kits,true
29NHUTK5280X8ZT,33GTKCX4322Y9ZI,76055.23,2023-11-15,Packaged fittings,true
29ZAFKS8325T5Z6,24ZMIAB1800N3ZA,1004744.52,2023-11-16,Raw cotton bales,true
24QZZUH6664T7ZI,33GTKCX4322Y9ZI,216913.28,2023-11-20,Auto spare kits,false
32JXXBH4534N8Z5,27HMTFL8592A4ZD,83274.39,2023-11-24,Kitchenware cartons,true
29JQZRD1863U2Z1,27WIYMC1225Z2ZK,220933.01,2023-11-30,Raw rubber sheets,true
33PVFCK5757F9ZU,06RGXNS6258D5ZB,490191.66,2023-11-30,Cotton yarn,true
29KTEZO9632U3ZL,33GTKCX4322Y9ZI,317264.21,2023-11-30,Auto spare kits,true
24QZZUH6664T7ZI,19YDRKQ8981G8Z0,192311.73,2023-12-01,Garment lots,true
27VMTID3305Z9Z1,06FOYRN1089G8ZA,14335.36,2023-12-02,Garment lots,true
27SMUUO2665D2ZB,06HMMKP3107F5ZD,378141.26,2023-12-10,Bauxite,true
32JXXBH4534N8Z5,06FOYRN1089G8ZA,63794.94,2023-12-11,Auto spare kits,true
29CBPWW7946Z2ZA,27WIYMC1225Z2ZK,1012369.22,2023-12-13,Raw cotton bales,true
29FKTQX9100V7ZB,27HMTFL8592A4ZD,39289.69,2023-12-17,Garment lots,true
07KUQLA3240I4ZW,27ALEPK7569U6ZG,497910.61,2023-12-18,Bauxite,true
24AGMGP8326M1ZX,33ZBNHU0943P7ZR,275893.82,2023-12-18,Kitchenware cartons,false
36MZJBD4917K5Z9,36OCSNL9677X2ZE,819350.22,2023-12-20,Packaged fittings,false
27WIYMC1225Z2ZK,36FIYPN9843Q2Z7,799986.90,2023-12-20,Kitchenware cartons,true
29NHUTK5280X8ZT,36EAVZD5995V1ZW,50925.47,2023-12-23,Kitchenware cartons,true
29JQZRD1863U2Z1,32BEJPU7148L1Z5,109108.57,2023-12-25,Unprocessed timber,true
24AGMGP8326M1ZX,33ZBNHU0943P7ZR,352697.18,2023-12-31,Packaged fittings,false
27SMUUO2665D2ZB,27WIYMC1225Z2ZK,985848.37,2024-01-05,Bauxite,true
07ONTHA8211P8ZV,24WDFFK6372L6ZG,96289.11,2024-01-05,Auto spare kits,true
06RGXNS6258D5ZB,27JJWTQ8319K2ZQ,364848.81,2024-01-06,Kitchenware cartons,true
24AGMGP8326M1ZX,36OCSNL9677X2ZE,238675.03,2024-01-08,Auto spare kits,true
27WIYMC1225Z2ZK,36OCSNL9677X2ZE,923054.59,2024-01-12,Furniture sets,true
36MZJBD4917K5Z9,24WDFFK6372L6ZG,1568208.94,2024-01-15,Assembled pump units,true
27WIYMC1225Z2ZK,33GTKCX4322Y9ZI,821748.88,2024-01-17,Auto spare kits,true
24QZZUH6664T7ZI,19YDRKQ8981G8Z0,181455.09,2024-01-19,Packaged fittings,true
19PLHHW1016H9ZF,27HMTFL8592A4ZD,715965.04,2024-01-19,Auto spare kits,true
27LQOKU1297U4Z3,06FAQAP4122I4ZE,1125542.73,2024-01-23,Garment lots,true
36MZJBD4917K5Z9,24WDFFK6372L6ZG,1295135.63,2024-01-26,Packaged fittings,true
29KTEZO9632U3ZL,29EEEDM1207Z5ZI,508143.53,2024-01-26,Kitchenware cartons,true
09GJYTU8142N9ZG,27ALEPK7569U6ZG,215164.82,2024-01-27,Raw cotton bales,true
29NHUTK5280X8ZT,24WDFFK6372L6ZG,35212.85,2024-01-31,Assembled pump units,true
06YLMRX1588B6ZF,27JJWTQ8319K2ZQ,269438.38,2024-02-03,Kitchenware cartons,true
29FKTQX9100V7ZB,06BAGOT5114I3ZB,25299.93,2024-02-05,Furniture sets,true
19CINWU1856P4ZV,36EAVZD5995V1ZW,133688.72,2024-02-05,Packaged fittings,true
27LQOKU1297U4Z3,06FAQAP4122I4ZE,1220143.26,2024-02-05,Auto spare kits,true
07SMIEI8471F2ZB,36PPFOZ0403V7Z7,518269.09,2024-02-07,Rubber gaskets,true
19CINWU1856P4ZV,36EAVZD5995V1ZW,145601.24,2024-02-08,Auto spare kits,true
24AGMGP8326M1ZX,33ZBNHU0943P7ZR,343035.20,2024-02-10,Packaged fittings,false
32JXXBH4534N8Z5,06FAQAP4122I4ZE,78937.33,2024-02-12,Garment lots,true
06RANFK6405V9Z5,33ZBNHU0943P7ZR,612717.53,2024-02-12,Furniture sets,true
32JXXBH4534N8Z5,19YDRKQ8981G8Z0,62592.33,2024-02-14,Garment lots,true
27SMUUO2665D2ZB,24SVGIC0584E3ZH,675094.57,2024-02-15,Bauxite,true
33PVFCK5757F9ZU,07ONTHA8211P8ZV,453712.43,2024-02-15,Aluminium sheets,true
24AGMGP8326M1ZX,36OCSNL9677X2ZE,236493.27,2024-02-17,Packaged fittings,false
27WIYMC1225Z2ZK,36FIYPN9843Q2Z7,808025.92,2024-02-17,Kitchenware cartons,true
29KTEZO9632U3ZL,06FAQAP4122I4ZE,229106.75,2024-02-17,Auto spare kits,true
33PVFCK5757F9ZU,07ONTHA8211P8ZV,503332.61,2024-02-18,Moulded plastic parts,true
06FFMGW8098X2ZO,06FOYRN1089G8ZA,886796.48,2024-02-18,Auto spare kits,true
24SVGIC0584E3ZH,27JJWTQ8319K2ZQ,247800.38,2024-02-19,Moulded plastic parts,true
29FKTQX9100V7ZB,06FOYRN1089G8ZA,37853.91,2024-02-19,Furniture sets,true
29KTEZO9632U3ZL,06FAQAP4122I4ZE,237603.12,2024-02-20,Kitchenware cartons,true
27SMUUO2665D2ZB,33PVFCK5757F9ZU,690394.64,2024-02-23,Bauxite,true
06ZSOZA9116X9Z3,27ALEPK7569U6ZG,723549.71,2024-02-24,Moulded plastic parts,true
29FKTQX9100V7ZB,06WAFKG4621R2ZO,58028.52,2024-02-25,Packaged fittings,true
27ZXPIC6089I8ZK,06FAQAP4122I4ZE,299947.51,2024-02-26,Furniture sets,true
06RANFK6405V9Z5,36EAVZD5995V1ZW,504868.18,2024-02-26,Packaged fittings,true
06FHVNT7733I5ZV,09EAVZF4445T5ZF,611495.77,2024-02-28,Cotton yarn,false
24AGMGP8326M1ZX,33ZBNHU0943P7ZR,333677.03,2024-02-29,Furniture sets,false
29NHUTK5280X8ZT,24WDFFK6372L6ZG,35194.13,2024-03-01,Packaged fittings,true
19CINWU1856P4ZV,36EAVZD5995V1ZW,161136.37,2024-03-06,Furniture sets,true
09AREDJ3750L1ZR,36GNWQX9803V1ZI,186781.84,2024-03-07,Aluminium sheets,true
32DGWWG8013H9ZR,06ZSOZA9116X9Z3,685813.42,2024-03-09,Iron ore,true
06FHVNT7733I5ZV,09EAVZF4445T5ZF,544156.19,2024-03-09,Moulded plastic parts,true
33PVFCK5757F9ZU,07ONTHA8211P8ZV,463460.38,2024-03-14,Steel coils,true
33PVFCK5757F9ZU,07ONTHA8211P8ZV,444248.54,2024-03-14,Rubber gaskets,true
06YLMRX1588B6ZF,27JJWTQ8319K2ZQ,250154.35,2024-03-15,Packaged fittings,true
06RANFK6405V9Z5,33GTKCX4322Y9ZI,492978.72,2024-03-16,Packaged fittings,true
29KTEZO9632U3ZL,06FAQAP4122I4ZE,242507.59,2024-03-19,Assembled pump units,true
06FHVNT7733I5ZV,06BAGOT5114I3ZB,438120.20,2024-03-20,Steel coils,true
07KWILE8553U6ZA,24WDFFK6372L6ZG,562885.53,2024-03-20,Moulded plastic parts,true
19GFKAV3735Q8ZB,27LQOKU1297U4Z3,95934.61,2024-03-21,Unprocessed timber,false
29CBPWW7946Z2ZA,06ZSOZA9116X9Z3,405868.39,2024-03-21,Crude polymer granules,true
24AGMGP8326M1ZX,06FOYRN1089G8ZA,313748.91,2024-03-22,Auto spare kits,true
24SVGIC0584E3ZH,33GTKCX4322Y9ZI,220949.19,2024-03-23,Cotton yarn,true
29BGPKH2454D9ZH,19YDRKQ8981G8Z0,40472.08,2024-03-23,Cotton yarn,true
19PLHHW1016H9ZF,27JJWTQ8319K2ZQ,1321576.76,2024-03-23,Packaged fittings,false
06RANFK6405V9Z5,36EAVZD5995V1ZW,532806.47,2024-03-23,Garment lots,true
33JCJFN2696A7ZH,32BEJPU7148L1Z5,2387503.19,2024-03-25,Iron ore,true
06FHVNT7733I5ZV,06BAGOT5114I3ZB,336728.14,2024-03-28,Steel coils,true
06YLMRX1588B6ZF,27JJWTQ8319K2ZQ,295203.52,2024-03-28,Kitchenware cartons,true
19ZJYJV7014C7ZU,24WDFFK6372L6ZG,300099.43,2024-03-29,Plywood panels,true
19CINWU1856P4ZV,36EAVZD5995V1ZW,160661.05,2024-03-29,Packaged fittings,true
29NHUTK5280X8ZT,33GTKCX4322Y9ZI,72641.10,2024-04-02,Kitchenware cartons,true
19CINWU1856P4ZV,36EAVZD5995V1ZW,153420.46,2024-04-03,Garment lots,true
27LQOKU1297U4Z3,24WDFFK6372L6ZG,944148.29,2024-04-03,Auto spare kits,true
06YLMRX1588B6ZF,27JJWTQ8319K2ZQ,262834.20,2024-04-04,Kitchenware cartons,true
29KTEZO9632U3ZL,19YDRKQ8981G8Z0,535049.53,2024-04-05,Kitchenware cartons,true
06FHVNT7733I5ZV,09EAVZF4445T5ZF,608149.47,2024-04-07,Plywood panels,true
07KUQLA3240I4ZW,27ALEPK7569U6ZG,450428.62,2024-04-08,Unprocessed timber,true
09AREDJ3750L1ZR,24QZZUH6664T7ZI,118201.33,2024-04-08,Moulded plastic parts,true
19CINWU1856P4ZV,36EAVZD5995V1ZW,158133.12,2024-04-08,Assembled pump units,true
32JXXBH4534N8Z5,06FAQAP4122I4ZE,60568.07,2024-04-09,Auto spare kits,true
29KTEZO9632U3ZL,27HMTFL8592A4ZD,316985.19,2024-04-09,Auto spare kits,true
33PVFCK5757F9ZU,19PLHHW1016H9ZF,320312.98,2024-04-13,Aluminium sheets,true
24YYWVX1034K1ZA,07TUAFV0647D4Z4,24459.53,2024-04-14,Plywood panels,true
07KWILE8553U6ZA,24WDFFK6372L6ZG,509243.77,2024-04-14,Aluminium sheets,false
27WIYMC1225Z2ZK,29EEEDM1207Z5ZI,1373234.01,2024-04-14,Assembled pump units,true
06YLMRX1588B6ZF,27JJWTQ8319K2ZQ,289688.56,2024-04-15,Kitchenware cartons,true
27SMUUO2665D2ZB,27WIYMC1225Z2ZK,968150.39,2024-04-16,Bauxite,true
24YYWVX1034K1ZA,09EULJN4456L1ZL,35747.14,2024-04-16,Moulded plastic parts,true
33PVFCK5757F9ZU,19PLHHW1016H9ZF,328772.84,2024-04-17,Steel coils,true
33PVFCK5757F9ZU,19PLHHW1016H9ZF,387245.10,2024-04-17,Cotton yarn,true
27JJWTQ8319K2ZQ,06FAQAP4122I4ZE,153366.96,2024-04-17,Scrap and offcuts,true
06YLMRX1588B6ZF,27JJWTQ8319K2ZQ,246746.85,2024-04-18,Packaged fittings,true
32BEJPU7148L1Z5,06BAGOT5114I3ZB,165256.47,2024-04-21,Cotton yarn,true
24AGMGP8326M1ZX,06FOYRN1089G8ZA,317105.71,2024-04-21,Furniture sets,false
27WIYMC1225Z2ZK,36FIYPN9843Q2Z7,811811.12,2024-04-21,Packaged fittings,true
19UQTPQ2259G5ZS,27JJWTQ8319K2ZQ,348974.62,2024-04-24,Kitchenware cartons,true
09LFTIT0622R5ZW,24YYWVX1034K1ZA,164814.24,2024-04-26,Crude polymer granules,true
24QZZUH6664T7ZI,06BAGOT5114I3ZB,126240.11,2024-04-26,Auto spare kits,true
29UTSSL5497K4Z2,27JJWTQ8319K2ZQ,121111.34,2024-04-27,Assembled pump units,true
09GJYTU8142N9ZG,27ALEPK7569U6ZG,224409.60,2024-04-30,Iron ore,true
24YYWVX1034K1ZA,09EULJN4456L1ZL,35512.79,2024-04-30,Rubber gaskets,false
33PVFCK5757F9ZU,19PLHHW1016H9ZF,398083.90,2024-04-30,Moulded plastic parts,true
06FHVNT7733I5ZV,06BAGOT5114I3ZB,354801.75,2024-05-05,Rubber gaskets,true
32HRUDX5644S8Z9,06WTKXB3624X2ZZ,1528701.82,2024-05-06,Bauxite,true
06FHVNT7733I5ZV,24WDFFK6372L6ZG,521733.93,2024-05-06,Cotton yarn,true
24YYWVX1034K1ZA,09EULJN4456L1ZL,34842.80,2024-05-06,Aluminium sheets,true
33PVFCK5757F9ZU,19PLHHW1016H9ZF,306576.01,2024-05-08,Moulded plastic parts,true
27WIYMC1225Z2ZK,06FAQAP4122I4ZE,1382173.42,2024-05-08,Furniture sets,true
06FHVNT7733I5ZV,24WDFFK6372L6ZG,537525.69,2024-05-10,Aluminium sheets,true
32JXXBH4534N8Z5,06FOYRN1089G8ZA,54267.45,2024-05-11,Assembled pump units,true
29KTEZO9632U3ZL,06FAQAP4122I4ZE,218307.50,2024-05-12,Auto spare kits,true
24YYWVX1034K1ZA,07TUAFV0647D4Z4,25763.44,2024-05-13,Steel coils,true
29CBPWW7946Z2ZA,06RGXNS6258D5ZB,758866.59,2024-05-14,Raw cotton bales,true
09LFTIT0622R5ZW,32CLEZO9487M4ZJ,86128.60,2024-05-20,Raw rubber sheets,true
06ZSOZA9116X9Z3,29KTEZO9632U3ZL,672479.74,2024-05-20,Steel coils,true
06FHVNT7733I5ZV,09EAVZF4445T5ZF,631819.57,2024-05-20,Plywood panels,true
29NHUTK5280X8ZT,36EAVZD5995V1ZW,62846.51,2024-05-20,Packaged fittings,true
24AGMGP8326M1ZX,06FOYRN1089G8ZA,262547.00,2024-05-21,Furniture sets,false
24YYWVX1034K1ZA,07TUAFV0647D4Z4,27762.00,2024-05-23,Cotton yarn,true
24QZZUH6664T7ZI,36FIYPN9843Q2Z7,117128.59,2024-05-26,Furniture sets,true
29NHUTK5280X8ZT,33GTKCX4322Y9ZI,80623.03,2024-05-30,Kitchenware cartons,true
29QKBDF0435G7ZL,06WAFKG4621R2ZO,3994062.36,2024-05-30,Packaged fittings,true
19CINWU1856P4ZV,06BAGOT5114I3ZB,165782.96,2024-05-31,Assembled pump units,true
19CINWU1856P4ZV,06BAGOT5114I3ZB,189541.29,2024-05-31,Packaged fittings,true
33PVFCK5757F9ZU,19PLHHW1016H9ZF,324530.30,2024-06-01,Plywood panels,true
27WIYMC1225Z2ZK,33GTKCX4322Y9ZI,903205.18,2024-06-01,Kitchenware cartons,true
06HMMKP3107F5ZD,27ZXPIC6089I8ZK,211225.53,2024-06-02,Steel coils,true
06FHVNT7733I5ZV,27ALEPK7569U6ZG,511817.41,2024-06-02,Plywood panels,false
27XCGLU6888M7Z9,36MZJBD4917K5Z9,2963958.46,2024-06-04,Bauxite,true
06ZSOZA9116X9Z3,27ALEPK7569U6ZG,622088.09,2024-06-04,Rubber gaskets,true
29KTEZO9632U3ZL,36VLZNB9706Y8Z5,242653.95,2024-06-04,Furniture sets,true
24YYWVX1034K1ZA,07TUAFV0647D4Z4,23581.63,2024-06-05,Moulded plastic parts,true
33JCJFN2696A7ZH,07KWILE8553U6ZA,1613566.48,2024-06-07,Crude polymer granules,true
29JQZRD1863U2Z1,24HHIGA2305T5Z7,139875.41,2024-06-07,Bauxite,true
24YYWVX1034K1ZA,07TUAFV0647D4Z4,21978.81,2024-06-07,Steel coils,true
06RANFK6405V9Z5,29EEEDM1207Z5ZI,318053.50,2024-06-07,Garment lots,true
29CBPWW7946Z2ZA,36XEDXQ4487H8ZR,377936.48,2024-06-10,Iron ore,false
27VMTID3305Z9Z1,33GTKCX4322Y9ZI,15143.91,2024-06-10,Kitchenware cartons,true
06FHVNT7733I5ZV,27ALEPK7569U6ZG,545191.81,2024-06-12,Steel coils,true
29QKBDF0435G7ZL,36VLZNB9706Y8Z5,1328999.42,2024-06-13,Auto spare kits,true
32DGWWG8013H9ZR,27WIYMC1225Z2ZK,1307034.63,2024-06-14,Bauxite,true
29QKBDF0435G7ZL,06WAFKG4621R2ZO,4196657.83,2024-06-15,Auto spare kits,true
29CBPWW7946Z2ZA,06RANFK6405V9Z5,934244.85,2024-06-16,Raw rubber sheets,true
29JQZRD1863U2Z1,32BEJPU7148L1Z5,124207.48,2024-06-17,Bauxite,true
29QKBDF0435G7ZL,36FIYPN9843Q2Z7,3186663.75,2024-06-17,Furniture sets,true
29EFAZI5543B4ZA,19PLHHW1016H9ZF,530389.39,2024-06-21,Moulded plastic parts,true
29QKBDF0435G7ZL,36EAVZD5995V1ZW,4066037.72,2024-06-21,Furniture sets,true
33PVFCK5757F9ZU,29KTEZO9632U3ZL,337576.89,2024-06-22,Steel coils,true
06HMMKP3107F5ZD,27ZXPIC6089I8ZK,207405.74,2024-06-29,Moulded plastic parts,true
33PVFCK5757F9ZU,27JJWTQ8319K2ZQ,239884.51,2024-06-29,Plywood panels,true
06FHVNT7733I5ZV,27ALEPK7569U6ZG,470730.52,2024-07-04,Rubber gaskets,false
32CLEZO9487M4ZJ,06WAFKG4621R2ZO,735070.67,2024-07-07,Steel coils,true
19PLHHW1016H9ZF,33ZBNHU0943P7ZR,1320319.86,2024-07-08,Kitchenware cartons,true
27VMTID3305Z9Z1,06FOYRN1089G8ZA,15622.83,2024-07-12,Assembled pump units,true
33PVFCK5757F9ZU,27JJWTQ8319K2ZQ,250834.55,2024-07-14,Rubber gaskets,true
36XEDXQ4487H8ZR,29KTEZO9632U3ZL,601292.01,2024-07-17,Plywood panels,true
06FHVNT7733I5ZV,36GNWQX9803V1ZI,637388.96,2024-07-18,Aluminium sheets,true
06BYUOB2814C3Z6,24AGMGP8326M1ZX,85249.72,2024-07-18,Steel coils,true
06FHVNT7733I5ZV,36GNWQX9803V1ZI,682299.37,2024-07-19,Rubber gaskets,false
24ZMIAB1800N3ZA,33SXHBV5455Q3ZA,200550.98,2024-07-19,Cotton yarn,true
29EFAZI5543B4ZA,19YDRKQ8981G8Z0,336830.99,2024-07-22,Plywood panels,true
06BYUOB2814C3Z6,24AGMGP8326M1ZX,109278.09,2024-07-22,Aluminium sheets,true
06FHVNT7733I5ZV,27ALEPK7569U6ZG,592868.71,2024-07-25,Aluminium sheets,true
06ZSOZA9116X9Z3,27ALEPK7569U6ZG,752806.84,2024-07-26,Cotton yarn,true
29CBPWW7946Z2ZA,06RGXNS6258D5ZB,886547.32,2024-07-28,Bauxite,true
33VSKKT9786Y3ZG,19YDRKQ8981G8Z0,1307146.78,2024-07-30,Auto spare kits,true
06HMMKP3107F5ZD,29KTEZO9632U3ZL,235926.92,2024-07-31,Steel coils,true
07KWILE8553U6ZA,33SXHBV5455Q3ZA,554613.14,2024-07-31,Cotton yarn,true
33SXHBV5455Q3ZA,19YDRKQ8981G8Z0,421507.89,2024-07-31,Auto spare kits,true
06FHVNT7733I5ZV,36GNWQX9803V1ZI,528215.55,2024-08-01,Plywood panels,true
33PVFCK5757F9ZU,27JJWTQ8319K2ZQ,223092.10,2024-08-03,Steel coils,true
33SXHBV5455Q3ZA,06WAFKG4621R2ZO,338954.06,2024-08-04,Packaged fittings,true
06HMMKP3107F5ZD,29EEEDM1207Z5ZI,268285.56,2024-08-05,Cotton yarn,true
24YYWVX1034K1ZA,27LQOKU1297U4Z3,44800.06,2024-08-07,Plywood panels,true
32BEJPU7148L1Z5,07TUAFV0647D4Z4,344759.74,2024-08-09,Rubber gaskets,true
24QZZUH6664T7ZI,06WAFKG4621R2ZO,151068.58,2024-08-09,Furniture sets,true
33SXHBV5455Q3ZA,19YDRKQ8981G8Z0,471231.38,2024-08-09,Packaged fittings,true
32DGWWG8013H9ZR,07SMIEI8471F2ZB,1421926.78,2024-08-11,Unprocessed timber,true
29CBPWW7946Z2ZA,27ALEPK7569U6ZG,843176.17,2024-08-11,Crude polymer granules,true
36MZJBD4917K5Z9,06WAFKG4621R2ZO,1114044.12,2024-08-11,Packaged fittings,true
06WTKXB3624X2ZZ,27WIYMC1225Z2ZK,1034676.27,2024-08-12,Steel coils,true
24YYWVX1034K1ZA,27LQOKU1297U4Z3,49103.71,2024-08-15,Cotton yarn,false
06YLMRX1588B6ZF,06FOYRN1089G8ZA,418129.72,2024-08-15,Kitchenware cartons,true
27WIYMC1225Z2ZK,36OCSNL9677X2ZE,1091702.30,2024-08-15,Assembled pump units,true
27WIYMC1225Z2ZK,24WDFFK6372L6ZG,637193.10,2024-08-16,Packaged fittings,true
09AREDJ3750L1ZR,36VLZNB9706Y8Z5,73275.42,2024-08-18,Cotton yarn,true
29EFAZI5543B4ZA,32CSIUV0454F1ZA,623847.93,2024-08-18,Plywood panels,true
06YLMRX1588B6ZF,06FOYRN1089G8ZA,372687.57,2024-08-18,Garment lots,true
06YLMRX1588B6ZF,06FOYRN1089G8ZA,361850.89,2024-08-20,Packaged fittings,true
27VMTID3305Z9Z1,27HMTFL8592A4ZD,17122.56,2024-08-24,Garment lots,true
29JQZRD1863U2Z1,24HHIGA2305T5Z7,116828.00,2024-08-27,Bauxite,true
06YLMRX1588B6ZF,06FOYRN1089G8ZA,350888.70,2024-08-29,Furniture sets,true
07KWILE8553U6ZA,06FFMGW8098X2ZO,685963.39,2024-08-30,Rubber gaskets,true
19UQTPQ2259G5ZS,27JJWTQ8319K2ZQ,368241.92,2024-08-30,Assembled pump units,true
06FHVNT7733I5ZV,27ALEPK7569U6ZG,524512.86,2024-09-02,Aluminium sheets,true
19PLHHW1016H9ZF,27HMTFL8592A4ZD,587540.72,2024-09-03,Packaged fittings,true
32HRUDX5644S8Z9,19PLHHW1016H9ZF,2842575.94,2024-09-04,Crude polymer granules,true
24YYWVX1034K1ZA,27LQOKU1297U4Z3,43641.41,2024-09-06,Plywood panels,true
29UTSSL5497K4Z2,29EEEDM1207Z5ZI,159022.18,2024-09-06,Furniture sets,true
33SXHBV5455Q3ZA,29EEEDM1207Z5ZI,269074.47,2024-09-08,Assembled pump units,false
24YYWVX1034K1ZA,27LQOKU1297U4Z3,45343.66,2024-09-09,Plywood panels,true
33SXHBV5455Q3ZA,06WAFKG4621R2ZO,365065.18,2024-09-10,Assembled pump units,true
29BGPKH2454D9ZH,07ONTHA8211P8ZV,51870.00,2024-09-13,Rubber gaskets,true
36PPFOZ0403V7Z7,09EULJN4456L1ZL,285661.27,2024-09-14,Kitchenware cartons,true
29UTSSL5497K4Z2,27JJWTQ8319K2ZQ,140359.54,2024-09-16,Packaged fittings,true
24QZZUH6664T7ZI,33GTKCX4322Y9ZI,170470.09,2024-09-19,Furniture sets,true
07ONTHA8211P8ZV,09EULJN4456L1ZL,180892.15,2024-09-19,Furniture sets,true
27SMUUO2665D2ZB,33PVFCK5757F9ZU,724085.52,2024-09-21,Bauxite,true
36MZJBD4917K5Z9,33GTKCX4322Y9ZI,1444033.84,2024-09-22,Assembled pump units,true
24QZZUH6664T7ZI,36FIYPN9843Q2Z7,119366.13,2024-09-24,Auto spare kits,true
29CBPWW7946Z2ZA,27WIYMC1225Z2ZK,948101.55,2024-09-28,Bauxite,true
29ZAFKS8325T5Z6,29EFAZI5543B4ZA,1289646.75,2024-09-29,Bauxite,true
29BGPKH2454D9ZH,29FKTQX9100V7ZB,45051.02,2024-09-29,Rubber gaskets,true
19UKDFQ9474N1ZH,19ZJYJV7014C7ZU,351777.21,2024-10-03,Iron ore,true
32BEJPU7148L1Z5,07ONTHA8211P8ZV,178202.55,2024-10-05,Moulded plastic parts,true
32HRUDX5644S8Z9,06WTKXB3624X2ZZ,1548012.67,2024-10-06,Crude polymer granules,true
06FHVNT7733I5ZV,29NHUTK5280X8ZT,342751.70,2024-10-07,Rubber gaskets,false
06YLMRX1588B6ZF,06FOYRN1089G8ZA,408628.36,2024-10-07,Assembled pump units,false
32BEJPU7148L1Z5,07ONTHA8211P8ZV,198554.55,2024-10-08,Moulded plastic parts,true
24QZZUH6664T7ZI,33GTKCX4322Y9ZI,213114.38,2024-10-08,Auto spare kits,true
36MZJBD4917K5Z9,09EULJN4456L1ZL,1319222.94,2024-10-09,Garment lots,true
29NHUTK5280X8ZT,27JJWTQ8319K2ZQ,37856.17,2024-10-09,Assembled pump units,true
32DGWWG8013H9ZR,36MZJBD4917K5Z9,1070983.99,2024-10-12,Bauxite,true
06BYUOB2814C3Z6,27WIYMC1225Z2ZK,93960.33,2024-10-12,Cotton yarn,true
33SXHBV5455Q3ZA,33ZBNHU0943P7ZR,283213.23,2024-10-12,Furniture sets,true
36XEDXQ4487H8ZR,36GNWQX9803V1ZI,473247.77,2024-10-15,Plywood panels,true
19UQTPQ2259G5ZS,27JJWTQ8319K2ZQ,426188.74,2024-10-18,Garment lots,true
27SMUUO2665D2ZB,24SVGIC0584E3ZH,575535.90,2024-10-23,Raw rubber sheets,true
19CINWU1856P4ZV,27HMTFL8592A4ZD,109263.17,2024-10-26,Packaged fittings,true
36XEDXQ4487H8ZR,29KTEZO9632U3ZL,657434.73,2024-10-27,Plywood panels,true
09LFTIT0622R5ZW,32CLEZO9487M4ZJ,89563.91,2024-10-28,Raw cotton bales,true
29EFAZI5543B4ZA,32CSIUV0454F1ZA,584781.99,2024-10-28,Moulded plastic parts,true
06WTKXB3624X2ZZ,29FKTQX9100V7ZB,987156.07,2024-10-30,Rubber gaskets,true
27ZXPIC6089I8ZK,06FAQAP4122I4ZE,337943.17,2024-10-30,Kitchenware cartons,true
33SXHBV5455Q3ZA,06WAFKG4621R2ZO,340121.28,2024-11-04,Assembled pump units,true
24SVGIC0584E3ZH,06WAFKG4621R2ZO,203859.81,2024-11-05,Steel coils,true
06FHVNT7733I5ZV,19YDRKQ8981G8Z0,420824.62,2024-11-06,Cotton yarn,false
07KWILE8553U6ZA,24WDFFK6372L6ZG,524450.58,2024-11-07,Steel coils,true
36MZJBD4917K5Z9,36OCSNL9677X2ZE,790055.46,2024-11-08,Auto spare kits,true
29JQZRD1863U2Z1,07KWILE8553U6ZA,138668.87,2024-11-09,Raw rubber sheets,true
29EFAZI5543B4ZA,19YDRKQ8981G8Z0,276823.40,2024-11-09,Moulded plastic parts,true
06HMMKP3107F5ZD,29KTEZO9632U3ZL,231249.99,2024-11-11,Aluminium sheets,true
29UTSSL5497K4Z2,36VLZNB9706Y8Z5,306633.45,2024-11-11,Furniture sets,true
19GFKAV3735Q8ZB,36MZJBD4917K5Z9,108000.43,2024-11-14,Raw cotton bales,true
33SXHBV5455Q3ZA,29EEEDM1207Z5ZI,308675.22,2024-11-14,Auto spare kits,true
33SXHBV5455Q3ZA,29EEEDM1207Z5ZI,339370.66,2024-11-14,Garment lots,true
06RANFK6405V9Z5,33ZBNHU0943P7ZR,576210.37,2024-11-16,Garment lots,true
24QZZUH6664T7ZI,19YDRKQ8981G8Z0,184752.97,2024-11-19,Assembled pump units,true
32HRUDX5644S8Z9,06WTKXB3624X2ZZ,1724068.13,2024-11-21,Unprocessed timber,false
06WTKXB3624X2ZZ,06RANFK6405V9Z5,1142840.18,2024-11-23,Rubber gaskets,true
29UTSSL5497K4Z2,36VLZNB9706Y8Z5,302822.37,2024-11-23,Packaged fittings,true
27ZXPIC6089I8ZK,36FIYPN9843Q2Z7,664170.26,2024-11-24,Packaged fittings,true
07KWILE8553U6ZA,06FFMGW8098X2ZO,719633.92,2024-11-26,Aluminium sheets,true
29KTEZO9632U3ZL,19YDRKQ8981G8Z0,663193.24,2024-11-26,Kitchenware cartons,true
27XCGLU6888M7Z9,36MZJBD4917K5Z9,3332882.47,2024-11-27,Unprocessed timber,true
32HRUDX5644S8Z9,19PLHHW1016H9ZF,3119383.68,2024-11-27,Bauxite,true
24SVGIC0584E3ZH,27JJWTQ8319K2ZQ,279604.47,2024-11-27,Rubber gaskets,true
33SXHBV5455Q3ZA,29EEEDM1207Z5ZI,282275.05,2024-11-30,Assembled pump units,true
24SVGIC0584E3ZH,06FOYRN1089G8ZA,192967.78,2024-12-01,Steel coils,true
29CBPWW7946Z2ZA,27WIYMC1225Z2ZK,946763.15,2024-12-02,Raw cotton bales,true
07TUAFV0647D4Z4,33ZBNHU0943P7ZR,503249.22,2024-12-03,Garment lots,true
06RANFK6405V9Z5,29EEEDM1207Z5ZI,304917.50,2024-12-03,Furniture sets,true
32DGWWG8013H9ZR,36MZJBD4917K5Z9,1284529.87,2024-12-07,Iron ore,true
33JCJFN2696A7ZH,07KWILE8553U6ZA,1635256.47,2024-12-07,Bauxite,true
32JXXBH4534N8Z5,06FAQAP4122I4ZE,64741.09,2024-12-07,Packaged fittings,true
29CODLF5738S2ZV,07HPZMN5057X8Z8,75182.62,2024-12-08,Cotton yarn,true
36MZJBD4917K5Z9,33GTKCX4322Y9ZI,1420223.37,2024-12-09,Packaged fittings,true
06RANFK6405V9Z5,33GTKCX4322Y9ZI,568330.58,2024-12-10,Kitchenware cartons,true
36MZJBD4917K5Z9,27JJWTQ8319K2ZQ,1138270.25,2024-12-11,Assembled pump units,true
32DGWWG8013H9ZR,07SMIEI8471F2ZB,1383484.30,2024-12-12,Raw rubber sheets,true
06FHVNT7733I5ZV,29NHUTK5280X8ZT,356582.19,2024-12-12,Aluminium sheets,true
27VMTID3305Z9Z1,27HMTFL8592A4ZD,18433.38,2024-12-13,Furniture sets,false
29NHUTK5280X8ZT,06WAFKG4621R2ZO,58185.01,2024-12-13,Furniture sets,true
29UTSSL5497K4Z2,36EAVZD5995V1ZW,185765.40,2024-12-13,Auto spare kits,true
32HRUDX5644S8Z9,27LQOKU1297U4Z3,3714800.29,2024-12-15,Bauxite,true
29CBPWW7946Z2ZA,36XEDXQ4487H8ZR,363446.72,2024-12-16,Iron ore,false
19ZJYJV7014C7ZU,29QKBDF0435G7ZL,199365.41,2024-12-17,Rubber gaskets,true
19UKDFQ9474N1ZH,09AREDJ3750L1ZR,637242.73,2024-12-18,Iron ore,true
07KWILE8553U6ZA,06FFMGW8098X2ZO,679892.06,2024-12-18,Steel coils,true
32HRUDX5644S8Z9,07HPZMN5057X8Z8,2164610.39,2024-12-19,Crude polymer granules,true
29EFAZI5543B4ZA,19YDRKQ8981G8Z0,358251.23,2024-12-19,Rubber gaskets,true
07HPZMN5057X8Z8,06WAFKG4621R2ZO,1561879.95,2024-12-20,Garment lots,true
29ZAFKS8325T5Z6,07HPZMN5057X8Z8,1294430.21,2024-12-21,Iron ore,true
33SXHBV5455Q3ZA,06WAFKG4621R2ZO,380500.05,2024-12-23,Furniture sets,false
32HRUDX5644S8Z9,07HPZMN5057X8Z8,2276208.98,2024-12-24,Bauxite,true
29CODLF5738S2ZV,09EULJN4456L1ZL,71446.74,2024-12-25,Cotton yarn,true
06FHVNT7733I5ZV,29NHUTK5280X8ZT,430099.74,2024-12-26,Moulded plastic parts,false
19ZJYJV7014C7ZU,29QKBDF0435G7ZL,181873.85,2024-12-26,Aluminium sheets,true
19CINWU1856P4ZV,27HMTFL8592A4ZD,134001.81,2024-12-26,Packaged fittings,true
27VMTID3305Z9Z1,24WDFFK6372L6ZG,32846.58,2024-12-27,Garment lots,true
36PPFOZ0403V7Z7,09EULJN4456L1ZL,277685.21,2024-12-27,Furniture sets,true
29KTEZO9632U3ZL,29EEEDM1207Z5ZI,645902.47,2025-01-03,Auto spare kits,true
09LFTIT0622R5ZW,27ALEPK7569U6ZG,127964.42,2025-01-06,Unprocessed timber,true
19ZJYJV7014C7ZU,29QKBDF0435G7ZL,176981.36,2025-01-06,Rubber gaskets,false
33VSKKT9786Y3ZG,36EAVZD5995V1ZW,881071.69,2025-01-09,Packaged fittings,true
19UQTPQ2259G5ZS,06WAFKG4621R2ZO,307710.00,2025-01-09,Garment lots,true
09GJYTU8142N9ZG,27ALEPK7569U6ZG,238691.13,2025-01-13,Iron ore,true
36XEDXQ4487H8ZR,29KTEZO9632U3ZL,536921.29,2025-01-13,Aluminium sheets,true
36MZJBD4917K5Z9,27JJWTQ8319K2ZQ,1154347.38,2025-01-13,Packaged fittings,true
29EFAZI5543B4ZA,32CSIUV0454F1ZA,668868.42,2025-01-16,Steel coils,true
06FFMGW8098X2ZO,06FOYRN1089G8ZA,943309.90,2025-01-16,Garment lots,true
32DGWWG8013H9ZR,27WIYMC1225Z2ZK,1177494.44,2025-01-18,Iron ore,true
29EFAZI5543B4ZA,32CSIUV0454F1ZA,678268.15,2025-01-20,Rubber gaskets,true
07ONTHA8211P8ZV,09EULJN4456L1ZL,173376.41,2025-01-20,Auto spare kits,true
32BEJPU7148L1Z5,07HPZMN5057X8Z8,193756.76,2025-01-21,Steel coils,true
36OBMPC8728D9Z1,06WAFKG4621R2ZO,61105.40,2025-01-24,Assembled pump units,true
19CINWU1856P4ZV,27HMTFL8592A4ZD,125729.60,2025-01-25,Garment lots,true
29ZAFKS8325T5Z6,29EFAZI5543B4ZA,1347952.64,2025-01-26,Crude polymer granules,true
33VSKKT9786Y3ZG,06FAQAP4122I4ZE,440457.42,2025-01-26,Auto spare kits,true
36OBMPC8728D9Z1,06WAFKG4621R2ZO,69697.49,2025-01-30,Garment lots,true
19CINWU1856P4ZV,27HMTFL8592A4ZD,114546.92,2025-01-30,Garment lots,true
06RGXNS6258D5ZB,06BAGOT5114I3ZB,203187.40,2025-02-01,Garment lots,true
29ZAFKS8325T5Z6,29EFAZI5543B4ZA,1291688.83,2025-02-02,Unprocessed timber,true
27VMTID3305Z9Z1,33GTKCX4322Y9ZI,16273.64,2025-02-03,Garment lots,true
27VMTID3305Z9Z1,24WDFFK6372L6ZG,32874.64,2025-02-05,Furniture sets,true
29NHUTK5280X8ZT,27JJWTQ8319K2ZQ,40598.24,2025-02-06,Kitchenware cartons,true
32CLEZO9487M4ZJ,06WAFKG4621R2ZO,935290.88,2025-02-07,Steel coils,true
27VMTID3305Z9Z1,27JJWTQ8319K2ZQ,25029.19,2025-02-07,Packaged fittings,true
29NHUTK5280X8ZT,29EEEDM1207Z5ZI,79846.86,2025-02-07,Furniture sets,true
29ZAFKS8325T5Z6,29EFAZI5543B4ZA,1061873.82,2025-02-12,Unprocessed timber,true
32DGWWG8013H9ZR,06ZSOZA9116X9Z3,540299.31,2025-02-14,Raw rubber sheets,true
29UTSSL5497K4Z2,24QZZUH6664T7ZI,6831541.90,2025-02-23,Assembled pump units,true
07UAULE5677X8ZE,29UTSSL5497K4Z2,207325.05,2025-02-26,Steel coils,true
07HPZMN5057X8Z8,33ZBNHU0943P7ZR,951643.01,2025-02-26,Kitchenware cartons,true
27WIYMC1225Z2ZK,33GTKCX4322Y9ZI,803583.78,2025-02-26,Garment lots,true
24ZMIAB1800N3ZA,33SXHBV5455Q3ZA,250396.59,2025-02-27,Moulded plastic parts,false
27WIYMC1225Z2ZK,36FIYPN9843Q2Z7,836415.61,2025-03-03,Garment lots,true
07HPZMN5057X8Z8,06WAFKG4621R2ZO,1501143.75,2025-03-04,Kitchenware cartons,true
07TUAFV0647D4Z4,36VLZNB9706Y8Z5,832153.83,2025-03-06,Furniture sets,true
29JQZRD1863U2Z1,24HHIGA2305T5Z7,135061.96,2025-03-09,Iron ore,true
29ZAFKS8325T5Z6,24ZMIAB1800N3ZA,1127451.18,2025-03-10,Bauxite,true
07KUQLA3240I4ZW,36XEDXQ4487H8ZR,766900.16,2025-03-11,Crude polymer granules,true
06FHVNT7733I5ZV,29QKBDF0435G7ZL,300844.68,2025-03-11,Aluminium sheets,true
07TUAFV0647D4Z4,36VLZNB9706Y8Z5,827411.64,2025-03-11,Packaged fittings,true
33JCJFN2696A7ZH,07KWILE8553U6ZA,1548246.06,2025-03-12,Raw cotton bales,true
32HRUDX5644S8Z9,07HPZMN5057X8Z8,2549507.37,2025-03-12,Raw rubber sheets,true
24SVGIC0584E3ZH,06WAFKG4621R2ZO,209437.47,2025-03-13,Moulded plastic parts,true
07UAULE5677X8ZE,36MZJBD4917K5Z9,267749.71,2025-03-14,Cotton yarn,true
36MZJBD4917K5Z9,33GTKCX4322Y9ZI,1212929.87,2025-03-14,Kitchenware cartons,true
27WIYMC1225Z2ZK,33GTKCX4322Y9ZI,889602.63,2025-03-16,Packaged fittings,true
36OBMPC8728D9Z1,27HMTFL8592A4ZD,165562.30,2025-03-21,Kitchenware cartons,false
27ALEPK7569U6ZG,36EAVZD5995V1ZW,559453.67,2025-03-22,Furniture sets,true
36OBMPC8728D9Z1,36EAVZD5995V1ZW,124138.65,2025-03-22,Auto spare kits,false
07HPZMN5057X8Z8,06WAFKG4621R2ZO,1468318.72,2025-03-22,Packaged fittings,true
19PLHHW1016H9ZF,36FIYPN9843Q2Z7,748850.15,2025-03-22,Garment lots,true
07KWILE8553U6ZA,33SXHBV5455Q3ZA,510159.34,2025-03-26,Rubber gaskets,true
36OBMPC8728D9Z1,36OCSNL9677X2ZE,97594.92,2025-03-26,Auto spare kits,false
24HHIGA2305T5Z7,33SXHBV5455Q3ZA,62112.55,2025-03-27,Moulded plastic parts,true
36PPFOZ0403V7Z7,36EAVZD5995V1ZW,276274.48,2025-03-27,Assembled pump units,false
29FKTQX9100V7ZB,36FIYPN9843Q2Z7,49281.91,2025-03-27,Packaged fittings,true
27WIYMC1225Z2ZK,06FAQAP4122I4ZE,1589559.20,2025-03-30,Kitchenware cartons,true
27SMUUO2665D2ZB,33PVFCK5757F9ZU,749084.59,2025-04-03,Crude polymer granules,true
36OBMPC8728D9Z1,24WDFFK6372L6ZG,70887.98,2025-04-03,Assembled pump units,true
36OBMPC8728D9Z1,36VLZNB9706Y8Z5,123377.66,2025-04-08,Assembled pump units,true
36MZJBD4917K5Z9,09EULJN4456L1ZL,1429978.84,2025-04-13,Auto spare kits,true
32DGWWG8013H9ZR,36MZJBD4917K5Z9,1079618.50,2025-04-16,Raw rubber sheets,true
07ABDII1174G9ZY,27HMTFL8592A4ZD,367543.65,2025-04-16,Plywood panels,true
19GFKAV3735Q8ZB,36MZJBD4917K5Z9,114911.01,2025-04-21,Raw rubber sheets,true
09GJYTU8142N9ZG,32CLEZO9487M4ZJ,228204.68,2025-04-21,Crude polymer granules,true
06WTKXB3624X2ZZ,27WIYMC1225Z2ZK,1116995.84,2025-04-22,Aluminium sheets,true
36OBMPC8728D9Z1,19YDRKQ8981G8Z0,91436.14,2025-04-22,Auto spare kits,true
07ABDII1174G9ZY,24WDFFK6372L6ZG,309206.07,2025-04-25,Plywood panels,true
19PLHHW1016H9ZF,33ZBNHU0943P7ZR,1541081.93,2025-04-26,Kitchenware cartons,true
07ABDII1174G9ZY,06BAGOT5114I3ZB,341437.66,2025-04-27,Plywood panels,true
27LQOKU1297U4Z3,33ZBNHU0943P7ZR,1301393.77,2025-04-27,Assembled pump units,true
29EFAZI5543B4ZA,27VMTID3305Z9Z1,546632.08,2025-04-29,Moulded plastic parts,true
07ABDII1174G9ZY,27HMTFL8592A4ZD,334134.11,2025-04-29,Moulded plastic parts,true
07ABDII1174G9ZY,24WDFFK6372L6ZG,399458.08,2025-04-30,Rubber gaskets,true
07ABDII1174G9ZY,06BAGOT5114I3ZB,437002.97,2025-05-01,Moulded plastic parts,true
36MZJBD4917K5Z9,06BAGOT5114I3ZB,1164081.64,2025-05-01,Furniture sets,true
07ABDII1174G9ZY,27HMTFL8592A4ZD,334692.85,2025-05-02,Moulded plastic parts,true
32BEJPU7148L1Z5,07HPZMN5057X8Z8,178366.53,2025-05-05,Moulded plastic parts,true
29FKTQX9100V7ZB,06FAQAP4122I4ZE,68843.34,2025-05-06,Garment lots,true
09EAVZF4445T5ZF,27JJWTQ8319K2ZQ,111519.13,2025-05-07,Assembled pump units,true
07ABDII1174G9ZY,24WDFFK6372L6ZG,345200.80,2025-05-09,Aluminium sheets,true
32BEJPU7148L1Z5,07HPZMN5057X8Z8,232608.82,2025-05-10,Moulded plastic parts,true
06WTKXB3624X2ZZ,06RANFK6405V9Z5,1284793.77,2025-05-12,Moulded plastic parts,true
07ABDII1174G9ZY,27HMTFL8592A4ZD,299350.23,2025-05-12,Aluminium sheets,true
07HPZMN5057X8Z8,06WAFKG4621R2ZO,1629922.80,2025-05-15,Packaged fittings,true
32CSIUV0454F1ZA,36VLZNB9706Y8Z5,83055.89,2025-05-15,Kitchenware cartons,true
24SVGIC0584E3ZH,33GTKCX4322Y9ZI,210473.44,2025-05-16,Aluminium sheets,true
32CSIUV0454F1ZA,29EEEDM1207Z5ZI,99426.30,2025-05-16,Packaged fittings,true
07KWILE8553U6ZA,33SXHBV5455Q3ZA,624325.39,2025-05-17,Steel coils,true
27WIYMC1225Z2ZK,06FAQAP4122I4ZE,1342925.86,2025-05-17,Packaged fittings,true
32BEJPU7148L1Z5,24AGMGP8326M1ZX,220439.81,2025-05-19,Plywood panels,true
32CSIUV0454F1ZA,36FIYPN9843Q2Z7,99543.28,2025-05-19,Kitchenware cartons,true
29UTSSL5497K4Z2,19YDRKQ8981G8Z0,147542.43,2025-05-20,Packaged fittings,true
19GFKAV3735Q8ZB,36MZJBD4917K5Z9,123879.22,2025-05-21,Unprocessed timber,true
07ABDII1174G9ZY,33VSKKT9786Y3ZG,460601.69,2025-05-21,Steel coils,true
32CSIUV0454F1ZA,36OCSNL9677X2ZE,76619.06,2025-05-21,Packaged fittings,true
29UTSSL5497K4Z2,19YDRKQ8981G8Z0,148926.80,2025-05-21,Assembled pump units,false
07KWILE8553U6ZA,36VLZNB9706Y8Z5,247180.98,2025-05-22,Cotton yarn,true
07ABDII1174G9ZY,06BAGOT5114I3ZB,334851.08,2025-05-22,Moulded plastic parts,true
29ZAFKS8325T5Z6,29EFAZI5543B4ZA,1391936.94,2025-05-24,Unprocessed timber,true
32JXXBH4534N8Z5,06FAQAP4122I4ZE,80472.56,2025-05-24,Packaged fittings,true
09GJYTU8142N9ZG,27ALEPK7569U6ZG,240576.96,2025-05-26,Iron ore,true
36OBMPC8728D9Z1,24WDFFK6372L6ZG,60707.42,2025-05-26,Garment lots,false
32HRUDX5644S8Z9,06FHVNT7733I5ZV,3047543.87,2025-05-28,Raw rubber sheets,true
32CSIUV0454F1ZA,36EAVZD5995V1ZW,152827.22,2025-05-28,Auto spare kits,true
07ABDII1174G9ZY,33VSKKT9786Y3ZG,368472.42,2025-05-29,Aluminium sheets,true
32ZJXEX3262M8ZI,36OCSNL9677X2ZE,240807.09,2025-06-02,Furniture sets,true
24QZZUH6664T7ZI,33GTKCX4322Y9ZI,184874.07,2025-06-02,Garment lots,true
27IOSSF2051N4ZH,09EULJN4456L1ZL,93574.16,2025-06-02,Auto spare kits,true
07ABDII1174G9ZY,27HMTFL8592A4ZD,374648.51,2025-06-04,Rubber gaskets,true
07HPZMN5057X8Z8,36FIYPN9843Q2Z7,1067564.30,2025-06-04,Furniture sets,true
07ABDII1174G9ZY,27HMTFL8592A4ZD,364656.78,2025-06-05,Cotton yarn,true
07DHLRI6338N6ZW,19ZJYJV7014C7ZU,193067.24,2025-06-06,Unprocessed timber,true
07ABDII1174G9ZY,24WDFFK6372L6ZG,416018.18,2025-06-06,Aluminium sheets,true
07ABDII1174G9ZY,24WDFFK6372L6ZG,328854.17,2025-06-06,Steel coils,true
07ABDII1174G9ZY,06BAGOT5114I3ZB,385497.86,2025-06-06,Plywood panels,true
32CSIUV0454F1ZA,27JJWTQ8319K2ZQ,93283.73,2025-06-06,Furniture sets,true
07TUAFV0647D4Z4,27JJWTQ8319K2ZQ,466746.54,2025-06-06,Garment lots,true
29EFAZI5543B4ZA,19PLHHW1016H9ZF,643452.56,2025-06-07,Moulded plastic parts,true
29CBPWW7946Z2ZA,27WIYMC1225Z2ZK,1127477.94,2025-06-08,Crude polymer granules,true
29FKTQX9100V7ZB,06FAQAP4122I4ZE,64619.71,2025-06-08,Furniture sets,true
29JQZRD1863U2Z1,07KWILE8553U6ZA,140931.20,2025-06-09,Crude polymer granules,true
32CSIUV0454F1ZA,29EEEDM1207Z5ZI,99588.19,2025-06-09,Furniture sets,true
32CSIUV0454F1ZA,06WAFKG4621R2ZO,109260.63,2025-06-10,Furniture sets,false
32CSIUV0454F1ZA,36FIYPN9843Q2Z7,105352.24,2025-06-11,Kitchenware cartons,true
36MZJBD4917K5Z9,27JJWTQ8319K2ZQ,901151.56,2025-06-12,Furniture sets,true
32CSIUV0454F1ZA,36EAVZD5995V1ZW,152447.25,2025-06-12,Kitchenware cartons,true
32CSIUV0454F1ZA,36EAVZD5995V1ZW,144300.04,2025-06-12,Packaged fittings,true
07ABDII1174G9ZY,33VSKKT9786Y3ZG,427525.71,2025-06-15,Plywood panels,true
29NHUTK5280X8ZT,36EAVZD5995V1ZW,60422.25,2025-06-15,Packaged fittings,true
32CSIUV0454F1ZA,36FIYPN9843Q2Z7,108201.50,2025-06-16,Auto spare kits,true
07ABDII1174G9ZY,24WDFFK6372L6ZG,323256.13,2025-06-18,Plywood panels,false
07ABDII1174G9ZY,06BAGOT5114I3ZB,371433.19,2025-06-18,Plywood panels,true
36OBMPC8728D9Z1,06WAFKG4621R2ZO,59120.13,2025-06-18,Assembled pump units,true
32CSIUV0454F1ZA,27JJWTQ8319K2ZQ,95523.49,2025-06-18,Packaged fittings,true
29EFAZI5543B4ZA,27IOSSF2051N4ZH,501005.62,2025-06-19,Steel coils,true
32CLEZO9487M4ZJ,29QKBDF0435G7ZL,1008848.04,2025-06-19,Rubber gaskets,true
29BGPKH2454D9ZH,09EULJN4456L1ZL,40022.30,2025-06-21,Rubber gaskets,true
29KTEZO9632U3ZL,36VLZNB9706Y8Z5,294551.54,2025-06-21,Assembled pump units,true
36OBMPC8728D9Z1,36VLZNB9706Y8Z5,132877.75,2025-06-23,Furniture sets,true
09GJYTU8142N9ZG,32CLEZO9487M4ZJ,237533.27,2025-06-24,Bauxite,true
32HRUDX5644S8Z9,07HPZMN5057X8Z8,2158786.29,2025-06-24,Unprocessed timber,true
06WTKXB3624X2ZZ,27WIYMC1225Z2ZK,1135932.33,2025-06-24,Steel coils,true
32CSIUV0454F1ZA,36VLZNB9706Y8Z5,86219.92,2025-06-25,Furniture sets,true
32CSIUV0454F1ZA,36FIYPN9843Q2Z7,98291.67,2025-06-25,Kitchenware cartons,true
32CSIUV0454F1ZA,36EAVZD5995V1ZW,141588.88,2025-06-25,Furniture sets,true
32DGWWG8013H9ZR,36MZJBD4917K5Z9,1040073.66,2025-06-26,Raw rubber sheets,true
19GFKAV3735Q8ZB,29NHUTK5280X8ZT,150582.88,2025-06-27,Unprocessed timber,true
29ZAFKS8325T5Z6,07HPZMN5057X8Z8,1357975.06,2025-06-27,Iron ore,true
07DHLRI6338N6ZW,19ZJYJV7014C7ZU,185339.55,2025-06-28,Unprocessed timber,true
27SMUUO2665D2ZB,06HMMKP3107F5ZD,334651.40,2025-06-28,Raw rubber sheets,true
32CSIUV0454F1ZA,33ZBNHU0943P7ZR,63318.54,2025-06-30,Furniture sets,true
06FHVNT7733I5ZV,24AGMGP8326M1ZX,242155.36,2025-07-01,Aluminium sheets,false
07HPZMN5057X8Z8,27HMTFL8592A4ZD,846864.45,2025-07-01,Kitchenware cartons,true
32CSIUV0454F1ZA,29EEEDM1207Z5ZI,90476.14,2025-07-01,Packaged fittings,true
32CSIUV0454F1ZA,36EAVZD5995V1ZW,134755.16,2025-07-01,Assembled pump units,true
09AREDJ3750L1ZR,36VLZNB9706Y8Z5,87790.72,2025-07-02,Rubber gaskets,true
06HMMKP3107F5ZD,19PLHHW1016H9ZF,309176.15,2025-07-03,Plywood panels,true
32CSIUV0454F1ZA,36VLZNB9706Y8Z5,72145.62,2025-07-04,Packaged fittings,true
29NHUTK5280X8ZT,36OCSNL9677X2ZE,52155.09,2025-07-04,Packaged fittings,true
36PPFOZ0403V7Z7,06WAFKG4621R2ZO,117963.31,2025-07-06,Garment lots,true
32CSIUV0454F1ZA,29EEEDM1207Z5ZI,79326.92,2025-07-07,Garment lots,true
32CSIUV0454F1ZA,06WAFKG4621R2ZO,138337.63,2025-07-07,Assembled pump units,true
33JCJFN2696A7ZH,06RPWDU5021D3Z1,137690.43,2025-07-07,Iron ore,true
29GCOAS1769B1ZC,24YYWVX1034K1ZA,56024.50,2025-07-08,Unprocessed timber,true
29CBPWW7946Z2ZA,27WIYMC1225Z2ZK,1086857.15,2025-07-08,Crude polymer granules,true
29CBPWW7946Z2ZA,27ALEPK7569U6ZG,803958.38,2025-07-09,Iron ore,true
29NHUTK5280X8ZT,29EEEDM1207Z5ZI,70526.01,2025-07-09,Assembled pump units,true
07NUJPG7828Q1ZF,29EEEDM1207Z5ZI,599170.29,2025-07-09,Garment lots,false
32CSIUV0454F1ZA,36FIYPN9843Q2Z7,97117.54,2025-07-10,Packaged fittings,true
32CSIUV0454F1ZA,36OCSNL9677X2ZE,82877.55,2025-07-11,Packaged fittings,true
19UKDFQ9474N1ZH,27ALEPK7569U6ZG,364423.25,2025-07-12,Iron ore,true
24HHIGA2305T5Z7,33SXHBV5455Q3ZA,76812.51,2025-07-12,Aluminium sheets,true
07SMIEI8471F2ZB,36PPFOZ0403V7Z7,454939.86,2025-07-12,Moulded plastic parts,true
32ZJXEX3262M8ZI,36OCSNL9677X2ZE,255264.63,2025-07-12,Garment lots,true
36OBMPC8728D9Z1,19YDRKQ8981G8Z0,85972.01,2025-07-12,Garment lots,false
19ZJYJV7014C7ZU,33GTKCX4322Y9ZI,236713.26,2025-07-13,Aluminium sheets,true
33SXHBV5455Q3ZA,06FAQAP4122I4ZE,331190.04,2025-07-13,Packaged fittings,true
32BEJPU7148L1Z5,24AGMGP8326M1ZX,257095.60,2025-07-14,Cotton yarn,true
06RPWDU5021D3Z1,19YDRKQ8981G8Z0,544207.57,2025-07-14,Kitchenware cartons,true
07ABDII1174G9ZY,06BAGOT5114I3ZB,439621.17,2025-07-15,Cotton yarn,true
29GCOAS1769B1ZC,32ZJXEX3262M8ZI,135344.63,2025-07-16,Raw rubber sheets,true
32BEJPU7148L1Z5,07HPZMN5057X8Z8,211901.90,2025-07-17,Cotton yarn,true
06FHVNT7733I5ZV,24AGMGP8326M1ZX,212986.24,2025-07-19,Rubber gaskets,false
27IOSSF2051N4ZH,06BAGOT5114I3ZB,134217.37,2025-07-21,Auto spare kits,true
19PLHHW1016H9ZF,27JJWTQ8319K2ZQ,986979.09,2025-07-21,Packaged fittings,true
32JXXBH4534N8Z5,19YDRKQ8981G8Z0,73776.97,2025-07-22,Assembled pump units,true
29FKTQX9100V7ZB,06FAQAP4122I4ZE,68969.50,2025-07-22,Packaged fittings,true
24XNQWD7385X3ZL,29QKBDF0435G7ZL,5051648.71,2025-07-23,Raw cotton bales,true
32CSIUV0454F1ZA,36OCSNL9677X2ZE,77687.01,2025-07-23,Packaged fittings,true
32CSIUV0454F1ZA,36VLZNB9706Y8Z5,78877.69,2025-07-24,Assembled pump units,false
32CSIUV0454F1ZA,36VLZNB9706Y8Z5,76437.81,2025-07-26,Garment lots,true
32CSIUV0454F1ZA,36OCSNL9677X2ZE,84707.74,2025-07-27,Garment lots,true
06HMMKP3107F5ZD,19PLHHW1016H9ZF,342789.55,2025-07-28,Steel coils,true
29EFAZI5543B4ZA,19YDRKQ8981G8Z0,277778.88,2025-07-28,Aluminium sheets,true
32CSIUV0454F1ZA,27JJWTQ8319K2ZQ,95536.74,2025-07-28,Assembled pump units,true
32CSIUV0454F1ZA,36EAVZD5995V1ZW,164382.25,2025-07-28,Assembled pump units,true
06FHVNT7733I5ZV,24AGMGP8326M1ZX,204996.08,2025-07-29,Moulded plastic parts,true
32ZJXEX3262M8ZI,36OCSNL9677X2ZE,214379.88,2025-07-29,Kitchenware cartons,true
36OBMPC8728D9Z1,19YDRKQ8981G8Z0,86939.48,2025-07-29,Garment lots,true
32CSIUV0454F1ZA,29EEEDM1207Z5ZI,94901.36,2025-07-29,Packaged fittings,true
07ONTHA8211P8ZV,09EULJN4456L1ZL,200936.14,2025-07-29,Packaged fittings,true
06WTKXB3624X2ZZ,24AGMGP8326M1ZX,531199.72,2025-07-30,Moulded plastic parts,true
07NUJPG7828Q1ZF,24WDFFK6372L6ZG,186265.96,2025-07-30,Packaged fittings,true
32CSIUV0454F1ZA,06WAFKG4621R2ZO,128775.88,2025-07-31,Packaged fittings,true
24QZZUH6664T7ZI,29UTSSL5497K4Z2,6749317.41,2025-07-31,Kitchenware cartons,true
07UAULE5677X8ZE,32ZJXEX3262M8ZI,322741.32,2025-08-01,Plywood panels,true
32CSIUV0454F1ZA,29EEEDM1207Z5ZI,90254.04,2025-08-01,Assembled pump units,true
07UAULE5677X8ZE,32ZJXEX3262M8ZI,307823.56,2025-08-05,Steel coils,true
32ZJXEX3262M8ZI,33GTKCX4322Y9ZI,169589.34,2025-08-05,Garment lots,false
32CSIUV0454F1ZA,06WAFKG4621R2ZO,121093.74,2025-08-05,Kitchenware cartons,true
32CSIUV0454F1ZA,27JJWTQ8319K2ZQ,98196.00,2025-08-05,Kitchenware cartons,true
19GFKAV3735Q8ZB,36MZJBD4917K5Z9,100049.11,2025-08-06,Raw cotton bales,true
29QKBDF0435G7ZL,06FAQAP4122I4ZE,2090201.41,2025-08-06,Assembled pump units,true
29EFAZI5543B4ZA,06WAFKG4621R2ZO,366778.13,2025-08-07,Aluminium sheets,false
09GJYTU8142N9ZG,07KWILE8553U6ZA,195155.59,2025-08-08,Crude polymer granules,true
07KWILE8553U6ZA,33SXHBV5455Q3ZA,515467.15,2025-08-08,Cotton yarn,true
32CSIUV0454F1ZA,36OCSNL9677X2ZE,83214.95,2025-08-08,Assembled pump units,true
29JQZRD1863U2Z1,27WIYMC1225Z2ZK,265128.02,2025-08-12,Raw rubber sheets,true
27ALEPK7569U6ZG,36EAVZD5995V1ZW,559268.50,2025-08-12,Packaged fittings,true
19PLHHW1016H9ZF,33ZBNHU0943P7ZR,1322946.56,2025-08-12,Auto spare kits,true
29ZAFKS8325T5Z6,32NCEZY3306X8ZQ,157768.09,2025-08-12,Raw cotton bales,true
19GFKAV3735Q8ZB,06FFMGW8098X2ZO,166601.00,2025-08-15,Bauxite,false
29JQZRD1863U2Z1,29EFAZI5543B4ZA,229337.56,2025-08-16,Raw rubber sheets,true
07KWILE8553U6ZA,24WDFFK6372L6ZG,649753.80,2025-08-16,Plywood panels,true
29QKBDF0435G7ZL,06FAQAP4122I4ZE,2264715.25,2025-08-16,Kitchenware cartons,true
29GCOAS1769B1ZC,29EFAZI5543B4ZA,54371.21,2025-08-18,Unprocessed timber,true
07HPZMN5057X8Z8,36FIYPN9843Q2Z7,1219920.59,2025-08-21,Furniture sets,true
07DHLRI6338N6ZW,19UQTPQ2259G5ZS,275266.47,2025-08-22,Bauxite,true
09LFTIT0622R5ZW,32CLEZO9487M4ZJ,90628.97,2025-08-22,Raw cotton bales,true
32DGWWG8013H9ZR,06ZSOZA9116X9Z3,640065.24,2025-08-22,Raw cotton bales,true
29JQZRD1863U2Z1,29EFAZI5543B4ZA,224299.04,2025-08-22,Bauxite,true
33JCJFN2696A7ZH,07KWILE8553U6ZA,1734936.84,2025-08-24,Crude polymer granules,true
09LFTIT0622R5ZW,24YYWVX1034K1ZA,145167.28,2025-08-27,Iron ore,true
06RANFK6405V9Z5,29EEEDM1207Z5ZI,297979.23,2025-08-27,Garment lots,true
29KTEZO9632U3ZL,06FAQAP4122I4ZE,209907.85,2025-08-28,Packaged fittings,true
33JCJFN2696A7ZH,07ABDII1174G9ZY,1638643.44,2025-08-31,Iron ore,true
36PPFOZ0403V7Z7,36WXXDM3871X2Z4,201590.89,2025-08-31,Assembled pump units,true
07KUQLA3240I4ZW,27ALEPK7569U6ZG,403617.63,2025-09-01,Crude polymer granules,true
36MZJBD4917K5Z9,06WAFKG4621R2ZO,1133079.19,2025-09-01,Packaged fittings,true
07NUJPG7828Q1ZF,06FAQAP4122I4ZE,96557.56,2025-09-04,Auto spare kits,true
29CBPWW7946Z2ZA,32NCEZY3306X8ZQ,446421.48,2025-09-05,Iron ore,false
27ZXPIC6089I8ZK,06FAQAP4122I4ZE,357637.75,2025-09-06,Packaged fittings,true
07HPZMN5057X8Z8,27HMTFL8592A4ZD,866360.89,2025-09-06,Furniture sets,true
29QKBDF0435G7ZL,06FAQAP4122I4ZE,2206434.67,2025-09-07,Assembled pump units,true
36OBMPC8728D9Z1,36OCSNL9677X2ZE,81003.34,2025-09-08,Kitchenware cartons,true
07NUJPG7828Q1ZF,27JJWTQ8319K2ZQ,168124.85,2025-09-10,Auto spare kits,true
07NUJPG7828Q1ZF,36WXXDM3871X2Z4,330636.34,2025-09-11,Packaged fittings,true
07TUAFV0647D4Z4,19YDRKQ8981G8Z0,553660.76,2025-09-13,Packaged fittings,true
32HRUDX5644S8Z9,06FHVNT7733I5ZV,3012816.50,2025-09-14,Raw cotton bales,false
36MZJBD4917K5Z9,36OCSNL9677X2ZE,939995.46,2025-09-14,Auto spare kits,true
27IOSSF2051N4ZH,06BAGOT5114I3ZB,138008.60,2025-09-14,Garment lots,true
07NUJPG7828Q1ZF,32NCEZY3306X8ZQ,585986.66,2025-09-14,Recovered packaging material,true
33SXHBV5455Q3ZA,06WAFKG4621R2ZO,370044.34,2025-09-15,Packaged fittings,true
32JXXBH4534N8Z5,27HMTFL8592A4ZD,71295.62,2025-09-16,Auto spare kits,true
19VUHEQ8805P5ZR,29FKTQX9100V7ZB,63506.64,2025-09-19,Cotton yarn,true
27VMTID3305Z9Z1,36OCSNL9677X2ZE,18644.12,2025-09-19,Auto spare kits,true
36OBMPC8728D9Z1,36VLZNB9706Y8Z5,118431.69,2025-09-19,Assembled pump units,true
19PLHHW1016H9ZF,36WXXDM3871X2Z4,568381.96,2025-09-19,Kitchenware cartons,true
06RPWDU5021D3Z1,07NUJPG7828Q1ZF,405578.27,2025-09-19,Garment lots,false
32DGWWG8013H9ZR,27WIYMC1225Z2ZK,1369179.38,2025-09-20,Raw cotton bales,true
24QZZUH6664T7ZI,33GTKCX4322Y9ZI,169827.90,2025-09-20,Assembled pump units,true
32ZJXEX3262M8ZI,36WXXDM3871X2Z4,259566.82,2025-09-21,Kitchenware cartons,true
36OBMPC8728D9Z1,36OCSNL9677X2ZE,90382.90,2025-09-21,Packaged fittings,false
33SXHBV5455Q3ZA,19YDRKQ8981G8Z0,431625.15,2025-09-21,Auto spare kits,false
29QKBDF0435G7ZL,06FAQAP4122I4ZE,1984568.85,2025-09-21,Packaged fittings,true
27XCGLU6888M7Z9,06YLMRX1588B6ZF,2742050.96,2025-09-22,Unprocessed timber,true
06BYUOB2814C3Z6,36OCSNL9677X2ZE,65322.96,2025-09-22,Rubber gaskets,true
27VMTID3305Z9Z1,33GTKCX4322Y9ZI,17225.87,2025-09-22,Assembled pump units,true
29GCOAS1769B1ZC,07KWILE8553U6ZA,79707.43,2025-09-23,Bauxite,true
24GYOUU9943P5ZV,29QWAFK3462C2ZZ,2212617.79,2025-09-24,Scrap and offcuts,true
29GCOAS1769B1ZC,06RANFK6405V9Z5,89263.43,2025-09-25,Raw rubber sheets,true
29GCOAS1769B1ZC,29EFAZI5543B4ZA,56053.00,2025-09-26,Unprocessed timber,true
32NCEZY3306X8ZQ,06FAQAP4122I4ZE,182899.53,2025-09-27,Kitchenware cartons,true
06BYUOB2814C3Z6,27DLLPY9697K6ZC,67260.06,2025-09-29,Steel coils,true
06FFMGW8098X2ZO,36OCSNL9677X2ZE,1205037.81,2025-09-29,Furniture sets,true
32IACFW7071R6ZE,24WDFFK6372L6ZG,49977.38,2025-09-30,Kitchenware cartons,true
29QKBDF0435G7ZL,06FAQAP4122I4ZE,1888677.16,2025-10-01,Assembled pump units,true
06BYUOB2814C3Z6,36OCSNL9677X2ZE,57560.06,2025-10-02,Moulded plastic parts,true
27SMUUO2665D2ZB,06HMMKP3107F5ZD,404183.00,2025-10-04,Iron ore,true
29JQZRD1863U2Z1,29EFAZI5543B4ZA,226156.48,2025-10-05,Iron ore,true
19VUHEQ8805P5ZR,27ZXPIC6089I8ZK,76013.51,2025-10-05,Steel coils,true
27JJWTQ8319K2ZQ,06FAQAP4122I4ZE,143457.59,2025-10-05,Recovered packaging material,true
27ALEPK7569U6ZG,36EAVZD5995V1ZW,632365.93,2025-10-06,Kitchenware cartons,true
32JXXBH4534N8Z5,09EULJN4456L1ZL,84132.89,2025-10-06,Auto spare kits,true
29CBPWW7946Z2ZA,06RANFK6405V9Z5,896781.93,2025-10-07,Raw cotton bales,true
29QWAFK3462C2ZZ,36MXXOD2635L2ZC,2953484.77,2025-10-08,Auto spare kits,false
24UPLTN9627B4Z5,29QKBDF0435G7ZL,36627.93,2025-10-09,Aluminium sheets,true
29QKBDF0435G7ZL,06FAQAP4122I4ZE,1962012.40,2025-10-10,Assembled pump units,true
36PPFOZ0403V7Z7,36WXXDM3871X2Z4,220219.60,2025-10-11,Kitchenware cartons,true
36PPFOZ0403V7Z7,36WXXDM3871X2Z4,250767.37,2025-10-11,Kitchenware cartons,true
07HPZMN5057X8Z8,33ZBNHU0943P7ZR,774175.89,2025-10-11,Auto spare kits,true
29ZAFKS8325T5Z6,07HPZMN5057X8Z8,1351105.97,2025-10-12,Bauxite,true
24UPLTN9627B4Z5,29EEEDM1207Z5ZI,21353.72,2025-10-12,Cotton yarn,true
24YYWVX1034K1ZA,06RANFK6405V9Z5,18868.07,2025-10-13,Cotton yarn,true
24UPLTN9627B4Z5,29QKBDF0435G7ZL,39173.06,2025-10-15,Aluminium sheets,true
24UPLTN9627B4Z5,29EEEDM1207Z5ZI,21197.90,2025-10-15,Cotton yarn,true
06BYUOB2814C3Z6,27WIYMC1225Z2ZK,86232.99,2025-10-15,Steel coils,true
24UPLTN9627B4Z5,19PLHHW1016H9ZF,20935.64,2025-10-16,Cotton yarn,true
07HPZMN5057X8Z8,27HMTFL8592A4ZD,827973.90,2025-10-16,Assembled pump units,true
06FFMGW8098X2ZO,06FOYRN1089G8ZA,1076262.30,2025-10-19,Garment lots,true
36MZJBD4917K5Z9,33GTKCX4322Y9ZI,1160659.17,2025-10-19,Kitchenware cartons,true
06RPWDU5021D3Z1,33ZBNHU0943P7ZR,302349.17,2025-10-19,Auto spare kits,false
36MXXOD2635L2ZC,06FAQAP4122I4ZE,626191.84,2025-10-19,Assembled pump units,true
24YYWVX1034K1ZA,06RANFK6405V9Z5,17446.92,2025-10-20,Aluminium sheets,true
24UPLTN9627B4Z5,19YDRKQ8981G8Z0,41338.23,2025-10-20,Steel coils,true
06IEVQG3946F7ZP,06FOYRN1089G8ZA,164363.34,2025-10-20,Packaged fittings,false
29CBPWW7946Z2ZA,36XEDXQ4487H8ZR,377347.75,2025-10-21,Bauxite,true
32HRUDX5644S8Z9,27LQOKU1297U4Z3,2827852.38,2025-10-21,Unprocessed timber,true
29CODLF5738S2ZV,09EULJN4456L1ZL,83666.75,2025-10-21,Plywood panels,true
36PPFOZ0403V7Z7,36WXXDM3871X2Z4,238754.03,2025-10-21,Garment lots,true
29GCOAS1769B1ZC,29EFAZI5543B4ZA,55747.61,2025-10-22,Crude polymer granules,true
24UPLTN9627B4Z5,29GHOXW1991A4ZA,31755.57,2025-10-23,Steel coils,true
07NUJPG7828Q1ZF,32NCEZY3306X8ZQ,341606.96,2025-10-23,Garment lots,false
06HMMKP3107F5ZD,32ZJXEX3262M8ZI,211642.34,2025-10-25,Steel coils,true
36OBMPC8728D9Z1,33ZBNHU0943P7ZR,72621.88,2025-10-25,Garment lots,true
24SVGIC0584E3ZH,29EEEDM1207Z5ZI,214737.67,2025-10-26,Aluminium sheets,true
24UPLTN9627B4Z5,36GNWQX9803V1ZI,41722.66,2025-10-26,Cotton yarn,true
27DLLPY9697K6ZC,36FIYPN9843Q2Z7,160019.81,2025-10-26,Furniture sets,true
06RANFK6405V9Z5,36WXXDM3871X2Z4,345812.88,2025-10-26,Assembled pump units,true
07DHLRI6338N6ZW,19UQTPQ2259G5ZS,280886.35,2025-10-27,Iron ore,true
29BGPKH2454D9ZH,06RANFK6405V9Z5,17400.02,2025-10-27,Moulded plastic parts,true
36MXXOD2635L2ZC,06IEVQG3946F7ZP,2851097.82,2025-10-27,Inter-branch stock transfer,true
07DHLRI6338N6ZW,07NUJPG7828Q1ZF,847755.71,2025-10-28,Raw cotton bales,true
07DHLRI6338N6ZW,33SXHBV5455Q3ZA,378467.48,2025-10-29,Iron ore,true
24UPLTN9627B4Z5,36GNWQX9803V1ZI,36972.89,2025-10-29,Plywood panels,true
24YYWVX1034K1ZA,06RANFK6405V9Z5,18742.72,2025-10-30,Cotton yarn,true
24UPLTN9627B4Z5,36FIYPN9843Q2Z7,27028.26,2025-10-30,Aluminium sheets,true
36PPFOZ0403V7Z7,36WXXDM3871X2Z4,236625.49,2025-10-30,Assembled pump units,true
27SMUUO2665D2ZB,32NCEZY3306X8ZQ,347459.12,2025-10-30,Unprocessed timber,true
32JXXBH4534N8Z5,06FOYRN1089G8ZA,64591.72,2025-10-31,Packaged fittings,true
32IACFW7071R6ZE,27JJWTQ8319K2ZQ,206497.82,2025-10-31,Assembled pump units,false
24UPLTN9627B4Z5,29QKBDF0435G7ZL,43706.94,2025-11-01,Steel coils,true
19ZJYJV7014C7ZU,27WIYMC1225Z2ZK,212273.01,2025-11-02,Rubber gaskets,true
24UPLTN9627B4Z5,19PLHHW1016H9ZF,21468.62,2025-11-02,Plywood panels,true
07TUAFV0647D4Z4,33ZBNHU0943P7ZR,478168.72,2025-11-02,Furniture sets,true
32DGWWG8013H9ZR,36UQXPA3525T3ZU,289386.94,2025-11-02,Raw rubber sheets,true
19ZJYJV7014C7ZU,27WIYMC1225Z2ZK,217683.99,2025-11-03,Moulded plastic parts,true
27VMTID3305Z9Z1,33GTKCX4322Y9ZI,13911.24,2025-11-05,Packaged fittings,false
24UPLTN9627B4Z5,19YDRKQ8981G8Z0,43937.10,2025-11-06,Moulded plastic parts,true
32ZJXEX3262M8ZI,06FAQAP4122I4ZE,236680.22,2025-11-06,Furniture sets,false
24UPLTN9627B4Z5,19YDRKQ8981G8Z0,43155.25,2025-11-07,Plywood panels,true
29NHUTK5280X8ZT,36WXXDM3871X2Z4,43691.54,2025-11-07,Furniture sets,true
33JCJFN2696A7ZH,36UQXPA3525T3ZU,68297.87,2025-11-07,Bauxite,true
29CODLF5738S2ZV,09EULJN4456L1ZL,85602.02,2025-11-08,Plywood panels,true
24YYWVX1034K1ZA,06RANFK6405V9Z5,18327.87,2025-11-09,Aluminium sheets,true
06HMMKP3107F5ZD,33ZBNHU0943P7ZR,380291.07,2025-11-10,Rubber gaskets,true
32ZJXEX3262M8ZI,06FAQAP4122I4ZE,244868.77,2025-11-10,Garment lots,true
19PLHHW1016H9ZF,06WAFKG4621R2ZO,1028764.82,2025-11-10,Kitchenware cartons,false
06RGXNS6258D5ZB,27HMTFL8592A4ZD,228831.47,2025-11-10,Packaged fittings,true
24UPLTN9627B4Z5,36FIYPN9843Q2Z7,27352.98,2025-11-11,Aluminium sheets,true
29JQZRD1863U2Z1,32BEJPU7148L1Z5,106947.53,2025-11-12,Raw rubber sheets,true
24YYWVX1034K1ZA,06FAQAP4122I4ZE,30824.75,2025-11-12,Plywood panels,true
27WIYMC1225Z2ZK,24WDFFK6372L6ZG,741185.92,2025-11-14,Assembled pump units,true
33VSKKT9786Y3ZG,19YDRKQ8981G8Z0,1212943.04,2025-11-15,Auto spare kits,true
24UPLTN9627B4Z5,29GHOXW1991A4ZA,33694.23,2025-11-16,Moulded plastic parts,true
24UPLTN9627B4Z5,29GHOXW1991A4ZA,31476.58,2025-11-16,Cotton yarn,true
24UPLTN9627B4Z5,19YDRKQ8981G8Z0,47799.22,2025-11-16,Steel coils,false
24UPLTN9627B4Z5,19PLHHW1016H9ZF,20094.65,2025-11-18,Plywood panels,false
06BYUOB2814C3Z6,27DLLPY9697K6ZC,53061.71,2025-11-18,Rubber gaskets,true
36OBMPC8728D9Z1,33ZBNHU0943P7ZR,71287.85,2025-11-19,Kitchenware cartons,true
27DLLPY9697K6ZC,36FIYPN9843Q2Z7,167378.68,2025-11-19,Auto spare kits,true
07NUJPG7828Q1ZF,06BAGOT5114I3ZB,250902.69,2025-11-20,Assembled pump units,true
36PPFOZ0403V7Z7,36WXXDM3871X2Z4,223300.99,2025-11-22,Kitchenware cartons,true
29QWAFK3462C2ZZ,06FAQAP4122I4ZE,440312.37,2025-11-22,Garment lots,true
24UPLTN9627B4Z5,19YDRKQ8981G8Z0,38518.35,2025-11-23,Cotton yarn,true
29ZAFKS8325T5Z6,07HPZMN5057X8Z8,1204880.29,2025-11-24,Unprocessed timber,true
36UQXPA3525T3ZU,27HMTFL8592A4ZD,40310.89,2025-11-24,Assembled pump units,true
09GJYTU8142N9ZG,32CLEZO9487M4ZJ,230074.68,2025-11-25,Unprocessed timber,true
32JXXBH4534N8Z5,06FOYRN1089G8ZA,54013.56,2025-11-25,Packaged fittings,true
19ZJYJV7014C7ZU,27WIYMC1225Z2ZK,229560.07,2025-11-26,Cotton yarn,false
24UPLTN9627B4Z5,36GNWQX9803V1ZI,39933.92,2025-11-26,Plywood panels,true
19UKDFQ9474N1ZH,32IACFW7071R6ZE,141777.06,2025-11-27,Iron ore,true
36XEDXQ4487H8ZR,27DLLPY9697K6ZC,427748.98,2025-11-28,Plywood panels,true
27WIYMC1225Z2ZK,36FIYPN9843Q2Z7,816446.16,2025-11-28,Packaged fittings,true
29KTEZO9632U3ZL,19YDRKQ8981G8Z0,605946.22,2025-11-28,Assembled pump units,true
36XEDXQ4487H8ZR,27DLLPY9697K6ZC,426270.83,2025-11-29,Cotton yarn,true
24UPLTN9627B4Z5,29GHOXW1991A4ZA,32348.58,2025-11-29,Steel coils,true
32JXXBH4534N8Z5,19YDRKQ8981G8Z0,56925.48,2025-11-29,Garment lots,true
29CBPWW7946Z2ZA,06RGXNS6258D5ZB,789944.14,2025-11-30,Iron ore,true
19VUHEQ8805P5ZR,27HMTFL8592A4ZD,92475.44,2025-11-30,Aluminium sheets,true
32NCEZY3306X8ZQ,27HMTFL8592A4ZD,347764.55,2025-11-30,Auto spare kits,false
29JQZRD1863U2Z1,32IACFW7071R6ZE,118452.04,2025-12-01,Crude polymer granules,true
24UPLTN9627B4Z5,36FIYPN9843Q2Z7,35378.20,2025-12-02,Moulded plastic parts,true
32NCEZY3306X8ZQ,36FIYPN9843Q2Z7,575582.49,2025-12-02,Auto spare kits,true
19ZJYJV7014C7ZU,27WIYMC1225Z2ZK,191800.36,2025-12-03,Steel coils,true
29GCOAS1769B1ZC,27IOSSF2051N4ZH,90570.81,2025-12-05,Raw rubber sheets,true
06RGXNS6258D5ZB,06FAQAP4122I4ZE,348654.03,2025-12-05,Assembled pump units,false
32BEJPU7148L1Z5,36WXXDM3871X2Z4,147952.91,2025-12-06,Rubber gaskets,true
19UKDFQ9474N1ZH,09AREDJ3750L1ZR,617647.18,2025-12-07,Raw cotton bales,true
09EAVZF4445T5ZF,07LAEKR6024L4ZM,49059.85,2025-12-07,Garment lots,true
29GCOAS1769B1ZC,07BNXYN9705R3ZN,215795.78,2025-12-07,Raw rubber sheets,true
24UPLTN9627B4Z5,19PLHHW1016H9ZF,17429.78,2025-12-08,Moulded plastic parts,false
32ZJXEX3262M8ZI,06FAQAP4122I4ZE,264796.81,2025-12-08,Assembled pump units,true
29JQZRD1863U2Z1,06RPWDU5021D3Z1,585496.54,2025-12-08,Raw cotton bales,true
24UPLTN9627B4Z5,36FIYPN9843Q2Z7,34595.16,2025-12-09,Moulded plastic parts,true
27DLLPY9697K6ZC,36FIYPN9843Q2Z7,143799.22,2025-12-09,Kitchenware cartons,true
29BGPKH2454D9ZH,09EULJN4456L1ZL,40827.62,2025-12-10,Steel coils,true
09GJYTU8142N9ZG,36MXXOD2635L2ZC,679284.38,2025-12-11,Bauxite,true
09GJYTU8142N9ZG,32CLEZO9487M4ZJ,197088.28,2025-12-12,Crude polymer granules,true
24YYWVX1034K1ZA,06RANFK6405V9Z5,16109.79,2025-12-12,Aluminium sheets,true
24GYOUU9943P5ZV,36OCSNL9677X2ZE,425421.20,2025-12-12,Kitchenware cartons,false
29JQZRD1863U2Z1,29KTEZO9632U3ZL,162151.48,2025-12-13,Unprocessed timber,true
06IEVQG3946F7ZP,07LAEKR6024L4ZM,366114.03,2025-12-13,Furniture sets,false
33SXHBV5455Q3ZA,19YDRKQ8981G8Z0,431762.47,2025-12-15,Auto spare kits,true
27IOSSF2051N4ZH,24YOQGQ4383D7ZJ,189312.34,2025-12-15,Furniture sets,true
36MXXOD2635L2ZC,06IEVQG3946F7ZP,1565247.88,2025-12-15,Packaged fittings,false
07NUJPG7828Q1ZF,32NCEZY3306X8ZQ,449194.79,2025-12-16,Packaged fittings,false
29EFAZI5543B4ZA,24YOQGQ4383D7ZJ,715328.63,2025-12-17,Moulded plastic parts,true
32ZJXEX3262M8ZI,33GTKCX4322Y9ZI,173035.80,2025-12-17,Garment lots,true
29CODLF5738S2ZV,36OBMPC8728D9Z1,55502.92,2025-12-19,Aluminium sheets,true
24GYOUU9943P5ZV,36FIYPN9843Q2Z7,524887.79,2025-12-19,Assembled pump units,false
27XCGLU6888M7Z9,36MZJBD4917K5Z9,3529589.46,2025-12-20,Iron ore,true
24HHIGA2305T5Z7,32ZJXEX3262M8ZI,50428.02,2025-12-20,Cotton yarn,true
24ZMIAB1800N3ZA,33SXHBV5455Q3ZA,245226.96,2025-12-20,Rubber gaskets,false
27WIYMC1225Z2ZK,07LAEKR6024L4ZM,682110.36,2025-12-20,Kitchenware cartons,true
29JQZRD1863U2Z1,29EFAZI5543B4ZA,223772.92,2025-12-22,Unprocessed timber,true
29KTEZO9632U3ZL,07LAEKR6024L4ZM,388555.36,2025-12-22,Auto spare kits,true
29GCOAS1769B1ZC,24AGMGP8326M1ZX,103977.34,2025-12-23,Raw rubber sheets,true
36OBMPC8728D9Z1,06WAFKG4621R2ZO,55058.32,2025-12-23,Packaged fittings,true
27IOSSF2051N4ZH,24YOQGQ4383D7ZJ,169349.56,2025-12-24,Assembled pump units,true
27ALEPK7569U6ZG,36VLZNB9706Y8Z5,663071.38,2025-12-26,Packaged fittings,true
07DHLRI6338N6ZW,19ZJYJV7014C7ZU,215347.05,2025-12-27,Unprocessed timber,true
06BYUOB2814C3Z6,27DLLPY9697K6ZC,64812.18,2025-12-27,Cotton yarn,true
33SXHBV5455Q3ZA,19YDRKQ8981G8Z0,460216.56,2025-12-27,Packaged fittings,true
19UKDFQ9474N1ZH,07BNXYN9705R3ZN,63264.62,2025-12-27,Iron ore,true
29QWAFK3462C2ZZ,36MXXOD2635L2ZC,2970954.76,2025-12-27,Recovered packaging material,true
06IEVQG3946F7ZP,24GYOUU9943P5ZV,2302653.13,2025-12-27,Auto spare kits,true
33JCJFN2696A7ZH,29UTSSL5497K4Z2,915921.12,2025-12-28,Crude polymer granules,true
36OBMPC8728D9Z1,24WDFFK6372L6ZG,68769.67,2025-12-28,Garment lots,true
32NCEZY3306X8ZQ,06RPWDU5021D3Z1,455815.68,2025-12-28,Recovered packaging material,true
32BEJPU7148L1Z5,07HPZMN5057X8Z8,196277.43,2025-12-29,Steel coils,true
36PPFOZ0403V7Z7,07LAEKR6024L4ZM,284556.27,2025-12-29,Kitchenware cartons,true
32ZJXEX3262M8ZI,06BAGOT5114I3ZB,118235.86,2025-12-29,Assembled pump units,true
36MZJBD4917K5Z9,24WDFFK6372L6ZG,1572484.04,2025-12-29,Furniture sets,true
19PLHHW1016H9ZF,36WXXDM3871X2Z4,671202.53,2025-12-29,Garment lots,true
33JCJFN2696A7ZH,32IACFW7071R6ZE,257834.11,2025-12-29,Raw rubber sheets,true
07DHLRI6338N6ZW,33SXHBV5455Q3ZA,390554.42,2025-12-31,Iron ore,true
27DLLPY9697K6ZC,36FIYPN9843Q2Z7,135673.66,2025-12-31,Packaged fittings,true
36WNVVM4926G7Z0,07UAULE5677X8ZE,930000.00,2025-12-31,General trading items,false
07KWILE8553U6ZA,24WDFFK6372L6ZG,547358.50,2026-01-01,Steel coils,true
27DLLPY9697K6ZC,29EEEDM1207Z5ZI,163873.87,2026-01-01,Kitchenware cartons,true
19UKDFQ9474N1ZH,27ALEPK7569U6ZG,328301.49,2026-01-02,Iron ore,true
19UQTPQ2259G5ZS,06WAFKG4621R2ZO,318011.28,2026-01-02,Garment lots,true
29KTEZO9632U3ZL,07LAEKR6024L4ZM,369136.32,2026-01-02,Furniture sets,true
27ZXPIC6089I8ZK,06FAQAP4122I4ZE,321031.50,2026-01-04,Assembled pump units,true
24XNQWD7385X3ZL,36MXXOD2635L2ZC,784170.05,2026-01-04,Iron ore,true
29GCOAS1769B1ZC,29EFAZI5543B4ZA,59096.24,2026-01-06,Raw cotton bales,true
27DLLPY9697K6ZC,24YOQGQ4383D7ZJ,241422.32,2026-01-06,Furniture sets,true
29QWAFK3462C2ZZ,36FIYPN9843Q2Z7,788381.99,2026-01-06,Auto spare kits,true
36WNVVM4926G7Z0,07UAULE5677X8ZE,900000.00,2026-01-06,General trading items,false
07ONTHA8211P8ZV,27JJWTQ8319K2ZQ,196757.64,2026-01-07,Assembled pump units,true
27WIYMC1225Z2ZK,36FIYPN9843Q2Z7,813113.35,2026-01-07,Auto spare kits,true
29EFAZI5543B4ZA,19YDRKQ8981G8Z0,296730.34,2026-01-08,Steel coils,true
32ZJXEX3262M8ZI,06BAGOT5114I3ZB,136229.43,2026-01-09,Packaged fittings,true
36MZJBD4917K5Z9,06WAFKG4621R2ZO,1026763.56,2026-01-09,Auto spare kits,true
36WNVVM4926G7Z0,24QZZUH6664T7ZI,520000.00,2026-01-09,Trading goods - general,false
29GCOAS1769B1ZC,32BEJPU7148L1Z5,99272.43,2026-01-10,Unprocessed timber,true
29UTSSL5497K4Z2,24YOQGQ4383D7ZJ,196324.31,2026-01-10,Packaged fittings,true
09GJYTU8142N9ZG,06IEVQG3946F7ZP,322559.95,2026-01-10,Unprocessed timber,true
24ZMIAB1800N3ZA,27ZXPIC6089I8ZK,240522.50,2026-01-11,Rubber gaskets,true
07DHLRI6338N6ZW,19ZJYJV7014C7ZU,202041.71,2026-01-12,Raw cotton bales,true
19UKDFQ9474N1ZH,19ZJYJV7014C7ZU,391740.30,2026-01-12,Bauxite,true
24QZZUH6664T7ZI,29UTSSL5497K4Z2,7085729.79,2026-01-12,Furniture sets,true
29JQZRD1863U2Z1,32BEJPU7148L1Z5,93362.91,2026-01-13,Crude polymer granules,true
19PLHHW1016H9ZF,07LAEKR6024L4ZM,1574247.65,2026-01-13,Auto spare kits,false
06RGXNS6258D5ZB,36VLZNB9706Y8Z5,354311.08,2026-01-13,Auto spare kits,true
27AOFRX5672F4ZF,07LAEKR6024L4ZM,99745.65,2026-01-13,Packaged fittings,true
36MXXOD2635L2ZC,29EEEDM1207Z5ZI,205727.42,2026-01-15,Auto spare kits,true
09LFTIT0622R5ZW,36WNVVM4926G7Z0,297055.70,2026-01-15,Bauxite,true
29GCOAS1769B1ZC,07KWILE8553U6ZA,100001.11,2026-01-16,Raw rubber sheets,false
06FFMGW8098X2ZO,24YOQGQ4383D7ZJ,1086145.48,2026-01-16,Assembled pump units,true
09GJYTU8142N9ZG,36WNVVM4926G7Z0,297055.70,2026-01-16,Raw rubber sheets,true
24XLEYG4981J6ZB,09EULJN4456L1ZL,403528.77,2026-01-16,Garment lots,true
09LFTIT0622R5ZW,27WIYMC1225Z2ZK,85236.63,2026-01-17,Raw cotton bales,true
33SXHBV5455Q3ZA,07LAEKR6024L4ZM,267371.93,2026-01-17,Packaged fittings,false
36WNVVM4926G7Z0,29UTSSL5497K4Z2,330000.00,2026-01-17,Trading goods - general,false
29EFAZI5543B4ZA,24YOQGQ4383D7ZJ,706757.52,2026-01-18,Plywood panels,true
06FFMGW8098X2ZO,24YOQGQ4383D7ZJ,1180904.73,2026-01-18,Auto spare kits,true
19UQTPQ2259G5ZS,07LAEKR6024L4ZM,406575.91,2026-01-18,Auto spare kits,true
06IEVQG3946F7ZP,29EEEDM1207Z5ZI,797328.31,2026-01-18,Furniture sets,false
29GCOAS1769B1ZC,32ZJXEX3262M8ZI,128544.24,2026-01-19,Bauxite,true
06RANFK6405V9Z5,36WXXDM3871X2Z4,354634.02,2026-01-19,Auto spare kits,true
36WNVVM4926G7Z0,29NHUTK5280X8ZT,670000.00,2026-01-19,Industrial consumables (assorted),false
32BEJPU7148L1Z5,07HPZMN5057X8Z8,200932.83,2026-01-20,Steel coils,true
29PBJBI4063F3ZL,36EAVZD5995V1ZW,101064.25,2026-01-20,Furniture sets,true
09GJYTU8142N9ZG,32CLEZO9487M4ZJ,182248.53,2026-01-21,Bauxite,true
06WTKXB3624X2ZZ,24AGMGP8326M1ZX,413251.17,2026-01-21,Plywood panels,true
27WIYMC1225Z2ZK,07LAEKR6024L4ZM,641893.69,2026-01-21,Kitchenware cartons,true
27DLLPY9697K6ZC,36FIYPN9843Q2Z7,150146.30,2026-01-22,Garment lots,true
19UQTPQ2259G5ZS,07LAEKR6024L4ZM,349734.24,2026-01-22,Assembled pump units,false
29GCOAS1769B1ZC,06RANFK6405V9Z5,81216.61,2026-01-23,Iron ore,true
33SXHBV5455Q3ZA,19YDRKQ8981G8Z0,446357.73,2026-01-23,Assembled pump units,true
33SXHBV5455Q3ZA,07LAEKR6024L4ZM,255658.90,2026-01-23,Packaged fittings,true
24XLEYG4981J6ZB,09EULJN4456L1ZL,349051.67,2026-01-23,Kitchenware cartons,false
29CBPWW7946Z2ZA,27WIYMC1225Z2ZK,980783.19,2026-01-24,Crude polymer granules,true
29JQZRD1863U2Z1,29EFAZI5543B4ZA,192495.44,2026-01-24,Iron ore,true
27ALEPK7569U6ZG,07LAEKR6024L4ZM,758813.38,2026-01-25,Kitchenware cartons,true
36MZJBD4917K5Z9,06FAQAP4122I4ZE,1381682.78,2026-01-25,Auto spare kits,true
29KTEZO9632U3ZL,36VLZNB9706Y8Z5,269643.52,2026-01-25,Packaged fittings,true
29KTEZO9632U3ZL,06FAQAP4122I4ZE,238714.58,2026-01-26,Furniture sets,true
07DHLRI6338N6ZW,06RPWDU5021D3Z1,340840.60,2026-01-26,Iron ore,false
09LFTIT0622R5ZW,06IEVQG3946F7ZP,691710.53,2026-01-26,Raw rubber sheets,true
07ABDII1174G9ZY,19UQTPQ2259G5ZS,414528.16,2026-01-27,Plywood panels,true
29FKTQX9100V7ZB,07LAEKR6024L4ZM,70226.93,2026-01-27,Auto spare kits,true
32HRUDX5644S8Z9,06IEVQG3946F7ZP,387430.42,2026-01-27,Raw rubber sheets,true
27WIYMC1225Z2ZK,06FAQAP4122I4ZE,1495744.62,2026-01-28,Packaged fittings,true
36WNVVM4926G7Z0,29GHOXW1991A4ZA,240000.00,2026-01-28,Miscellaneous industrial goods,false
32DGWWG8013H9ZR,07SMIEI8471F2ZB,1737748.94,2026-01-29,Crude polymer granules,true
09EAVZF4445T5ZF,07LAEKR6024L4ZM,47645.65,2026-01-29,Assembled pump units,true
09EAVZF4445T5ZF,07LAEKR6024L4ZM,38400.43,2026-01-29,Furniture sets,true
33SXHBV5455Q3ZA,06FAQAP4122I4ZE,346900.33,2026-01-30,Assembled pump units,true
27ALEPK7569U6ZG,07LAEKR6024L4ZM,918553.49,2026-01-31,Packaged fittings,true
24AGMGP8326M1ZX,36WXXDM3871X2Z4,394648.41,2026-01-31,Auto spare kits,false
36OBMPC8728D9Z1,19YDRKQ8981G8Z0,99416.58,2026-02-01,Packaged fittings,true
36WNVVM4926G7Z0,29EEEDM1207Z5ZI,223297.95,2026-02-01,Assorted electronic components,false
07DHLRI6338N6ZW,33SXHBV5455Q3ZA,386890.71,2026-02-02,Raw rubber sheets,true
36MZJBD4917K5Z9,06FAQAP4122I4ZE,1548101.90,2026-02-02,Assembled pump units,true
29PBJBI4063F3ZL,24YOQGQ4383D7ZJ,238222.83,2026-02-03,Assembled pump units,false
29ZAFKS8325T5Z6,06IEVQG3946F7ZP,696402.00,2026-02-03,Iron ore,true
29EFAZI5543B4ZA,06WAFKG4621R2ZO,385234.47,2026-02-04,Steel coils,true
24ZMIAB1800N3ZA,06WAFKG4621R2ZO,119995.03,2026-02-04,Aluminium sheets,true
19UKDFQ9474N1ZH,09AREDJ3750L1ZR,596503.32,2026-02-05,Iron ore,true
07ONTHA8211P8ZV,36VLZNB9706Y8Z5,124380.66,2026-02-05,Kitchenware cartons,true
07SMIEI8471F2ZB,36OBMPC8728D9Z1,633483.29,2026-02-06,Steel coils,true
06FAQAP4122I4ZE,36WXXDM3871X2Z4,145760.66,2026-02-06,Inter-branch stock transfer,true
07KWILE8553U6ZA,06FFMGW8098X2ZO,703589.57,2026-02-07,Steel coils,false
19VUHEQ8805P5ZR,27HMTFL8592A4ZD,79326.67,2026-02-07,Aluminium sheets,false
24GYOUU9943P5ZV,29QWAFK3462C2ZZ,2118401.78,2026-02-07,Garment lots,true
06HMMKP3107F5ZD,29KTEZO9632U3ZL,243609.82,2026-02-08,Aluminium sheets,true
06FAQAP4122I4ZE,36WXXDM3871X2Z4,145354.44,2026-02-08,Warranty replacement units,true
29GHOXW1991A4ZA,06BAGOT5114I3ZB,62135.16,2026-02-09,Furniture sets,true
19UQTPQ2259G5ZS,07LAEKR6024L4ZM,408094.73,2026-02-09,Assembled pump units,true
07ABDII1174G9ZY,19UQTPQ2259G5ZS,533125.05,2026-02-11,Moulded plastic parts,true
32JXXBH4534N8Z5,07LAEKR6024L4ZM,36314.29,2026-02-11,Auto spare kits,true
09GJYTU8142N9ZG,32CLEZO9487M4ZJ,210793.39,2026-02-12,Raw rubber sheets,true
36MZJBD4917K5Z9,27JJWTQ8319K2ZQ,1104040.96,2026-02-12,Auto spare kits,true
33SXHBV5455Q3ZA,29EEEDM1207Z5ZI,321432.97,2026-02-12,Garment lots,true
36WNVVM4926G7Z0,33GTKCX4322Y9ZI,500000.00,2026-02-12,Trading goods - general,true
36WNVVM4926G7Z0,32CSIUV0454F1ZA,420000.00,2026-02-12,Industrial consumables (assorted),false
32BEJPU7148L1Z5,07TUAFV0647D4Z4,332329.45,2026-02-13,Steel coils,false
07SMIEI8471F2ZB,36OBMPC8728D9Z1,482260.34,2026-02-13,Plywood panels,true
27WIYMC1225Z2ZK,07LAEKR6024L4ZM,740847.46,2026-02-13,Auto spare kits,true
06RPWDU5021D3Z1,36FIYPN9843Q2Z7,595582.17,2026-02-13,Garment lots,true
27SMUUO2665D2ZB,24SVGIC0584E3ZH,744322.77,2026-02-14,Crude polymer granules,true
29FKTQX9100V7ZB,07LAEKR6024L4ZM,75322.42,2026-02-14,Garment lots,true
32HRUDX5644S8Z9,07HPZMN5057X8Z8,2058288.09,2026-02-15,Raw cotton bales,true
07KWILE8553U6ZA,19CINWU1856P4ZV,639132.40,2026-02-15,Aluminium sheets,true
27ZPZQF8830A3ZR,36WXXDM3871X2Z4,108889.41,2026-02-15,Garment lots,true
32BEJPU7148L1Z5,36OBMPC8728D9Z1,250294.99,2026-02-16,Moulded plastic parts,true
07HPZMN5057X8Z8,27HMTFL8592A4ZD,1038844.78,2026-02-16,Garment lots,true
29EFAZI5543B4ZA,24YOQGQ4383D7ZJ,747476.28,2026-02-17,Rubber gaskets,true
19PLHHW1016H9ZF,27JJWTQ8319K2ZQ,1046114.74,2026-02-17,Auto spare kits,true
32NCEZY3306X8ZQ,09EULJN4456L1ZL,65788.90,2026-02-17,Assembled pump units,true
06YWWNO5198J8ZW,19UQTPQ2259G5ZS,606206.75,2026-02-19,Iron ore,true
06YWWNO5198J8ZW,29KTEZO9632U3ZL,771966.88,2026-02-19,Raw rubber sheets,true
06YWWNO5198J8ZW,07ABDII1174G9ZY,715480.52,2026-02-19,Raw rubber sheets,true
06BYUOB2814C3Z6,24YOQGQ4383D7ZJ,35814.40,2026-02-19,Rubber gaskets,true
19UQTPQ2259G5ZS,24YOQGQ4383D7ZJ,426752.23,2026-02-19,Packaged fittings,false
19ELJJU0112Q1ZH,06ZSOZA9116X9Z3,24138.81,2026-02-20,Iron ore,false
29QWAFK3462C2ZZ,36MXXOD2635L2ZC,2072733.49,2026-02-20,Inter-branch stock transfer,false
19ELJJU0112Q1ZH,06ZSOZA9116X9Z3,25179.83,2026-02-21,Raw cotton bales,true
29GCOAS1769B1ZC,32BEJPU7148L1Z5,108912.10,2026-02-21,Raw rubber sheets,true
32HRUDX5644S8Z9,07HPZMN5057X8Z8,2618852.78,2026-02-21,Crude polymer granules,true
19ELJJU0112Q1ZH,24HHIGA2305T5Z7,15186.17,2026-02-22,Bauxite,false
19ELJJU0112Q1ZH,06ZSOZA9116X9Z3,24288.78,2026-02-22,Bauxite,true
06YWWNO5198J8ZW,06HMMKP3107F5ZD,1156843.56,2026-02-22,Bauxite,true
19VUHEQ8805P5ZR,27HMTFL8592A4ZD,95068.14,2026-02-22,Cotton yarn,true
06BYUOB2814C3Z6,27DLLPY9697K6ZC,60975.97,2026-02-22,Plywood panels,true
19PLHHW1016H9ZF,07LAEKR6024L4ZM,1854776.66,2026-02-22,Kitchenware cartons,true
36WNVVM4926G7Z0,19YDRKQ8981G8Z0,310000.00,2026-02-22,Miscellaneous industrial goods,false
06YWWNO5198J8ZW,27ZXPIC6089I8ZK,550741.82,2026-02-23,Raw rubber sheets,true
24YYWVX1034K1ZA,36OBMPC8728D9Z1,28551.15,2026-02-23,Aluminium sheets,true
24ZMIAB1800N3ZA,33SXHBV5455Q3ZA,205209.50,2026-02-23,Aluminium sheets,true
32JXXBH4534N8Z5,07LAEKR6024L4ZM,34815.53,2026-02-24,Assembled pump units,true
24AGMGP8326M1ZX,36WXXDM3871X2Z4,436330.36,2026-02-25,Kitchenware cartons,true
36OBMPC8728D9Z1,36VLZNB9706Y8Z5,132978.18,2026-02-25,Auto spare kits,true
19UQTPQ2259G5ZS,24YOQGQ4383D7ZJ,411411.13,2026-02-25,Kitchenware cartons,true
36WNVVM4926G7Z0,19ZJYJV7014C7ZU,320000.00,2026-02-25,Trading goods - general,false
24XLEYG4981J6ZB,33ZBNHU0943P7ZR,466131.61,2026-02-25,Kitchenware cartons,false
19ELJJU0112Q1ZH,29QKBDF0435G7ZL,21963.71,2026-02-26,Raw rubber sheets,false
36OBMPC8728D9Z1,24WDFFK6372L6ZG,58510.59,2026-02-26,Furniture sets,true
29VHNFX9057Q9ZF,24YOQGQ4383D7ZJ,215250.32,2026-02-26,Garment lots,false
36WNVVM4926G7Z0,36OCSNL9677X2ZE,307395.07,2026-02-27,Mixed hardware consignment,false
36WNVVM4926G7Z0,36WXXDM3871X2Z4,221166.25,2026-02-27,Industrial consumables (assorted),false
06YWWNO5198J8ZW,36PPFOZ0403V7Z7,1052660.53,2026-02-28,Iron ore,true
06RPWDU5021D3Z1,07NUJPG7828Q1ZF,427712.93,2026-02-28,Returned unsold stock,true
36OBMPC8728D9Z1,36EAVZD5995V1ZW,153416.99,2026-03-01,Packaged fittings,false
27DLLPY9697K6ZC,29EEEDM1207Z5ZI,188675.75,2026-03-01,Garment lots,true
36WNVVM4926G7Z0,36WXXDM3871X2Z4,180000.00,2026-03-01,Miscellaneous industrial goods,false
19ELJJU0112Q1ZH,29QKBDF0435G7ZL,23658.98,2026-03-02,Raw rubber sheets,false
19PLHHW1016H9ZF,36WXXDM3871X2Z4,519592.24,2026-03-02,Garment lots,false
06YWWNO5198J8ZW,29KTEZO9632U3ZL,663169.71,2026-03-03,Unprocessed timber,true
06YWWNO5198J8ZW,06FHVNT7733I5ZV,667629.91,2026-03-03,Unprocessed timber,true
06YWWNO5198J8ZW,06FHVNT7733I5ZV,637189.60,2026-03-03,Iron ore,true
06YWWNO5198J8ZW,07ABDII1174G9ZY,753188.40,2026-03-03,Raw cotton bales,true
07KUQLA3240I4ZW,29PBJBI4063F3ZL,132304.41,2026-03-03,Raw rubber sheets,true
29PBJBI4063F3ZL,36FIYPN9843Q2Z7,187475.55,2026-03-03,Kitchenware cartons,true
36WNVVM4926G7Z0,36GNWQX9803V1ZI,510000.00,2026-03-03,Trading goods - general,false
19ELJJU0112Q1ZH,24HHIGA2305T5Z7,15272.95,2026-03-04,Unprocessed timber,true
06YWWNO5198J8ZW,27ZXPIC6089I8ZK,538939.63,2026-03-04,Iron ore,true
32ZJXEX3262M8ZI,36WXXDM3871X2Z4,259720.33,2026-03-04,Auto spare kits,true
36WNVVM4926G7Z0,33GTKCX4322Y9ZI,820000.00,2026-03-06,Trading goods - general,false
29GCOAS1769B1ZC,19UQTPQ2259G5ZS,115934.78,2026-03-07,Iron ore,true
06YWWNO5198J8ZW,19UQTPQ2259G5ZS,578339.97,2026-03-07,Iron ore,false
06YWWNO5198J8ZW,36PPFOZ0403V7Z7,929723.38,2026-03-07,Iron ore,true
07SMIEI8471F2ZB,36OBMPC8728D9Z1,514012.46,2026-03-07,Aluminium sheets,true
06YWWNO5198J8ZW,29VHNFX9057Q9ZF,252560.80,2026-03-07,Unprocessed timber,true
36WNVVM4926G7Z0,29EFAZI5543B4ZA,940000.00,2026-03-07,Miscellaneous industrial goods,false
07KUQLA3240I4ZW,24SVGIC0584E3ZH,714675.47,2026-03-08,Bauxite,true
24XLEYG4981J6ZB,36GNWQX9803V1ZI,675223.86,2026-03-08,Furniture sets,true
27WIYMC1225Z2ZK,07LAEKR6024L4ZM,708062.57,2026-03-09,Packaged fittings,true
32NCEZY3306X8ZQ,06FOYRN1089G8ZA,278319.99,2026-03-09,Furniture sets,true
24XLEYG4981J6ZB,27DLLPY9697K6ZC,460000.00,2026-03-09,Garment lots,false
06YWWNO5198J8ZW,07ABDII1174G9ZY,640666.13,2026-03-10,Bauxite,true
29CBPWW7946Z2ZA,29BGPKH2454D9ZH,430797.93,2026-03-10,Iron ore,true
07ABDII1174G9ZY,19UQTPQ2259G5ZS,510704.99,2026-03-10,Steel coils,true
06YWWNO5198J8ZW,36PPFOZ0403V7Z7,1096988.05,2026-03-11,Crude polymer granules,true
24XNQWD7385X3ZL,07NUJPG7828Q1ZF,364219.75,2026-03-11,Bauxite,true
29JQZRD1863U2Z1,27WIYMC1225Z2ZK,277033.01,2026-03-12,Raw rubber sheets,true
06HMMKP3107F5ZD,29EEEDM1207Z5ZI,256244.14,2026-03-12,Steel coils,true
29AUOHY9915P1Z9,07SMIEI8471F2ZB,919610.79,2026-03-12,General trading items,true
06YWWNO5198J8ZW,29KTEZO9632U3ZL,613946.39,2026-03-13,Crude polymer granules,true
07KWILE8553U6ZA,07LAEKR6024L4ZM,297947.98,2026-03-13,Aluminium sheets,true
07KUQLA3240I4ZW,27ZPZQF8830A3ZR,283989.40,2026-03-13,Iron ore,true
24GYOUU9943P5ZV,29QWAFK3462C2ZZ,2273140.22,2026-03-13,Packaged fittings,true
29UTSSL5497K4Z2,36WXXDM3871X2Z4,230193.37,2026-03-14,Furniture sets,true
29ZAFKS8325T5Z6,27ZPZQF8830A3ZR,51495.94,2026-03-14,Bauxite,true
32DGWWG8013H9ZR,06RPWDU5021D3Z1,466121.69,2026-03-14,Bauxite,false
06YWWNO5198J8ZW,06FHVNT7733I5ZV,587657.90,2026-03-15,Unprocessed timber,true
06YWWNO5198J8ZW,06FFMGW8098X2ZO,666129.39,2026-03-15,Crude polymer granules,false
06YWWNO5198J8ZW,06HMMKP3107F5ZD,1361370.78,2026-03-15,Bauxite,true
36XEDXQ4487H8ZR,27DLLPY9697K6ZC,360553.26,2026-03-15,Moulded plastic parts,true
07SMIEI8471F2ZB,36PPFOZ0403V7Z7,487059.39,2026-03-15,Rubber gaskets,true
27ZXPIC6089I8ZK,24YOQGQ4383D7ZJ,283764.73,2026-03-15,Assembled pump units,true
07HPZMN5057X8Z8,27HMTFL8592A4ZD,937021.63,2026-03-16,Auto spare kits,true
06RANFK6405V9Z5,27JJWTQ8319K2ZQ,560343.49,2026-03-16,Garment lots,true
29AUOHY9915P1Z9,19UQTPQ2259G5ZS,665535.77,2026-03-16,Mixed hardware consignment,false
06YWWNO5198J8ZW,19UQTPQ2259G5ZS,469102.62,2026-03-17,Raw cotton bales,true
24XLEYG4981J6ZB,36OBMPC8728D9Z1,354231.19,2026-03-17,Furniture sets,false
24XLEYG4981J6ZB,36GNWQX9803V1ZI,298563.38,2026-03-17,Assembled pump units,false
29GCOAS1769B1ZC,06RANFK6405V9Z5,71630.23,2026-03-18,Iron ore,true
27ZOOLX7194T4Z6,32OZGOZ2432H7ZB,75613.86,2026-03-18,Unprocessed timber,false
32BEJPU7148L1Z5,32OZGOZ2432H7ZB,177256.06,2026-03-18,Plywood panels,true
19PLHHW1016H9ZF,07LAEKR6024L4ZM,1529982.97,2026-03-18,Auto spare kits,true
24AGMGP8326M1ZX,36WXXDM3871X2Z4,416816.66,2026-03-19,Packaged fittings,true
19UQTPQ2259G5ZS,24YOQGQ4383D7ZJ,393839.79,2026-03-19,Kitchenware cartons,true
29AUOHY9915P1Z9,33PVFCK5757F9ZU,930484.41,2026-03-19,General trading items,false
36OBMPC8728D9Z1,19YDRKQ8981G8Z0,86518.94,2026-03-20,Garment lots,true
24GYOUU9943P5ZV,09EULJN4456L1ZL,432051.78,2026-03-20,Furniture sets,true
19GFKAV3735Q8ZB,29QWAFK3462C2ZZ,89221.16,2026-03-20,Raw cotton bales,true
07KUQLA3240I4ZW,06RPWDU5021D3Z1,653546.33,2026-03-21,Unprocessed timber,true
36WNVVM4926G7Z0,07SMIEI8471F2ZB,450000.00,2026-03-21,General trading items,false
19ELJJU0112Q1ZH,29QKBDF0435G7ZL,23998.21,2026-03-22,Iron ore,true
06YWWNO5198J8ZW,19UQTPQ2259G5ZS,584498.61,2026-03-22,Raw cotton bales,true
33SXHBV5455Q3ZA,06FAQAP4122I4ZE,400367.04,2026-03-22,Auto spare kits,true
29AUOHY9915P1Z9,36OCSNL9677X2ZE,800000.00,2026-03-22,Miscellaneous industrial goods,false
19UQTPQ2259G5ZS,24YOQGQ4383D7ZJ,429078.40,2026-03-23,Furniture sets,true
06RGXNS6258D5ZB,27JJWTQ8319K2ZQ,351166.90,2026-03-23,Auto spare kits,true
29KTEZO9632U3ZL,07LAEKR6024L4ZM,416886.85,2026-03-23,Auto spare kits,false
07DHLRI6338N6ZW,24GYOUU9943P5ZV,270795.44,2026-03-23,Unprocessed timber,true
36OBMPC8728D9Z1,24WDFFK6372L6ZG,64063.19,2026-03-24,Furniture sets,true
29AUOHY9915P1Z9,07LAEKR6024L4ZM,1440000.00,2026-03-24,Assorted electronic components,false
36WNVVM4926G7Z0,36GNWQX9803V1ZI,310683.74,2026-03-24,Industrial consumables (assorted),true
24XLEYG4981J6ZB,06FHVNT7733I5ZV,440952.11,2026-03-24,Auto spare kits,false
09GJYTU8142N9ZG,07KWILE8553U6ZA,204653.53,2026-03-25,Unprocessed timber,true
27ZOOLX7194T4Z6,06YLMRX1588B6ZF,77272.55,2026-03-25,Raw rubber sheets,true
06YWWNO5198J8ZW,29KTEZO9632U3ZL,777483.31,2026-03-25,Iron ore,true
06YWWNO5198J8ZW,06HMMKP3107F5ZD,1191637.25,2026-03-25,Crude polymer granules,true
19VUHEQ8805P5ZR,06RGXNS6258D5ZB,93404.23,2026-03-25,Rubber gaskets,true
29QWAFK3462C2ZZ,07LAEKR6024L4ZM,320398.66,2026-03-25,Furniture sets,true
06YWWNO5198J8ZW,06FFMGW8098X2ZO,584614.15,2026-03-26,Unprocessed timber,true
27WIYMC1225Z2ZK,33GTKCX4322Y9ZI,744463.95,2026-03-26,Garment lots,true
36WNVVM4926G7Z0,32CLEZO9487M4ZJ,670000.00,2026-03-26,General trading items,false
06YWWNO5198J8ZW,06HMMKP3107F5ZD,1059157.89,2026-03-27,Unprocessed timber,true
29FKTQX9100V7ZB,07LAEKR6024L4ZM,65932.46,2026-03-27,Garment lots,true
06IEVQG3946F7ZP,06BAGOT5114I3ZB,530798.24,2026-03-27,Garment lots,true
07TUAFV0647D4Z4,24YOQGQ4383D7ZJ,510230.73,2026-03-28,Kitchenware cartons,true
09EAVZF4445T5ZF,27HMTFL8592A4ZD,44300.84,2026-03-28,Auto spare kits,false
36WXXDM3871X2Z4,06BAGOT5114I3ZB,153747.52,2026-03-28,Warranty replacement units,true
32HRUDX5644S8Z9,07BNXYN9705R3ZN,95623.15,2026-03-28,Iron ore,true
36MXXOD2635L2ZC,06IEVQG3946F7ZP,2915746.77,2026-03-28,Assembled pump units,true
27ZOOLX7194T4Z6,06IEVQG3946F7ZP,730193.85,2026-03-28,Unprocessed timber,true
29AUOHY9915P1Z9,33PVFCK5757F9ZU,880000.00,2026-03-28,Mixed hardware consignment,true
06YWWNO5198J8ZW,19UQTPQ2259G5ZS,522507.97,2026-03-29,Unprocessed timber,true
24ZMIAB1800N3ZA,06WAFKG4621R2ZO,119372.43,2026-03-29,Aluminium sheets,false
07SMIEI8471F2ZB,24YOQGQ4383D7ZJ,773643.53,2026-03-29,Plywood panels,true
32CSIUV0454F1ZA,36WXXDM3871X2Z4,47470.12,2026-03-29,Auto spare kits,true
29VHNFX9057Q9ZF,36VLZNB9706Y8Z5,181818.69,2026-03-29,Furniture sets,true
24XLEYG4981J6ZB,06FHVNT7733I5ZV,263586.51,2026-03-29,Furniture sets,false
27XCGLU6888M7Z9,36MZJBD4917K5Z9,3461583.52,2026-03-30,Raw cotton bales,true
06YWWNO5198J8ZW,27ZXPIC6089I8ZK,602201.70,2026-03-30,Crude polymer granules,true
09EAVZF4445T5ZF,07LAEKR6024L4ZM,45014.56,2026-03-30,Auto spare kits,true
36WNVVM4926G7Z0,32CLEZO9487M4ZJ,580000.00,2026-03-30,Mixed hardware consignment,false
29GCOAS1769B1ZC,24YYWVX1034K1ZA,51675.56,2026-03-31,Bauxite,true
06YWWNO5198J8ZW,36PPFOZ0403V7Z7,857491.88,2026-03-31,Iron ore,true
32CSIUV0454F1ZA,36WXXDM3871X2Z4,50530.91,2026-03-31,Kitchenware cartons,true
19PLHHW1016H9ZF,36WXXDM3871X2Z4,539792.76,2026-03-31,Packaged fittings,true
19ELJJU0112Q1ZH,24HHIGA2305T5Z7,13918.19,2026-04-01,Bauxite,true
27ZOOLX7194T4Z6,07KWILE8553U6ZA,98812.89,2026-04-01,Iron ore,true
06YWWNO5198J8ZW,27ZXPIC6089I8ZK,562492.38,2026-04-01,Bauxite,true
29JQZRD1863U2Z1,27ZPZQF8830A3ZR,286060.30,2026-04-01,Iron ore,true
07KUQLA3240I4ZW,29QWAFK3462C2ZZ,577894.42,2026-04-01,Raw rubber sheets,true
33JCJFN2696A7ZH,29UTSSL5497K4Z2,984497.68,2026-04-02,Iron ore,true
27ZOOLX7194T4Z6,36XEDXQ4487H8ZR,73923.92,2026-04-02,Raw cotton bales,true
07TUAFV0647D4Z4,33GTKCX4322Y9ZI,321831.96,2026-04-02,Kitchenware cartons,true
29AUOHY9915P1Z9,19PLHHW1016H9ZF,820000.00,2026-04-02,Industrial consumables (assorted),false
33JCJFN2696A7ZH,06WTKXB3624X2ZZ,1661892.47,2026-04-03,Bauxite,true
36WNVVM4926G7Z0,36OBMPC8728D9Z1,810000.00,2026-04-03,Trading goods - general,false
06YWWNO5198J8ZW,06FFMGW8098X2ZO,591325.42,2026-04-04,Crude polymer granules,true
06YWWNO5198J8ZW,06HMMKP3107F5ZD,1370331.15,2026-04-04,Crude polymer granules,true
29AUOHY9915P1Z9,29FKTQX9100V7ZB,330000.00,2026-04-04,Mixed hardware consignment,false
36WNVVM4926G7Z0,32CLEZO9487M4ZJ,710000.00,2026-04-04,General trading items,false
36WNVVM4926G7Z0,29KTEZO9632U3ZL,597812.08,2026-04-04,General trading items,true
19ELJJU0112Q1ZH,36XEDXQ4487H8ZR,26554.87,2026-04-05,Iron ore,false
27ZOOLX7194T4Z6,36MZJBD4917K5Z9,45522.62,2026-04-05,Iron ore,true
24YYWVX1034K1ZA,36OBMPC8728D9Z1,29337.02,2026-04-05,Plywood panels,true
24YYWVX1034K1ZA,36OBMPC8728D9Z1,29191.12,2026-04-05,Rubber gaskets,true
24YYWVX1034K1ZA,36OBMPC8728D9Z1,26252.19,2026-04-05,Cotton yarn,true
06FFMGW8098X2ZO,24YOQGQ4383D7ZJ,1322240.53,2026-04-05,Assembled pump units,true
32OZGOZ2432H7ZB,36FIYPN9843Q2Z7,98625.34,2026-04-05,Auto spare kits,true
06RPWDU5021D3Z1,07NUJPG7828Q1ZF,516927.29,2026-04-05,Warranty replacement units,true
07TUAFV0647D4Z4,24YOQGQ4383D7ZJ,535625.94,2026-04-06,Garment lots,true
19ELJJU0112Q1ZH,36XEDXQ4487H8ZR,27685.52,2026-04-07,Raw cotton bales,false
06YWWNO5198J8ZW,27ZXPIC6089I8ZK,548293.94,2026-04-07,Unprocessed timber,true
32HRUDX5644S8Z9,19PLHHW1016H9ZF,2835714.75,2026-04-07,Unprocessed timber,false
27IOSSF2051N4ZH,36OCSNL9677X2ZE,87253.61,2026-04-07,Furniture sets,true
29KTEZO9632U3ZL,36VLZNB9706Y8Z5,282451.98,2026-04-07,Kitchenware cartons,true
06RPWDU5021D3Z1,07NUJPG7828Q1ZF,351967.21,2026-04-07,Recovered packaging material,true
06YWWNO5198J8ZW,06FHVNT7733I5ZV,526116.27,2026-04-08,Bauxite,true
06YWWNO5198J8ZW,06HMMKP3107F5ZD,1056061.70,2026-04-08,Unprocessed timber,true
09LFTIT0622R5ZW,29PBJBI4063F3ZL,50292.99,2026-04-08,Raw rubber sheets,true
27DLLPY9697K6ZC,06FAQAP4122I4ZE,106998.35,2026-04-09,Assembled pump units,true
29KTEZO9632U3ZL,07LAEKR6024L4ZM,366769.40,2026-04-09,Auto spare kits,true
29AUOHY9915P1Z9,07LAEKR6024L4ZM,1430000.00,2026-04-09,Mixed hardware consignment,true
27ZOOLX7194T4Z6,32OZGOZ2432H7ZB,72281.89,2026-04-10,Unprocessed timber,true
06YWWNO5198J8ZW,06FHVNT7733I5ZV,643895.67,2026-04-10,Raw rubber sheets,true
29AUOHY9915P1Z9,06RGXNS6258D5ZB,1090000.00,2026-04-10,General trading items,false
29AUOHY9915P1Z9,06FHVNT7733I5ZV,550000.00,2026-04-10,General trading items,false
27ZOOLX7194T4Z6,32OZGOZ2432H7ZB,67059.75,2026-04-11,Unprocessed timber,true
06YWWNO5198J8ZW,06FFMGW8098X2ZO,598822.36,2026-04-11,Raw rubber sheets,true
06FFMGW8098X2ZO,24YOQGQ4383D7ZJ,1264592.51,2026-04-12,Assembled pump units,true
06IEVQG3946F7ZP,24GYOUU9943P5ZV,2401594.85,2026-04-12,Warranty replacement units,true
29AUOHY9915P1Z9,24ZMIAB1800N3ZA,820000.00,2026-04-12,Miscellaneous industrial goods,false
36WNVVM4926G7Z0,09EAVZF4445T5ZF,870000.00,2026-04-12,Assorted electronic components,false
06YWWNO5198J8ZW,07TUAFV0647D4Z4,809306.07,2026-04-13,Raw rubber sheets,true
06YWWNO5198J8ZW,36PPFOZ0403V7Z7,932189.90,2026-04-13,Iron ore,true
19GFKAV3735Q8ZB,36AMVEW0495U7ZQ,284365.41,2026-04-13,Raw rubber sheets,false
24XNQWD7385X3ZL,24GYOUU9943P5ZV,305703.99,2026-04-13,Raw cotton bales,true
29AUOHY9915P1Z9,36OCSNL9677X2ZE,730000.00,2026-04-13,General trading items,false
32OZGOZ2432H7ZB,06WAFKG4621R2ZO,121995.87,2026-04-14,Kitchenware cartons,true
27DLLPY9697K6ZC,24YOQGQ4383D7ZJ,221638.53,2026-04-14,Packaged fittings,true
06YWWNO5198J8ZW,19UQTPQ2259G5ZS,589441.30,2026-04-15,Crude polymer granules,true
19ZJYJV7014C7ZU,36WXXDM3871X2Z4,176623.90,2026-04-15,Moulded plastic parts,true
27IOSSF2051N4ZH,24YOQGQ4383D7ZJ,148906.04,2026-04-15,Packaged fittings,false
36WNVVM4926G7Z0,07UAULE5677X8ZE,936244.80,2026-04-15,General trading items,false
29GCOAS1769B1ZC,19UQTPQ2259G5ZS,110544.49,2026-04-16,Raw rubber sheets,true
32OZGOZ2432H7ZB,09EULJN4456L1ZL,131755.09,2026-04-16,Assembled pump units,true
19VUHEQ8805P5ZR,19CINWU1856P4ZV,58315.17,2026-04-17,Aluminium sheets,true
24UPLTN9627B4Z5,32ZJXEX3262M8ZI,22382.02,2026-04-17,Aluminium sheets,true
07ABDII1174G9ZY,19UQTPQ2259G5ZS,463803.23,2026-04-17,Plywood panels,true
32OZGOZ2432H7ZB,06WAFKG4621R2ZO,139839.19,2026-04-17,Garment lots,true
19ELJJU0112Q1ZH,24HHIGA2305T5Z7,13857.64,2026-04-18,Iron ore,true
29GCOAS1769B1ZC,32BEJPU7148L1Z5,113872.64,2026-04-18,Crude polymer granules,true
32CLEZO9487M4ZJ,06WAFKG4621R2ZO,865087.95,2026-04-18,Cotton yarn,true
07SMIEI8471F2ZB,36OBMPC8728D9Z1,487017.32,2026-04-18,Aluminium sheets,true
06FFMGW8098X2ZO,24YOQGQ4383D7ZJ,1204858.84,2026-04-18,Assembled pump units,true
32OZGOZ2432H7ZB,09EULJN4456L1ZL,154781.74,2026-04-18,Garment lots,true
09EAVZF4445T5ZF,36EAVZD5995V1ZW,115019.85,2026-04-18,Packaged fittings,true
29KTEZO9632U3ZL,33GTKCX4322Y9ZI,296976.27,2026-04-18,Garment lots,true
29ZAFKS8325T5Z6,36MZJBD4917K5Z9,985560.85,2026-04-19,Raw cotton bales,true
07KWILE8553U6ZA,07LAEKR6024L4ZM,305804.02,2026-04-19,Cotton yarn,true
19VUHEQ8805P5ZR,29FKTQX9100V7ZB,68610.24,2026-04-19,Moulded plastic parts,true
29AUOHY9915P1Z9,29FKTQX9100V7ZB,626232.39,2026-04-19,General trading items,false
29EFAZI5543B4ZA,19PLHHW1016H9ZF,624946.45,2026-04-20,Steel coils,false
36WNVVM4926G7Z0,24YOQGQ4383D7ZJ,250000.00,2026-04-20,Industrial consumables (assorted),false
32DGWWG8013H9ZR,36MZJBD4917K5Z9,1192363.82,2026-04-21,Raw rubber sheets,true
19ZJYJV7014C7ZU,36WXXDM3871X2Z4,192067.83,2026-04-21,Rubber gaskets,true
07SMIEI8471F2ZB,24YOQGQ4383D7ZJ,813654.50,2026-04-21,Plywood panels,true
32OZGOZ2432H7ZB,36FIYPN9843Q2Z7,100773.59,2026-04-21,Packaged fittings,true
24XNQWD7385X3ZL,32CLEZO9487M4ZJ,3717810.59,2026-04-22,Unprocessed timber,true
32JXXBH4534N8Z5,24YOQGQ4383D7ZJ,61843.33,2026-04-22,Garment lots,true
19CINWU1856P4ZV,24YOQGQ4383D7ZJ,199427.39,2026-04-22,Auto spare kits,true
29CBPWW7946Z2ZA,32IACFW7071R6ZE,154720.83,2026-04-22,Raw rubber sheets,true
24GYOUU9943P5ZV,29QWAFK3462C2ZZ,2008260.21,2026-04-22,Returned unsold stock,false
36WNVVM4926G7Z0,24HHIGA2305T5Z7,280000.00,2026-04-22,Industrial consumables (assorted),false
29FKTQX9100V7ZB,07LAEKR6024L4ZM,68697.43,2026-04-23,Garment lots,true
29UTSSL5497K4Z2,06WAFKG4621R2ZO,124500.66,2026-04-23,Kitchenware cartons,true
29PBJBI4063F3ZL,06WAFKG4621R2ZO,214954.07,2026-04-23,Kitchenware cartons,false
29AUOHY9915P1Z9,19UQTPQ2259G5ZS,510000.00,2026-04-23,General trading items,true
29AUOHY9915P1Z9,29EFAZI5543B4ZA,1092324.21,2026-04-23,Industrial consumables (assorted),false
29AUOHY9915P1Z9,06YLMRX1588B6ZF,750000.00,2026-04-23,Miscellaneous industrial goods,false
19ELJJU0112Q1ZH,36XEDXQ4487H8ZR,22125.28,2026-04-24,Bauxite,true
24UPLTN9627B4Z5,32ZJXEX3262M8ZI,17430.15,2026-04-24,Cotton yarn,true
07ABDII1174G9ZY,32ZJXEX3262M8ZI,382850.07,2026-04-24,Steel coils,true
29BGPKH2454D9ZH,32OZGOZ2432H7ZB,44402.83,2026-04-24,Cotton yarn,false
32ZJXEX3262M8ZI,06BAGOT5114I3ZB,130898.24,2026-04-24,Garment lots,true
27SMUUO2665D2ZB,36AMVEW0495U7ZQ,132076.03,2026-04-24,Iron ore,true
06YWWNO5198J8ZW,24GYOUU9943P5ZV,243156.02,2026-04-24,Raw rubber sheets,false
07ABDII1174G9ZY,32ZJXEX3262M8ZI,421092.93,2026-04-25,Plywood panels,true
27ZXPIC6089I8ZK,24YOQGQ4383D7ZJ,343102.09,2026-04-25,Assembled pump units,true
29QWAFK3462C2ZZ,06WAFKG4621R2ZO,79979.13,2026-04-25,Furniture sets,false
29AUOHY9915P1Z9,27LQOKU1297U4Z3,910000.00,2026-04-25,Trading goods - general,false
24AGMGP8326M1ZX,24YOQGQ4383D7ZJ,433108.45,2026-04-26,Auto spare kits,false
07HPZMN5057X8Z8,27HMTFL8592A4ZD,791586.43,2026-04-27,Auto spare kits,false
32OZGOZ2432H7ZB,33ZBNHU0943P7ZR,96427.78,2026-04-27,Kitchenware cartons,true
32NCEZY3306X8ZQ,06RPWDU5021D3Z1,351718.78,2026-04-27,Scrap and offcuts,true
29AUOHY9915P1Z9,19PLHHW1016H9ZF,900000.00,2026-04-27,Assorted electronic components,false
27DLLPY9697K6ZC,24YOQGQ4383D7ZJ,210933.07,2026-04-28,Assembled pump units,true
36WNVVM4926G7Z0,27JJWTQ8319K2ZQ,460000.00,2026-04-28,General trading items,false
36WNVVM4926G7Z0,29GHOXW1991A4ZA,340000.00,2026-04-28,Trading goods - general,false
24XLEYG4981J6ZB,29QKBDF0435G7ZL,150000.00,2026-04-28,Kitchenware cartons,false
27XCGLU6888M7Z9,36MZJBD4917K5Z9,3599801.92,2026-04-29,Crude polymer granules,true
29UTSSL5497K4Z2,24YOQGQ4383D7ZJ,195264.82,2026-04-29,Garment lots,false
27WIYMC1225Z2ZK,07LAEKR6024L4ZM,638973.42,2026-04-29,Auto spare kits,true
29KTEZO9632U3ZL,07LAEKR6024L4ZM,382158.79,2026-04-29,Kitchenware cartons,true
27AOFRX5672F4ZF,06FAQAP4122I4ZE,64836.79,2026-04-29,Packaged fittings,true
19UKDFQ9474N1ZH,36AMVEW0495U7ZQ,61380.00,2026-04-29,Raw rubber sheets,true
32DGWWG8013H9ZR,06ZSOZA9116X9Z3,601937.47,2026-04-30,Iron ore,true
09GJYTU8142N9ZG,06WTKXB3624X2ZZ,94709.38,2026-04-30,Raw cotton bales,true
06IEVQG3946F7ZP,24GYOUU9943P5ZV,2882757.76,2026-04-30,Scrap and offcuts,false
24XLEYG4981J6ZB,32ZJXEX3262M8ZI,426326.70,2026-04-30,Furniture sets,false
32OZGOZ2432H7ZB,36FIYPN9843Q2Z7,99730.19,2026-05-01,Garment lots,true
07BNXYN9705R3ZN,33ZBNHU0943P7ZR,55315.60,2026-05-01,Auto spare kits,true
36WNVVM4926G7Z0,32JXXBH4534N8Z5,600000.00,2026-05-01,Miscellaneous industrial goods,false
19ELJJU0112Q1ZH,32OZGOZ2432H7ZB,16815.46,2026-05-02,Iron ore,false
07ABDII1174G9ZY,32ZJXEX3262M8ZI,397994.64,2026-05-02,Cotton yarn,true
09EAVZF4445T5ZF,07LAEKR6024L4ZM,47974.07,2026-05-02,Assembled pump units,true
36MXXOD2635L2ZC,06IEVQG3946F7ZP,1666731.85,2026-05-02,Inter-branch stock transfer,true
29AUOHY9915P1Z9,06RGXNS6258D5ZB,570000.00,2026-05-02,Assorted electronic components,false
19ELJJU0112Q1ZH,36XEDXQ4487H8ZR,25426.55,2026-05-03,Crude polymer granules,true
19ZJYJV7014C7ZU,36WXXDM3871X2Z4,198302.14,2026-05-03,Aluminium sheets,true
07SMIEI8471F2ZB,24YOQGQ4383D7ZJ,900313.84,2026-05-03,Moulded plastic parts,true
07HPZMN5057X8Z8,33ZBNHU0943P7ZR,790887.28,2026-05-03,Kitchenware cartons,true
27ZOOLX7194T4Z6,36UQXPA3525T3ZU,248814.88,2026-05-03,Raw rubber sheets,true
29AUOHY9915P1Z9,32CLEZO9487M4ZJ,1050000.00,2026-05-03,Trading goods - general,false
19ELJJU0112Q1ZH,24HHIGA2305T5Z7,14902.79,2026-05-04,Iron ore,true
19ELJJU0112Q1ZH,06ZSOZA9116X9Z3,26955.24,2026-05-04,Raw cotton bales,true
07DHLRI6338N6ZW,33SXHBV5455Q3ZA,353677.68,2026-05-04,Iron ore,true
07DHLRI6338N6ZW,33SXHBV5455Q3ZA,412219.64,2026-05-04,Bauxite,true
36MZJBD4917K5Z9,06FAQAP4122I4ZE,1452960.21,2026-05-04,Packaged fittings,true
32OZGOZ2432H7ZB,36FIYPN9843Q2Z7,106594.46,2026-05-04,Kitchenware cartons,true
27WIYMC1225Z2ZK,07LAEKR6024L4ZM,576680.28,2026-05-04,Furniture sets,false
07BNXYN9705R3ZN,27AOFRX5672F4ZF,1900000.00,2026-05-04,General trading items,true
09LFTIT0622R5ZW,29VHNFX9057Q9ZF,245586.52,2026-05-04,Iron ore,true
36AMVEW0495U7ZQ,36EAVZD5995V1ZW,183291.31,2026-05-04,Furniture sets,true
33JCJFN2696A7ZH,36MXXOD2635L2ZC,355602.63,2026-05-04,Crude polymer granules,true
19ELJJU0112Q1ZH,24HHIGA2305T5Z7,15794.36,2026-05-05,Raw cotton bales,false
07KWILE8553U6ZA,33SXHBV5455Q3ZA,517295.03,2026-05-05,Moulded plastic parts,true
09YYSXC1878M7Z9,27ZPZQF8830A3ZR,2010000.00,2026-05-05,Trading goods - general,false
07KWILE8553U6ZA,06FFMGW8098X2ZO,719639.16,2026-05-06,Steel coils,true
19PLHHW1016H9ZF,36WXXDM3871X2Z4,647765.40,2026-05-07,Auto spare kits,true
32DGWWG8013H9ZR,06ZSOZA9116X9Z3,569353.27,2026-05-08,Crude polymer granules,true
36OBMPC8728D9Z1,33ZBNHU0943P7ZR,80008.36,2026-05-08,Garment lots,true
36AMVEW0495U7ZQ,19YDRKQ8981G8Z0,64542.62,2026-05-08,Kitchenware cartons,false
29AUOHY9915P1Z9,07TUAFV0647D4Z4,260000.00,2026-05-08,General trading items,true
09GJYTU8142N9ZG,32OZGOZ2432H7ZB,132535.96,2026-05-09,Raw rubber sheets,true
36PPFOZ0403V7Z7,07LAEKR6024L4ZM,306578.07,2026-05-09,Packaged fittings,true
36MZJBD4917K5Z9,24WDFFK6372L6ZG,1498784.91,2026-05-09,Garment lots,true
29PBJBI4063F3ZL,06FAQAP4122I4ZE,137723.81,2026-05-09,Furniture sets,true
29BGPKH2454D9ZH,36VLZNB9706Y8Z5,38292.77,2026-05-10,Steel coils,true
32OZGOZ2432H7ZB,33ZBNHU0943P7ZR,103208.07,2026-05-10,Assembled pump units,true
27ZPZQF8830A3ZR,07BNXYN9705R3ZN,1870000.00,2026-05-10,Industrial consumables (assorted),false
29AUOHY9915P1Z9,36PPFOZ0403V7Z7,670000.00,2026-05-10,Miscellaneous industrial goods,false
36WNVVM4926G7Z0,29UTSSL5497K4Z2,170000.00,2026-05-10,Industrial consumables (assorted),false
07BNXYN9705R3ZN,27AOFRX5672F4ZF,2000000.00,2026-05-11,General trading items,false
36AMVEW0495U7ZQ,36WXXDM3871X2Z4,54099.65,2026-05-11,Furniture sets,false
07NUJPG7828Q1ZF,32NCEZY3306X8ZQ,535562.79,2026-05-11,Auto spare kits,false
27XCGLU6888M7Z9,06RPWDU5021D3Z1,614404.61,2026-05-11,Bauxite,true
36WNVVM4926G7Z0,29EEEDM1207Z5ZI,380000.00,2026-05-11,Miscellaneous industrial goods,false
27ZOOLX7194T4Z6,36MZJBD4917K5Z9,37244.51,2026-05-12,Crude polymer granules,false
09YYSXC1878M7Z9,33GTKCX4322Y9ZI,71750.74,2026-05-12,Auto spare kits,true
24AGMGP8326M1ZX,24YOQGQ4383D7ZJ,408063.75,2026-05-13,Auto spare kits,false
27IOSSF2051N4ZH,06BAGOT5114I3ZB,146084.20,2026-05-14,Assembled pump units,true
27AOFRX5672F4ZF,36FIYPN9843Q2Z7,159610.41,2026-05-14,Assembled pump units,true
29AUOHY9915P1Z9,29BGPKH2454D9ZH,1317892.90,2026-05-14,Trading goods - general,false
33JCJFN2696A7ZH,07KWILE8553U6ZA,1558833.52,2026-05-15,Bauxite,true
27ZOOLX7194T4Z6,36MZJBD4917K5Z9,41692.54,2026-05-15,Crude polymer granules,true
06BYUOB2814C3Z6,24AGMGP8326M1ZX,107129.01,2026-05-15,Plywood panels,true
24ZMIAB1800N3ZA,06WAFKG4621R2ZO,120205.03,2026-05-15,Steel coils,false
19ELJJU0112Q1ZH,07SMIEI8471F2ZB,23831.37,2026-05-16,Unprocessed timber,true
32DGWWG8013H9ZR,27WIYMC1225Z2ZK,1428435.77,2026-05-16,Raw cotton bales,true
06RGXNS6258D5ZB,27JJWTQ8319K2ZQ,372793.85,2026-05-16,Kitchenware cartons,true
27ZPZQF8830A3ZR,07LAEKR6024L4ZM,152187.37,2026-05-16,Assembled pump units,true
07DHLRI6338N6ZW,29QWAFK3462C2ZZ,252322.53,2026-05-16,Raw rubber sheets,true
29QWAFK3462C2ZZ,24YOQGQ4383D7ZJ,373951.96,2026-05-16,Kitchenware cartons,false
07KWILE8553U6ZA,07LAEKR6024L4ZM,357273.46,2026-05-17,Plywood panels,true
29CODLF5738S2ZV,36OBMPC8728D9Z1,68958.58,2026-05-18,Steel coils,true
24ZMIAB1800N3ZA,27ZXPIC6089I8ZK,252917.63,2026-05-18,Moulded plastic parts,false
29QWAFK3462C2ZZ,36MXXOD2635L2ZC,1915032.81,2026-05-18,Assembled pump units,false
29AUOHY9915P1Z9,06YLMRX1588B6ZF,556470.34,2026-05-18,Assorted electronic components,false
07KUQLA3240I4ZW,27ALEPK7569U6ZG,428223.20,2026-05-19,Crude polymer granules,true
07SMIEI8471F2ZB,36PPFOZ0403V7Z7,405178.33,2026-05-19,Rubber gaskets,true
06FFMGW8098X2ZO,24YOQGQ4383D7ZJ,1328163.86,2026-05-19,Assembled pump units,true
36OBMPC8728D9Z1,06WAFKG4621R2ZO,59197.24,2026-05-19,Furniture sets,true
19PLHHW1016H9ZF,07LAEKR6024L4ZM,1742981.07,2026-05-19,Furniture sets,true
29UTSSL5497K4Z2,36VLZNB9706Y8Z5,263714.31,2026-05-19,Kitchenware cartons,true
19UQTPQ2259G5ZS,06FOYRN1089G8ZA,437980.19,2026-05-19,Assembled pump units,true
19ELJJU0112Q1ZH,09YYSXC1878M7Z9,208798.31,2026-05-19,Crude polymer granules,true
24ZMIAB1800N3ZA,33SXHBV5455Q3ZA,249462.11,2026-05-20,Cotton yarn,false
36PPFOZ0403V7Z7,07LAEKR6024L4ZM,319577.15,2026-05-20,Assembled pump units,true
29AUOHY9915P1Z9,06HMMKP3107F5ZD,1240000.00,2026-05-20,General trading items,false
19ZJYJV7014C7ZU,36WXXDM3871X2Z4,161687.02,2026-05-21,Moulded plastic parts,true
33SXHBV5455Q3ZA,29EEEDM1207Z5ZI,342029.27,2026-05-21,Garment lots,true
32DGWWG8013H9ZR,27AOFRX5672F4ZF,176035.32,2026-05-22,Bauxite,true
09YYSXC1878M7Z9,24WDFFK6372L6ZG,214644.01,2026-05-22,Auto spare kits,true
36WNVVM4926G7Z0,36EAVZD5995V1ZW,430000.00,2026-05-22,Industrial consumables (assorted),false
36WNVVM4926G7Z0,24HHIGA2305T5Z7,240000.00,2026-05-22,Miscellaneous industrial goods,false
32OZGOZ2432H7ZB,33ZBNHU0943P7ZR,117998.54,2026-05-23,Auto spare kits,true
29ZAFKS8325T5Z6,36MXXOD2635L2ZC,262255.01,2026-05-23,Crude polymer granules,true
36WNVVM4926G7Z0,29QKBDF0435G7ZL,348167.25,2026-05-23,Assorted electronic components,false
19ELJJU0112Q1ZH,29QKBDF0435G7ZL,22518.09,2026-05-24,Raw rubber sheets,true
09YYSXC1878M7Z9,06WAFKG4621R2ZO,197157.45,2026-05-25,Auto spare kits,true
09YYSXC1878M7Z9,27ZPZQF8830A3ZR,1970000.00,2026-05-26,Assorted electronic components,false
29AUOHY9915P1Z9,32ZJXEX3262M8ZI,900000.00,2026-05-26,Trading goods - general,false
06WTKXB3624X2ZZ,06BAGOT5114I3ZB,968878.60,2026-05-27,Aluminium sheets,true
07KWILE8553U6ZA,07LAEKR6024L4ZM,359651.68,2026-05-27,Rubber gaskets,true
32NCEZY3306X8ZQ,06RPWDU5021D3Z1,394170.59,2026-05-27,Warranty replacement units,false
33JCJFN2696A7ZH,07NUJPG7828Q1ZF,634239.46,2026-05-27,Raw cotton bales,true
27AOFRX5672F4ZF,09YYSXC1878M7Z9,1860000.00,2026-05-29,Industrial consumables (assorted),true
27AOFRX5672F4ZF,33ZBNHU0943P7ZR,126168.00,2026-05-29,Furniture sets,true
36WNVVM4926G7Z0,36GNWQX9803V1ZI,530000.00,2026-05-29,General trading items,false
19ELJJU0112Q1ZH,06ZSOZA9116X9Z3,30265.80,2026-05-30,Crude polymer granules,false
19UQTPQ2259G5ZS,27JJWTQ8319K2ZQ,438125.95,2026-05-30,Kitchenware cartons,true
36AMVEW0495U7ZQ,33GTKCX4322Y9ZI,241390.78,2026-05-30,Furniture sets,true
06BYUOB2814C3Z6,36OCSNL9677X2ZE,58973.69,2026-05-31,Steel coils,true
36OBMPC8728D9Z1,24WDFFK6372L6ZG,73584.16,2026-05-31,Furniture sets,false
32OZGOZ2432H7ZB,09EULJN4456L1ZL,138853.39,2026-05-31,Garment lots,true
29GCOAS1769B1ZC,29EFAZI5543B4ZA,68350.82,2026-06-01,Crude polymer granules,true
07ABDII1174G9ZY,32ZJXEX3262M8ZI,346596.68,2026-06-01,Aluminium sheets,true
27IOSSF2051N4ZH,09EULJN4456L1ZL,110314.03,2026-06-01,Assembled pump units,true
07DHLRI6338N6ZW,06IEVQG3946F7ZP,488004.36,2026-06-01,Raw cotton bales,true
29AUOHY9915P1Z9,29KTEZO9632U3ZL,770000.00,2026-06-01,Industrial consumables (assorted),false
36WNVVM4926G7Z0,32CSIUV0454F1ZA,630000.00,2026-06-01,Miscellaneous industrial goods,false
24XNQWD7385X3ZL,36WNVVM4926G7Z0,297055.70,2026-06-01,Iron ore,true
19VUHEQ8805P5ZR,06RANFK6405V9Z5,77539.16,2026-06-02,Aluminium sheets,true
29AUOHY9915P1Z9,32BEJPU7148L1Z5,410000.00,2026-06-02,Assorted electronic components,false
32BEJPU7148L1Z5,32OZGOZ2432H7ZB,178966.76,2026-06-03,Rubber gaskets,true
32ZJXEX3262M8ZI,36WXXDM3871X2Z4,225832.95,2026-06-03,Assembled pump units,true
36MXXOD2635L2ZC,36EAVZD5995V1ZW,671510.70,2026-06-03,Packaged fittings,true
29AUOHY9915P1Z9,06BYUOB2814C3Z6,754429.50,2026-06-03,Industrial consumables (assorted),false
19GFKAV3735Q8ZB,27LQOKU1297U4Z3,89179.04,2026-06-04,Iron ore,true
29VHNFX9057Q9ZF,36EAVZD5995V1ZW,111533.67,2026-06-04,Garment lots,true
24XLEYG4981J6ZB,33ZBNHU0943P7ZR,249156.79,2026-06-04,Packaged fittings,false
29CBPWW7946Z2ZA,29BGPKH2454D9ZH,341769.96,2026-06-05,Raw cotton bales,true
19ZJYJV7014C7ZU,36WXXDM3871X2Z4,163854.24,2026-06-05,Steel coils,true
24AGMGP8326M1ZX,24YOQGQ4383D7ZJ,375450.56,2026-06-05,Garment lots,false
36WNVVM4926G7Z0,32JXXBH4534N8Z5,580000.00,2026-06-05,Mixed hardware consignment,false
32OZGOZ2432H7ZB,33ZBNHU0943P7ZR,103591.91,2026-06-06,Auto spare kits,true
09EAVZF4445T5ZF,27HMTFL8592A4ZD,50689.42,2026-06-06,Furniture sets,true
24XLEYG4981J6ZB,27ZXPIC6089I8ZK,508155.98,2026-06-06,Trading goods - assorted,true
19GFKAV3735Q8ZB,27LQOKU1297U4Z3,100878.86,2026-06-07,Unprocessed timber,true
06FFMGW8098X2ZO,27JJWTQ8319K2ZQ,615241.90,2026-06-07,Kitchenware cartons,true
29UTSSL5497K4Z2,24YOQGQ4383D7ZJ,191489.75,2026-06-07,Packaged fittings,true
29ZAFKS8325T5Z6,06RPWDU5021D3Z1,856581.60,2026-06-08,Raw rubber sheets,true
27DLLPY9697K6ZC,36FIYPN9843Q2Z7,155299.08,2026-06-09,Garment lots,true
36UQXPA3525T3ZU,07LAEKR6024L4ZM,144316.48,2026-06-09,Garment lots,true
29AUOHY9915P1Z9,32CLEZO9487M4ZJ,1220000.00,2026-06-09,Assorted electronic components,false
19UKDFQ9474N1ZH,27ALEPK7569U6ZG,338427.91,2026-06-10,Unprocessed timber,false
27ZOOLX7194T4Z6,36MZJBD4917K5Z9,37325.80,2026-06-10,Crude polymer granules,true
27ZOOLX7194T4Z6,06YLMRX1588B6ZF,65344.39,2026-06-10,Bauxite,false
07HPZMN5057X8Z8,36FIYPN9843Q2Z7,1010203.39,2026-06-10,Auto spare kits,true
27XCGLU6888M7Z9,36MZJBD4917K5Z9,3175881.02,2026-06-11,Raw cotton bales,true
29CODLF5738S2ZV,29GHOXW1991A4ZA,69919.25,2026-06-11,Plywood panels,false
24UPLTN9627B4Z5,32ZJXEX3262M8ZI,23192.67,2026-06-11,Steel coils,true
29FKTQX9100V7ZB,06WAFKG4621R2ZO,49407.89,2026-06-11,Assembled pump units,true
32OZGOZ2432H7ZB,36VLZNB9706Y8Z5,124713.47,2026-06-11,Assembled pump units,true
09LFTIT0622R5ZW,27ZPZQF8830A3ZR,294324.50,2026-06-11,Unprocessed timber,true
29JQZRD1863U2Z1,29QWAFK3462C2ZZ,249600.89,2026-06-11,Unprocessed timber,true
36WNVVM4926G7Z0,09EAVZF4445T5ZF,800000.00,2026-06-11,Trading goods - general,false
07AVUWO7886M4ZR,36WXXDM3871X2Z4,369797.37,2026-06-12,Packaged fittings,true
29CBPWW7946Z2ZA,36GNWQX9803V1ZI,1112721.91,2026-06-13,Bauxite,true
27XCGLU6888M7Z9,27ZPZQF8830A3ZR,215705.38,2026-06-13,Unprocessed timber,true
07AVUWO7886M4ZR,36WXXDM3871X2Z4,388825.41,2026-06-14,Furniture sets,true
29VHNFX9057Q9ZF,19YDRKQ8981G8Z0,81547.55,2026-06-14,Packaged fittings,true
19ELJJU0112Q1ZH,32OZGOZ2432H7ZB,19493.84,2026-06-15,Raw rubber sheets,true
32OZGOZ2432H7ZB,19YDRKQ8981G8Z0,130902.95,2026-06-15,Auto spare kits,true
36WXXDM3871X2Z4,06BAGOT5114I3ZB,154446.99,2026-06-15,Returned unsold stock,true
29QWAFK3462C2ZZ,19YDRKQ8981G8Z0,746496.92,2026-06-15,Packaged fittings,false
09AREDJ3750L1ZR,07AVUWO7886M4ZR,153021.92,2026-06-16,Cotton yarn,true
09EAVZF4445T5ZF,07LAEKR6024L4ZM,48411.09,2026-06-16,Garment lots,true
19UQTPQ2259G5ZS,07LAEKR6024L4ZM,398646.13,2026-06-16,Furniture sets,true
24XLEYG4981J6ZB,36OBMPC8728D9Z1,357777.54,2026-06-16,Auto spare kits,true
32JXXBH4534N8Z5,24YOQGQ4383D7ZJ,71563.46,2026-06-17,Assembled pump units,true
29NHUTK5280X8ZT,36WXXDM3871X2Z4,48948.37,2026-06-17,Furniture sets,true
32OZGOZ2432H7ZB,36VLZNB9706Y8Z5,134032.84,2026-06-17,Packaged fittings,true
06IEVQG3946F7ZP,24GYOUU9943P5ZV,1647358.30,2026-06-17,Warranty replacement units,true
09GJYTU8142N9ZG,32OZGOZ2432H7ZB,141563.81,2026-06-18,Unprocessed timber,true
09AREDJ3750L1ZR,32OZGOZ2432H7ZB,148999.09,2026-06-18,Cotton yarn,true
27ZXPIC6089I8ZK,24YOQGQ4383D7ZJ,280732.61,2026-06-18,Packaged fittings,true
29AUOHY9915P1Z9,32BEJPU7148L1Z5,300030.74,2026-06-18,General trading items,false
36WNVVM4926G7Z0,29KTEZO9632U3ZL,560000.00,2026-06-18,Industrial consumables (assorted),false
24XLEYG4981J6ZB,36GNWQX9803V1ZI,377823.76,2026-06-18,Assembled pump units,true
06FFMGW8098X2ZO,06FOYRN1089G8ZA,894584.81,2026-06-19,Packaged fittings,true
36OBMPC8728D9Z1,36OCSNL9677X2ZE,98009.51,2026-06-19,Kitchenware cartons,true
29VHNFX9057Q9ZF,36OCSNL9677X2ZE,135221.99,2026-06-19,Auto spare kits,true
36AMVEW0495U7ZQ,09EULJN4456L1ZL,120464.16,2026-06-19,Auto spare kits,true
29AUOHY9915P1Z9,07AVUWO7886M4ZR,999008.98,2026-06-19,General trading items,false
32DGWWG8013H9ZR,07SMIEI8471F2ZB,1677663.59,2026-06-20,Raw rubber sheets,true
06HMMKP3107F5ZD,19YDRKQ8981G8Z0,468389.20,2026-06-20,Cotton yarn,true
27XCGLU6888M7Z9,09YYSXC1878M7Z9,214518.25,2026-06-20,Bauxite,true
29AUOHY9915P1Z9,32ZJXEX3262M8ZI,1220000.00,2026-06-20,Trading goods - general,false
36WNVVM4926G7Z0,24HHIGA2305T5Z7,540000.00,2026-06-20,Trading goods - general,false
19GFKAV3735Q8ZB,36WNVVM4926G7Z0,297055.70,2026-06-20,Bauxite,false
32OZGOZ2432H7ZB,09EULJN4456L1ZL,139421.56,2026-06-21,Assembled pump units,true
19UQTPQ2259G5ZS,06WAFKG4621R2ZO,379564.09,2026-06-21,Garment lots,true
09YYSXC1878M7Z9,27ZPZQF8830A3ZR,1800000.00,2026-06-21,Industrial consumables (assorted),false
07KUQLA3240I4ZW,32IACFW7071R6ZE,134419.13,2026-06-21,Crude polymer granules,true
29AUOHY9915P1Z9,33PVFCK5757F9ZU,692886.73,2026-06-21,Mixed hardware consignment,false
36XEDXQ4487H8ZR,27DLLPY9697K6ZC,378353.32,2026-06-22,Moulded plastic parts,true
27SMUUO2665D2ZB,29QWAFK3462C2ZZ,229510.84,2026-06-22,Unprocessed timber,false
24HHIGA2305T5Z7,32ZJXEX3262M8ZI,54257.50,2026-06-23,Cotton yarn,true
06IEVQG3946F7ZP,36OCSNL9677X2ZE,421062.44,2026-06-23,Furniture sets,true
36WNVVM4926G7Z0,09EAVZF4445T5ZF,550000.00,2026-06-23,Trading goods - general,false
27ZOOLX7194T4Z6,06YLMRX1588B6ZF,78549.60,2026-06-24,Raw cotton bales,true
19VUHEQ8805P5ZR,29FKTQX9100V7ZB,59612.61,2026-06-24,Plywood panels,true
32OZGOZ2432H7ZB,06WAFKG4621R2ZO,115076.14,2026-06-24,Garment lots,true
19UKDFQ9474N1ZH,27ZPZQF8830A3ZR,169913.80,2026-06-24,Raw cotton bales,true
32NCEZY3306X8ZQ,36OCSNL9677X2ZE,479537.44,2026-06-24,Garment lots,true
29AUOHY9915P1Z9,32ZJXEX3262M8ZI,860000.00,2026-06-24,General trading items,false
29GCOAS1769B1ZC,24XLEYG4981J6ZB,427654.65,2026-06-24,Unprocessed timber,true
24HHIGA2305T5Z7,32ZJXEX3262M8ZI,58397.14,2026-06-25,Rubber gaskets,true
19VUHEQ8805P5ZR,29FKTQX9100V7ZB,69425.98,2026-06-25,Aluminium sheets,false
32ZJXEX3262M8ZI,36WXXDM3871X2Z4,244574.49,2026-06-25,Assembled pump units,true
07TUAFV0647D4Z4,36VLZNB9706Y8Z5,829681.44,2026-06-25,Auto spare kits,true
29AUOHY9915P1Z9,07TUAFV0647D4Z4,450000.00,2026-06-25,Trading goods - general,false
36WNVVM4926G7Z0,33GTKCX4322Y9ZI,840000.00,2026-06-25,Mixed hardware consignment,false
36OBMPC8728D9Z1,06FOYRN1089G8ZA,118757.50,2026-06-26,Packaged fittings,false
32OZGOZ2432H7ZB,06WAFKG4621R2ZO,118972.26,2026-06-26,Kitchenware cartons,false
32HRUDX5644S8Z9,32NCEZY3306X8ZQ,641944.96,2026-06-26,Iron ore,true
36WNVVM4926G7Z0,24ZMIAB1800N3ZA,160000.00,2026-06-26,Trading goods - general,false
32OZGOZ2432H7ZB,36FIYPN9843Q2Z7,99112.69,2026-06-27,Furniture sets,true
29AUOHY9915P1Z9,07AVUWO7886M4ZR,870526.92,2026-06-27,Trading goods - general,false
36WNVVM4926G7Z0,07SMIEI8471F2ZB,400000.00,2026-06-27,Mixed hardware consignment,false
29EFAZI5543B4ZA,27IOSSF2051N4ZH,579171.01,2026-06-28,Aluminium sheets,true
36XEDXQ4487H8ZR,27DLLPY9697K6ZC,405796.13,2026-06-28,Cotton yarn,true
06FAQAP4122I4ZE,36WXXDM3871X2Z4,144400.54,2026-06-28,Returned unsold stock,true
07BNXYN9705R3ZN,27AOFRX5672F4ZF,1950000.00,2026-06-28,Trading goods - general,true
27ZPZQF8830A3ZR,27JJWTQ8319K2ZQ,118186.88,2026-06-28,Furniture sets,true
29CBPWW7946Z2ZA,29VHNFX9057Q9ZF,218362.64,2026-06-28,Raw cotton bales,true
29AUOHY9915P1Z9,09EULJN4456L1ZL,600069.91,2026-06-28,Industrial consumables (assorted),false
29CBPWW7946Z2ZA,36XEDXQ4487H8ZR,370436.22,2026-06-29,Raw rubber sheets,true
29EFAZI5543B4ZA,29UTSSL5497K4Z2,620974.01,2026-06-29,Rubber gaskets,true
19VUHEQ8805P5ZR,27HMTFL8592A4ZD,74670.55,2026-06-29,Steel coils,true
27VMTID3305Z9Z1,06FOYRN1089G8ZA,15743.38,2026-06-29,Packaged fittings,true
36PPFOZ0403V7Z7,07LAEKR6024L4ZM,349351.67,2026-06-29,Assembled pump units,true
06RGXNS6258D5ZB,06FOYRN1089G8ZA,254001.61,2026-06-29,Assembled pump units,true
32CLEZO9487M4ZJ,07AVUWO7886M4ZR,850251.71,2026-06-30,Plywood panels,true
32CLEZO9487M4ZJ,07AVUWO7886M4ZR,827076.61,2026-06-30,Aluminium sheets,true
29FKTQX9100V7ZB,07LAEKR6024L4ZM,69745.78,2026-06-30,Kitchenware cartons,true
19CINWU1856P4ZV,24YOQGQ4383D7ZJ,194289.47,2026-06-30,Furniture sets,true
19GFKAV3735Q8ZB,29VHNFX9057Q9ZF,191972.39,2026-06-30,Unprocessed timber,true
29AUOHY9915P1Z9,24ZMIAB1800N3ZA,680060.79,2026-06-30,Mixed hardware consignment,false
33VSKKT9786Y3ZG,33ZBNHU0943P7ZR,638733.71,2026-07-01,Packaged fittings,true
07HPZMN5057X8Z8,06WAFKG4621R2ZO,1734787.65,2026-07-01,Kitchenware cartons,true
29EFAZI5543B4ZA,24YOQGQ4383D7ZJ,724626.66,2026-07-02,Rubber gaskets,true
27VMTID3305Z9Z1,06FOYRN1089G8ZA,14294.34,2026-07-02,Assembled pump units,true
29VHNFX9057Q9ZF,29PBJBI4063F3ZL,7930000.00,2026-07-02,Assorted electronic components,true
32IACFW7071R6ZE,24FULKL9431F6ZB,8320000.00,2026-07-02,Mixed hardware consignment,false
29PBJBI4063F3ZL,36UQXPA3525T3ZU,7920000.00,2026-07-02,General trading items,false
06YWWNO5198J8ZW,24FULKL9431F6ZB,173972.29,2026-07-02,Raw rubber sheets,true
33JCJFN2696A7ZH,07ABDII1174G9ZY,1636738.38,2026-07-03,Crude polymer granules,true
32BEJPU7148L1Z5,32OZGOZ2432H7ZB,165482.63,2026-07-03,Moulded plastic parts,true
07AVUWO7886M4ZR,06WAFKG4621R2ZO,379088.28,2026-07-03,Assembled pump units,true
36PPFOZ0403V7Z7,07LAEKR6024L4ZM,321160.55,2026-07-03,Furniture sets,false
09YYSXC1878M7Z9,24YOQGQ4383D7ZJ,62353.41,2026-07-03,Furniture sets,false
24XLEYG4981J6ZB,36EAVZD5995V1ZW,186075.40,2026-07-03,Kitchenware cartons,false
29CODLF5738S2ZV,06FFMGW8098X2ZO,70556.44,2026-07-04,Moulded plastic parts,true
06FFMGW8098X2ZO,36WXXDM3871X2Z4,1492344.22,2026-07-04,Kitchenware cartons,true
07TUAFV0647D4Z4,07LAEKR6024L4ZM,553027.68,2026-07-04,Auto spare kits,true
27ALEPK7569U6ZG,06WAFKG4621R2ZO,747786.22,2026-07-06,Auto spare kits,true
36OBMPC8728D9Z1,33ZBNHU0943P7ZR,86096.48,2026-07-06,Furniture sets,true
27XCGLU6888M7Z9,24FULKL9431F6ZB,221418.36,2026-07-07,Raw rubber sheets,true
24FULKL9431F6ZB,36WXXDM3871X2Z4,135030.58,2026-07-07,Furniture sets,true
36WNVVM4926G7Z0,19ZJYJV7014C7ZU,300000.00,2026-07-08,Miscellaneous industrial goods,false
27ZOOLX7194T4Z6,07AVUWO7886M4ZR,75892.69,2026-07-09,Bauxite,false
07SMIEI8471F2ZB,24YOQGQ4383D7ZJ,752514.11,2026-07-09,Cotton yarn,true
36PPFOZ0403V7Z7,07LAEKR6024L4ZM,320854.98,2026-07-09,Auto spare kits,true
06RANFK6405V9Z5,27JJWTQ8319K2ZQ,462596.07,2026-07-09,Garment lots,true
36AMVEW0495U7ZQ,32IACFW7071R6ZE,7760000.00,2026-07-09,General trading items,false
29GCOAS1769B1ZC,07NUJPG7828Q1ZF,891069.90,2026-07-09,Unprocessed timber,true
19ELJJU0112Q1ZH,32OZGOZ2432H7ZB,15153.97,2026-07-11,Raw cotton bales,false
27LQOKU1297U4Z3,24WDFFK6372L6ZG,919298.75,2026-07-11,Assembled pump units,true
32NCEZY3306X8ZQ,36WXXDM3871X2Z4,433610.99,2026-07-11,Assembled pump units,false
29AUOHY9915P1Z9,07UAULE5677X8ZE,540000.00,2026-07-11,Assorted electronic components,false
27SMUUO2665D2ZB,27WIYMC1225Z2ZK,985262.40,2026-07-12,Iron ore,true
06WTKXB3624X2ZZ,06RANFK6405V9Z5,1093449.49,2026-07-12,Aluminium sheets,false
24XLEYG4981J6ZB,33ZBNHU0943P7ZR,270000.00,2026-07-12,Packaged fittings,true
19ELJJU0112Q1ZH,32OZGOZ2432H7ZB,15802.60,2026-07-13,Raw cotton bales,false
09GJYTU8142N9ZG,32OZGOZ2432H7ZB,127661.23,2026-07-13,Raw cotton bales,true
07AVUWO7886M4ZR,24YOQGQ4383D7ZJ,883472.35,2026-07-13,Packaged fittings,false
29VHNFX9057Q9ZF,29PBJBI4063F3ZL,8330000.00,2026-07-13,General trading items,false
32DGWWG8013H9ZR,32NCEZY3306X8ZQ,640179.66,2026-07-14,Raw cotton bales,true
29AUOHY9915P1Z9,29EFAZI5543B4ZA,1448958.92,2026-07-14,Miscellaneous industrial goods,false
36WNVVM4926G7Z0,36EAVZD5995V1ZW,656912.31,2026-07-14,Mixed hardware consignment,false
27ZOOLX7194T4Z6,36MZJBD4917K5Z9,46088.68,2026-07-15,Crude polymer granules,false
07KWILE8553U6ZA,33SXHBV5455Q3ZA,632630.91,2026-07-15,Cotton yarn,true
32CLEZO9487M4ZJ,07AVUWO7886M4ZR,717607.63,2026-07-15,Moulded plastic parts,true
29FKTQX9100V7ZB,07LAEKR6024L4ZM,70674.55,2026-07-15,Kitchenware cartons,true
27IOSSF2051N4ZH,24YOQGQ4383D7ZJ,178836.95,2026-07-15,Auto spare kits,true
24FULKL9431F6ZB,29VHNFX9057Q9ZF,7810000.00,2026-07-15,General trading items,false
29AUOHY9915P1Z9,19CINWU1856P4ZV,850000.00,2026-07-15,Trading goods - general,false
36WNVVM4926G7Z0,32OZGOZ2432H7ZB,490000.00,2026-07-15,Assorted electronic components,false
36WNVVM4926G7Z0,19YDRKQ8981G8Z0,340000.00,2026-07-15,Miscellaneous industrial goods,false
19UKDFQ9474N1ZH,07TUAFV0647D4Z4,658320.29,2026-07-16,Bauxite,true
07AVUWO7886M4ZR,36WXXDM3871X2Z4,379046.99,2026-07-16,Auto spare kits,true
33SXHBV5455Q3ZA,07LAEKR6024L4ZM,237598.04,2026-07-16,Kitchenware cartons,true
09YYSXC1878M7Z9,06FOYRN1089G8ZA,120225.42,2026-07-16,Packaged fittings,true
24FULKL9431F6ZB,06WAFKG4621R2ZO,151572.72,2026-07-16,Furniture sets,true
29AUOHY9915P1Z9,07UAULE5677X8ZE,470000.00,2026-07-16,Trading goods - general,false
32DGWWG8013H9ZR,07SMIEI8471F2ZB,1456134.08,2026-07-17,Iron ore,true
29NHUTK5280X8ZT,36WXXDM3871X2Z4,50134.37,2026-07-17,Assembled pump units,true
32NCEZY3306X8ZQ,33GTKCX4322Y9ZI,610706.76,2026-07-17,Assembled pump units,true
29AUOHY9915P1Z9,24ZMIAB1800N3ZA,846604.78,2026-07-17,Trading goods - general,false
36WNVVM4926G7Z0,32OZGOZ2432H7ZB,850000.00,2026-07-17,Mixed hardware consignment,false
07DHLRI6338N6ZW,19ZJYJV7014C7ZU,187919.25,2026-07-18,Unprocessed timber,true
27ZOOLX7194T4Z6,32OZGOZ2432H7ZB,74290.09,2026-07-18,Raw rubber sheets,true
29EFAZI5543B4ZA,24YOQGQ4383D7ZJ,695440.50,2026-07-18,Steel coils,true
32JXXBH4534N8Z5,24YOQGQ4383D7ZJ,71142.32,2026-07-19,Assembled pump units,true
27ZXPIC6089I8ZK,24YOQGQ4383D7ZJ,335945.88,2026-07-19,Garment lots,true
07KWILE8553U6ZA,24WDFFK6372L6ZG,673301.68,2026-07-20,Plywood panels,true
24FULKL9431F6ZB,06BAGOT5114I3ZB,148608.51,2026-07-20,Garment lots,true
32NCEZY3306X8ZQ,06RPWDU5021D3Z1,432136.50,2026-07-20,Warranty replacement units,false
36WNVVM4926G7Z0,32JXXBH4534N8Z5,520000.00,2026-07-20,Industrial consumables (assorted),false
07KWILE8553U6ZA,07LAEKR6024L4ZM,294486.46,2026-07-21,Cotton yarn,true
29CODLF5738S2ZV,07HPZMN5057X8Z8,85367.25,2026-07-21,Plywood panels,true
27DLLPY9697K6ZC,24YOQGQ4383D7ZJ,259952.67,2026-07-21,Assembled pump units,true
07BNXYN9705R3ZN,36EAVZD5995V1ZW,87578.54,2026-07-21,Furniture sets,false
36WNVVM4926G7Z0,27ALEPK7569U6ZG,291972.81,2026-07-21,Assorted electronic components,false
29GCOAS1769B1ZC,29EFAZI5543B4ZA,53436.44,2026-07-22,Iron ore,true
24HHIGA2305T5Z7,32ZJXEX3262M8ZI,56177.97,2026-07-22,Steel coils,true
32IACFW7071R6ZE,24FULKL9431F6ZB,8070000.00,2026-07-22,Mixed hardware consignment,false
32ZJXEX3262M8ZI,06FAQAP4122I4ZE,237912.06,2026-07-23,Garment lots,false
06YWWNO5198J8ZW,32NCEZY3306X8ZQ,306305.08,2026-07-23,Raw rubber sheets,true
09AREDJ3750L1ZR,32OZGOZ2432H7ZB,117839.12,2026-07-24,Plywood panels,true
24HHIGA2305T5Z7,32ZJXEX3262M8ZI,58590.86,2026-07-24,Rubber gaskets,true
27ZXPIC6089I8ZK,24YOQGQ4383D7ZJ,326448.52,2026-07-24,Kitchenware cartons,true
07HPZMN5057X8Z8,33ZBNHU0943P7ZR,765009.68,2026-07-24,Auto spare kits,true
36WNVVM4926G7Z0,29KTEZO9632U3ZL,410000.00,2026-07-24,Assorted electronic components,false
27ZOOLX7194T4Z6,36MZJBD4917K5Z9,43168.39,2026-07-25,Crude polymer granules,true
36UQXPA3525T3ZU,36AMVEW0495U7ZQ,7880000.00,2026-07-25,Industrial consumables (assorted),false
29PBJBI4063F3ZL,36UQXPA3525T3ZU,7920000.00,2026-07-25,Trading goods - general,false
36WNVVM4926G7Z0,27ALEPK7569U6ZG,280000.00,2026-07-25,General trading items,false
19GFKAV3735Q8ZB,09YYSXC1878M7Z9,217466.98,2026-07-26,Raw cotton bales,true
36WNVVM4926G7Z0,19YDRKQ8981G8Z0,560000.00,2026-07-26,General trading items,false
33JCJFN2696A7ZH,07KWILE8553U6ZA,1817211.10,2026-07-27,Iron ore,true
24HHIGA2305T5Z7,33SXHBV5455Q3ZA,76241.00,2026-07-27,Rubber gaskets,true
32ZJXEX3262M8ZI,36OCSNL9677X2ZE,274937.70,2026-07-27,Auto spare kits,true
19GFKAV3735Q8ZB,29AUOHY9915P1Z9,1304442.12,2026-07-27,Raw cotton bales,true
19VUHEQ8805P5ZR,27HMTFL8592A4ZD,76843.10,2026-07-28,Moulded plastic parts,true
27ZXPIC6089I8ZK,24YOQGQ4383D7ZJ,304773.27,2026-07-28,Auto spare kits,true
36WXXDM3871X2Z4,06BAGOT5114I3ZB,147701.38,2026-07-28,Inter-branch stock transfer,true
29PBJBI4063F3ZL,36UQXPA3525T3ZU,8380000.00,2026-07-28,Assorted electronic components,false
32DGWWG8013H9ZR,29VHNFX9057Q9ZF,199810.26,2026-07-28,Crude polymer granules,true
36WNVVM4926G7Z0,19ZJYJV7014C7ZU,260000.00,2026-07-28,Assorted electronic components,false
09AREDJ3750L1ZR,36GNWQX9803V1ZI,198927.78,2026-07-29,Cotton yarn,true
29CODLF5738S2ZV,27HMTFL8592A4ZD,44037.37,2026-07-29,Steel coils,true
36UQXPA3525T3ZU,36AMVEW0495U7ZQ,8340000.00,2026-07-29,Industrial consumables (assorted),false
24XLEYG4981J6ZB,06FHVNT7733I5ZV,235177.83,2026-07-29,Trading goods - assorted,true
29GCOAS1769B1ZC,06RANFK6405V9Z5,80647.10,2026-07-30,Iron ore,true
36UQXPA3525T3ZU,36AMVEW0495U7ZQ,7840000.00,2026-07-30,General trading items,false
36WNVVM4926G7Z0,27JJWTQ8319K2ZQ,500000.00,2026-07-30,Miscellaneous industrial goods,false
27DLLPY9697K6ZC,29EEEDM1207Z5ZI,200077.02,2026-07-31,Garment lots,true
36AMVEW0495U7ZQ,32IACFW7071R6ZE,8080000.00,2026-07-31,Miscellaneous industrial goods,false
29AUOHY9915P1Z9,29KTEZO9632U3ZL,850213.82,2026-07-31,Mixed hardware consignment,false
29GCOAS1769B1ZC,32ZJXEX3262M8ZI,111226.40,2026-08-01,Crude polymer granules,true
29UTSSL5497K4Z2,36EAVZD5995V1ZW,191207.07,2026-08-01,Packaged fittings,false
33JCJFN2696A7ZH,07BNXYN9705R3ZN,72367.87,2026-08-01,Raw rubber sheets,true
29JQZRD1863U2Z1,29EFAZI5543B4ZA,225014.18,2026-08-02,Bauxite,true
36OBMPC8728D9Z1,36VLZNB9706Y8Z5,124434.30,2026-08-02,Garment lots,true
27IOSSF2051N4ZH,36OCSNL9677X2ZE,80174.35,2026-08-02,Assembled pump units,true
27DLLPY9697K6ZC,06FAQAP4122I4ZE,123178.87,2026-08-02,Garment lots,true
29UTSSL5497K4Z2,24QZZUH6664T7ZI,7737985.80,2026-08-02,Packaged fittings,true
07BNXYN9705R3ZN,36OCSNL9677X2ZE,160135.28,2026-08-02,Assembled pump units,true
27ZOOLX7194T4Z6,27AOFRX5672F4ZF,268271.95,2026-08-02,Unprocessed timber,true
29JQZRD1863U2Z1,29KTEZO9632U3ZL,138493.38,2026-08-03,Unprocessed timber,false
27DLLPY9697K6ZC,36EAVZD5995V1ZW,191761.00,2026-08-03,Auto spare kits,true
07HPZMN5057X8Z8,36FIYPN9843Q2Z7,1255904.53,2026-08-04,Auto spare kits,true
27XCGLU6888M7Z9,06YLMRX1588B6ZF,2405303.90,2026-08-05,Raw rubber sheets,true
27ZOOLX7194T4Z6,36XEDXQ4487H8ZR,69988.17,2026-08-05,Raw cotton bales,true
27ZOOLX7194T4Z6,07AVUWO7886M4ZR,72820.49,2026-08-05,Raw rubber sheets,true
33SXHBV5455Q3ZA,07LAEKR6024L4ZM,290276.86,2026-08-05,Assembled pump units,false
27ZPZQF8830A3ZR,07BNXYN9705R3ZN,1810000.00,2026-08-05,Industrial consumables (assorted),false
32DGWWG8013H9ZR,27WIYMC1225Z2ZK,1407314.53,2026-08-06,Raw rubber sheets,true
19VUHEQ8805P5ZR,06RGXNS6258D5ZB,97549.61,2026-08-06,Cotton yarn,true
07AVUWO7886M4ZR,06WAFKG4621R2ZO,398179.67,2026-08-06,Assembled pump units,true
27ZOOLX7194T4Z6,07AVUWO7886M4ZR,75535.81,2026-08-07,Crude polymer granules,false
07KWILE8553U6ZA,07AVUWO7886M4ZR,762463.61,2026-08-07,Aluminium sheets,true
07AVUWO7886M4ZR,24YOQGQ4383D7ZJ,716479.58,2026-08-07,Kitchenware cartons,true
07AVUWO7886M4ZR,24YOQGQ4383D7ZJ,811383.14,2026-08-07,Kitchenware cartons,true
29VHNFX9057Q9ZF,29PBJBI4063F3ZL,8050000.00,2026-08-07,Assorted electronic components,false
06FFMGW8098X2ZO,36EAVZD5995V1ZW,1467666.27,2026-08-08,Garment lots,true
29PBJBI4063F3ZL,33GTKCX4322Y9ZI,201178.44,2026-08-08,Furniture sets,false
24SVGIC0584E3ZH,29EEEDM1207Z5ZI,176005.21,2026-08-09,Rubber gaskets,true
19UQTPQ2259G5ZS,24YOQGQ4383D7ZJ,352756.65,2026-08-09,Assembled pump units,true
29GCOAS1769B1ZC,09YYSXC1878M7Z9,157900.74,2026-08-09,Iron ore,true
09AREDJ3750L1ZR,32OZGOZ2432H7ZB,136867.76,2026-08-10,Aluminium sheets,true
27AOFRX5672F4ZF,09YYSXC1878M7Z9,1950000.00,2026-08-10,Mixed hardware consignment,false
27SMUUO2665D2ZB,33PVFCK5757F9ZU,708580.17,2026-08-11,Bauxite,true
07SMIEI8471F2ZB,24YOQGQ4383D7ZJ,786252.72,2026-08-11,Aluminium sheets,true
33SXHBV5455Q3ZA,09EULJN4456L1ZL,505835.99,2026-08-11,Garment lots,true
27ZPZQF8830A3ZR,07BNXYN9705R3ZN,2010000.00,2026-08-11,Assorted electronic components,false
06BYUOB2814C3Z6,24YOQGQ4383D7ZJ,41256.19,2026-08-12,Cotton yarn,true
06FFMGW8098X2ZO,36OCSNL9677X2ZE,973777.09,2026-08-12,Packaged fittings,true
27DLLPY9697K6ZC,36EAVZD5995V1ZW,204877.20,2026-08-13,Assembled pump units,true
36AMVEW0495U7ZQ,32IACFW7071R6ZE,8390000.00,2026-08-13,Miscellaneous industrial goods,false
36UQXPA3525T3ZU,36AMVEW0495U7ZQ,8250000.00,2026-08-13,Industrial consumables (assorted),false
24FULKL9431F6ZB,24YOQGQ4383D7ZJ,176421.36,2026-08-13,Auto spare kits,true
06HMMKP3107F5ZD,29EEEDM1207Z5ZI,310301.94,2026-08-14,Cotton yarn,true
07TUAFV0647D4Z4,24YOQGQ4383D7ZJ,418183.22,2026-08-14,Kitchenware cartons,true
19PLHHW1016H9ZF,07LAEKR6024L4ZM,1550656.19,2026-08-14,Garment lots,true
27AOFRX5672F4ZF,09YYSXC1878M7Z9,2030000.00,2026-08-14,Industrial consumables (assorted),false
32IACFW7071R6ZE,24FULKL9431F6ZB,7940000.00,2026-08-14,Mixed hardware consignment,false
24FULKL9431F6ZB,29VHNFX9057Q9ZF,8220000.00,2026-08-14,Mixed hardware consignment,false
27ZOOLX7194T4Z6,32OZGOZ2432H7ZB,61936.83,2026-08-15,Crude polymer granules,true
36OBMPC8728D9Z1,19YDRKQ8981G8Z0,82600.37,2026-08-15,Garment lots,true
09LFTIT0622R5ZW,32CLEZO9487M4ZJ,105293.67,2026-08-16,Bauxite,true
24FULKL9431F6ZB,29VHNFX9057Q9ZF,7840000.00,2026-08-16,Trading goods - general,true
32CLEZO9487M4ZJ,07AVUWO7886M4ZR,876496.60,2026-08-17,Steel coils,true
07AVUWO7886M4ZR,36WXXDM3871X2Z4,494220.80,2026-08-17,Furniture sets,false
32JXXBH4534N8Z5,24YOQGQ4383D7ZJ,62974.08,2026-08-17,Packaged fittings,true
24FULKL9431F6ZB,36OCSNL9677X2ZE,205793.94,2026-08-17,Kitchenware cartons,true
32IACFW7071R6ZE,24FULKL9431F6ZB,7880000.00,2026-08-18,Trading goods - general,true
29VHNFX9057Q9ZF,29PBJBI4063F3ZL,7850000.00,2026-08-18,Assorted electronic components,false
24SVGIC0584E3ZH,07AVUWO7886M4ZR,206965.68,2026-08-19,Rubber gaskets,true
27SMUUO2665D2ZB,36UQXPA3525T3ZU,154917.13,2026-08-19,Bauxite,false
06BYUOB2814C3Z6,27DLLPY9697K6ZC,65283.23,2026-08-20,Cotton yarn,true
29UTSSL5497K4Z2,19YDRKQ8981G8Z0,128039.46,2026-08-20,Kitchenware cartons,true
29PBJBI4063F3ZL,36UQXPA3525T3ZU,7950000.00,2026-08-20,Assorted electronic components,false
09AREDJ3750L1ZR,07AVUWO7886M4ZR,146403.39,2026-08-21,Rubber gaskets,true
27IOSSF2051N4ZH,24YOQGQ4383D7ZJ,152700.30,2026-08-21,Kitchenware cartons,true
36AMVEW0495U7ZQ,32IACFW7071R6ZE,8270000.00,2026-08-21,Assorted electronic components,false
24XLEYG4981J6ZB,07UAULE5677X8ZE,254886.73,2026-08-21,Furniture sets,false
06RANFK6405V9Z5,29EEEDM1207Z5ZI,349444.61,2026-08-22,Auto spare kits,true
29CBPWW7946Z2ZA,09YYSXC1878M7Z9,289404.65,2026-08-22,Raw rubber sheets,true
07KWILE8553U6ZA,06BAGOT5114I3ZB,622511.10,2026-08-23,Plywood panels,true
24FULKL9431F6ZB,29VHNFX9057Q9ZF,8420000.00,2026-08-23,Assorted electronic components,false
29JQZRD1863U2Z1,36AMVEW0495U7ZQ,91790.87,2026-08-23,Iron ore,true
07AVUWO7886M4ZR,24YOQGQ4383D7ZJ,674048.82,2026-08-24,Auto spare kits,true
07ONTHA8211P8ZV,36VLZNB9706Y8Z5,146330.72,2026-08-24,Assembled pump units,false
29VHNFX9057Q9ZF,06FAQAP4122I4ZE,89593.46,2026-08-24,Assembled pump units,true
09LFTIT0622R5ZW,27WIYMC1225Z2ZK,90384.96,2026-08-26,Unprocessed timber,true
27ZOOLX7194T4Z6,07AVUWO7886M4ZR,79256.04,2026-08-26,Crude polymer granules,true
09AREDJ3750L1ZR,32OZGOZ2432H7ZB,119555.78,2026-08-26,Moulded plastic parts,true
29EEEDM1207Z5ZI,09EULJN4456L1ZL,189732.47,2026-08-26,Inter-branch stock transfer,true
19UKDFQ9474N1ZH,36UQXPA3525T3ZU,120303.56,2026-08-26,Raw cotton bales,true
07KUQLA3240I4ZW,36XEDXQ4487H8ZR,615943.14,2026-08-27,Iron ore,true
07KUQLA3240I4ZW,06RANFK6405V9Z5,756216.47,2026-08-27,Unprocessed timber,true
07KWILE8553U6ZA,07AVUWO7886M4ZR,660929.72,2026-08-27,Aluminium sheets,true
07AVUWO7886M4ZR,36WXXDM3871X2Z4,469198.28,2026-08-27,Packaged fittings,true
